ISO-10303-21;
HEADER;

/* File generated by Shapr3D Version 26.113.0.11178 */

FILE_DESCRIPTION(('HOOPS Exchange Step'),'2;1');

FILE_NAME('/private/var/mobile/Containers/Data/Application/701E9586-0BE6-47CC-BE51-8900D4837859/tmp/export/temp_export',
'2026-08-30T15:21:00+02:00',
('mobile'),
('Shapr3D Limited'),
'HOOPS Exchange 2026.3',
'Shapr3D',
'Authorized');

FILE_SCHEMA( ('AP242_MANAGED_MODEL_BASED_3D_ENGINEERING_MIM_LF {1 0 10303 442 1 1 4}') );

ENDSEC;

DATA;
#3=(NAMED_UNIT(*)PLANE_ANGLE_UNIT()SI_UNIT($,.RADIAN.));
#4=PLANE_ANGLE_MEASURE_WITH_UNIT(PLANE_ANGLE_MEASURE(0.0174532925),#3);
#5=(CONVERSION_BASED_UNIT('DEGREE',#4)NAMED_UNIT(#6)PLANE_ANGLE_UNIT());
#6=DIMENSIONAL_EXPONENTS(0.,0.,0.,0.,0.,0.,0.);
#7=(NAMED_UNIT(*)SI_UNIT($,.STERADIAN.)SOLID_ANGLE_UNIT());
#8=(LENGTH_UNIT()NAMED_UNIT(*)SI_UNIT(.MILLI.,.METRE.));
#9=UNCERTAINTY_MEASURE_WITH_UNIT(LENGTH_MEASURE(1.000000E-05),#8,'DISTANCE_ACCURACY_VALUE','Maximum Tolerance applied to model');
#10=(GEOMETRIC_REPRESENTATION_CONTEXT(3)GLOBAL_UNCERTAINTY_ASSIGNED_CONTEXT((#9))GLOBAL_UNIT_ASSIGNED_CONTEXT((#8,#5,#7))REPRESENTATION_CONTEXT('','root'));
#12=CARTESIAN_POINT('',(0.,0.,0.));
#13=DIRECTION('',(0.,0.,1.));
#14=DIRECTION('',(1.,0.,0.));
#15=AXIS2_PLACEMENT_3D('',#12,#13,#14);
#27=CARTESIAN_POINT('',(29.552378153,-267.532566515,4.561697185));
#28=DIRECTION('',(0.,0.,1.));
#29=DIRECTION('',(1.,0.,0.));
#30=AXIS2_PLACEMENT_3D('',#27,#28,#29);
#31=PLANE('',#30);
#32=CARTESIAN_POINT('',(25.527295979,-136.95861786,4.561697185));
#33=VERTEX_POINT('',#32);
#34=CARTESIAN_POINT('',(24.077295979,-136.95861786,4.561697185));
#35=DIRECTION('',(0.,0.,1.));
#36=DIRECTION('',(1.,0.,-0.));
#37=AXIS2_PLACEMENT_3D('',#34,#35,#36);
#38=CIRCLE('',#37,1.45);
#39=EDGE_CURVE('',#33,#33,#38,.T.);
#40=ORIENTED_EDGE('',*,*,#39,.F.);
#41=EDGE_LOOP('',(#40));
#42=FACE_BOUND('',#41,.T.);
#43=CARTESIAN_POINT('',(427.309855763,-133.837896552,4.561697185));
#44=VERTEX_POINT('',#43);
#45=CARTESIAN_POINT('',(425.859855763,-133.837896552,4.561697185));
#46=DIRECTION('',(0.,0.,1.));
#47=DIRECTION('',(1.,0.,-0.));
#48=AXIS2_PLACEMENT_3D('',#45,#46,#47);
#49=CIRCLE('',#48,1.45);
#50=EDGE_CURVE('',#44,#44,#49,.T.);
#51=ORIENTED_EDGE('',*,*,#50,.F.);
#52=EDGE_LOOP('',(#51));
#53=FACE_BOUND('',#52,.T.);
#54=CARTESIAN_POINT('',(28.623505818,28.438430137,4.561697185));
#55=VERTEX_POINT('',#54);
#56=CARTESIAN_POINT('',(27.173505818,28.438430137,4.561697185));
#57=DIRECTION('',(0.,0.,1.));
#58=DIRECTION('',(1.,0.,-0.));
#59=AXIS2_PLACEMENT_3D('',#56,#57,#58);
#60=CIRCLE('',#59,1.45);
#61=EDGE_CURVE('',#55,#55,#60,.T.);
#62=ORIENTED_EDGE('',*,*,#61,.F.);
#63=EDGE_LOOP('',(#62));
#64=FACE_BOUND('',#63,.T.);
#65=CARTESIAN_POINT('',(227.002378153,-10.422566515,4.561697185));
#66=VERTEX_POINT('',#65);
#67=CARTESIAN_POINT('',(242.602378153,-10.422566515,4.561697185));
#68=VERTEX_POINT('',#67);
#69=CARTESIAN_POINT('',(227.002378153,-10.422566515,4.561697185));
#70=DIRECTION('',(1.,0.,-0.));
#71=VECTOR('',#70,15.6);
#72=LINE('',#69,#71);
#73=EDGE_CURVE('',#66,#68,#72,.T.);
#74=ORIENTED_EDGE('',*,*,#73,.F.);
#75=CARTESIAN_POINT('',(227.002378153,5.177433485,4.561697185));
#76=VERTEX_POINT('',#75);
#77=CARTESIAN_POINT('',(227.002378153,5.177433485,4.561697185));
#78=DIRECTION('',(0.,-1.,0.));
#79=VECTOR('',#78,15.6);
#80=LINE('',#77,#79);
#81=EDGE_CURVE('',#76,#66,#80,.T.);
#82=ORIENTED_EDGE('',*,*,#81,.F.);
#83=CARTESIAN_POINT('',(242.602378153,5.177433485,4.561697185));
#84=VERTEX_POINT('',#83);
#85=CARTESIAN_POINT('',(242.602378153,5.177433485,4.561697185));
#86=DIRECTION('',(-1.,0.,0.));
#87=VECTOR('',#86,15.6);
#88=LINE('',#85,#87);
#89=EDGE_CURVE('',#84,#76,#88,.T.);
#90=ORIENTED_EDGE('',*,*,#89,.F.);
#91=CARTESIAN_POINT('',(242.602378153,-10.422566515,4.561697185));
#92=DIRECTION('',(0.,1.,0.));
#93=VECTOR('',#92,15.6);
#94=LINE('',#91,#93);
#95=EDGE_CURVE('',#68,#84,#94,.T.);
#96=ORIENTED_EDGE('',*,*,#95,.F.);
#97=EDGE_LOOP('',(#74,#82,#90,#96));
#98=FACE_BOUND('',#97,.T.);
#99=CARTESIAN_POINT('',(49.202378153,-97.417566515,4.561697185));
#100=VERTEX_POINT('',#99);
#101=CARTESIAN_POINT('',(64.802378153,-97.417566515,4.561697185));
#102=VERTEX_POINT('',#101);
#103=CARTESIAN_POINT('',(49.202378153,-97.417566515,4.561697185));
#104=DIRECTION('',(1.,0.,-0.));
#105=VECTOR('',#104,15.6);
#106=LINE('',#103,#105);
#107=EDGE_CURVE('',#100,#102,#106,.T.);
#108=ORIENTED_EDGE('',*,*,#107,.F.);
#109=CARTESIAN_POINT('',(49.202378153,-81.817566515,4.561697185));
#110=VERTEX_POINT('',#109);
#111=CARTESIAN_POINT('',(49.202378153,-97.417566515,4.561697185));
#112=DIRECTION('',(0.,1.,0.));
#113=VECTOR('',#112,15.6);
#114=LINE('',#111,#113);
#115=EDGE_CURVE('',#100,#110,#114,.T.);
#116=ORIENTED_EDGE('',*,*,#115,.T.);
#117=CARTESIAN_POINT('',(64.802378153,-81.817566515,4.561697185));
#118=VERTEX_POINT('',#117);
#119=CARTESIAN_POINT('',(49.202378153,-81.817566515,4.561697185));
#120=DIRECTION('',(1.,0.,-0.));
#121=VECTOR('',#120,15.6);
#122=LINE('',#119,#121);
#123=EDGE_CURVE('',#110,#118,#122,.T.);
#124=ORIENTED_EDGE('',*,*,#123,.T.);
#125=CARTESIAN_POINT('',(64.802378153,-97.417566515,4.561697185));
#126=DIRECTION('',(0.,1.,0.));
#127=VECTOR('',#126,15.6);
#128=LINE('',#125,#127);
#129=EDGE_CURVE('',#102,#118,#128,.T.);
#130=ORIENTED_EDGE('',*,*,#129,.F.);
#131=EDGE_LOOP('',(#108,#116,#124,#130));
#132=FACE_BOUND('',#131,.T.);
#133=CARTESIAN_POINT('',(333.872378153,-53.602566515,4.561697185));
#134=VERTEX_POINT('',#133);
#135=CARTESIAN_POINT('',(333.872378153,-38.002566515,4.561697185));
#136=VERTEX_POINT('',#135);
#137=CARTESIAN_POINT('',(333.872378153,-53.602566515,4.561697185));
#138=DIRECTION('',(0.,1.,0.));
#139=VECTOR('',#138,15.6);
#140=LINE('',#137,#139);
#141=EDGE_CURVE('',#134,#136,#140,.T.);
#142=ORIENTED_EDGE('',*,*,#141,.F.);
#143=CARTESIAN_POINT('',(318.272378153,-53.602566515,4.561697185));
#144=VERTEX_POINT('',#143);
#145=CARTESIAN_POINT('',(318.272378153,-53.602566515,4.561697185));
#146=DIRECTION('',(1.,0.,-0.));
#147=VECTOR('',#146,15.6);
#148=LINE('',#145,#147);
#149=EDGE_CURVE('',#144,#134,#148,.T.);
#150=ORIENTED_EDGE('',*,*,#149,.F.);
#151=CARTESIAN_POINT('',(318.272378153,-38.002566515,4.561697185));
#152=VERTEX_POINT('',#151);
#153=CARTESIAN_POINT('',(318.272378153,-53.602566515,4.561697185));
#154=DIRECTION('',(0.,1.,0.));
#155=VECTOR('',#154,15.6);
#156=LINE('',#153,#155);
#157=EDGE_CURVE('',#144,#152,#156,.T.);
#158=ORIENTED_EDGE('',*,*,#157,.T.);
#159=CARTESIAN_POINT('',(318.272378153,-38.002566515,4.561697185));
#160=DIRECTION('',(1.,0.,-0.));
#161=VECTOR('',#160,15.6);
#162=LINE('',#159,#161);
#163=EDGE_CURVE('',#152,#136,#162,.T.);
#164=ORIENTED_EDGE('',*,*,#163,.T.);
#165=EDGE_LOOP('',(#142,#150,#158,#164));
#166=FACE_BOUND('',#165,.T.);
#167=CARTESIAN_POINT('',(188.902378153,-53.602566515,4.561697185));
#168=VERTEX_POINT('',#167);
#169=CARTESIAN_POINT('',(204.502378153,-53.602566515,4.561697185));
#170=VERTEX_POINT('',#169);
#171=CARTESIAN_POINT('',(188.902378153,-53.602566515,4.561697185));
#172=DIRECTION('',(1.,0.,-0.));
#173=VECTOR('',#172,15.6);
#174=LINE('',#171,#173);
#175=EDGE_CURVE('',#168,#170,#174,.T.);
#176=ORIENTED_EDGE('',*,*,#175,.F.);
#177=CARTESIAN_POINT('',(188.902378153,-38.002566515,4.561697185));
#178=VERTEX_POINT('',#177);
#179=CARTESIAN_POINT('',(188.902378153,-53.602566515,4.561697185));
#180=DIRECTION('',(0.,1.,0.));
#181=VECTOR('',#180,15.6);
#182=LINE('',#179,#181);
#183=EDGE_CURVE('',#168,#178,#182,.T.);
#184=ORIENTED_EDGE('',*,*,#183,.T.);
#185=CARTESIAN_POINT('',(204.502378153,-38.002566515,4.561697185));
#186=VERTEX_POINT('',#185);
#187=CARTESIAN_POINT('',(204.502378153,-38.002566515,4.561697185));
#188=DIRECTION('',(-1.,0.,0.));
#189=VECTOR('',#188,15.6);
#190=LINE('',#187,#189);
#191=EDGE_CURVE('',#186,#178,#190,.T.);
#192=ORIENTED_EDGE('',*,*,#191,.F.);
#193=CARTESIAN_POINT('',(204.502378153,-53.602566515,4.561697185));
#194=DIRECTION('',(0.,1.,0.));
#195=VECTOR('',#194,15.6);
#196=LINE('',#193,#195);
#197=EDGE_CURVE('',#170,#186,#196,.T.);
#198=ORIENTED_EDGE('',*,*,#197,.F.);
#199=EDGE_LOOP('',(#176,#184,#192,#198));
#200=FACE_BOUND('',#199,.T.);
#201=CARTESIAN_POINT('',(80.952378153,-53.602566515,4.561697185));
#202=VERTEX_POINT('',#201);
#203=CARTESIAN_POINT('',(96.552378153,-53.602566515,4.561697185));
#204=VERTEX_POINT('',#203);
#205=CARTESIAN_POINT('',(80.952378153,-53.602566515,4.561697185));
#206=DIRECTION('',(1.,0.,-0.));
#207=VECTOR('',#206,15.6);
#208=LINE('',#205,#207);
#209=EDGE_CURVE('',#202,#204,#208,.T.);
#210=ORIENTED_EDGE('',*,*,#209,.F.);
#211=CARTESIAN_POINT('',(80.952378153,-38.002566515,4.561697185));
#212=VERTEX_POINT('',#211);
#213=CARTESIAN_POINT('',(80.952378153,-38.002566515,4.561697185));
#214=DIRECTION('',(0.,-1.,0.));
#215=VECTOR('',#214,15.6);
#216=LINE('',#213,#215);
#217=EDGE_CURVE('',#212,#202,#216,.T.);
#218=ORIENTED_EDGE('',*,*,#217,.F.);
#219=CARTESIAN_POINT('',(96.552378153,-38.002566515,4.561697185));
#220=VERTEX_POINT('',#219);
#221=CARTESIAN_POINT('',(80.952378153,-38.002566515,4.561697185));
#222=DIRECTION('',(1.,0.,-0.));
#223=VECTOR('',#222,15.6);
#224=LINE('',#221,#223);
#225=EDGE_CURVE('',#212,#220,#224,.T.);
#226=ORIENTED_EDGE('',*,*,#225,.T.);
#227=CARTESIAN_POINT('',(96.552378153,-53.602566515,4.561697185));
#228=DIRECTION('',(0.,1.,0.));
#229=VECTOR('',#228,15.6);
#230=LINE('',#227,#229);
#231=EDGE_CURVE('',#204,#220,#230,.T.);
#232=ORIENTED_EDGE('',*,*,#231,.F.);
#233=EDGE_LOOP('',(#210,#218,#226,#232));
#234=FACE_BOUND('',#233,.T.);
#235=CARTESIAN_POINT('',(363.552378153,-34.532566515,4.561697185));
#236=VERTEX_POINT('',#235);
#237=CARTESIAN_POINT('',(368.552378153,-34.532566515,4.561697185));
#238=VERTEX_POINT('',#237);
#239=CARTESIAN_POINT('',(363.552378153,-34.532566515,4.561697185));
#240=DIRECTION('',(1.,0.,-0.));
#241=VECTOR('',#240,5.);
#242=LINE('',#239,#241);
#243=EDGE_CURVE('',#236,#238,#242,.T.);
#244=ORIENTED_EDGE('',*,*,#243,.F.);
#245=CARTESIAN_POINT('',(363.552378153,-14.532566515,4.561697185));
#246=VERTEX_POINT('',#245);
#247=CARTESIAN_POINT('',(363.552378153,-14.532566515,4.561697185));
#248=DIRECTION('',(0.,-1.,0.));
#249=VECTOR('',#248,20.);
#250=LINE('',#247,#249);
#251=EDGE_CURVE('',#246,#236,#250,.T.);
#252=ORIENTED_EDGE('',*,*,#251,.F.);
#253=CARTESIAN_POINT('',(368.552378153,-14.532566515,4.561697185));
#254=VERTEX_POINT('',#253);
#255=CARTESIAN_POINT('',(368.552378153,-14.532566515,4.561697185));
#256=DIRECTION('',(-1.,0.,0.));
#257=VECTOR('',#256,5.);
#258=LINE('',#255,#257);
#259=EDGE_CURVE('',#254,#246,#258,.T.);
#260=ORIENTED_EDGE('',*,*,#259,.F.);
#261=CARTESIAN_POINT('',(368.552378153,-34.532566515,4.561697185));
#262=DIRECTION('',(0.,1.,0.));
#263=VECTOR('',#262,20.);
#264=LINE('',#261,#263);
#265=EDGE_CURVE('',#238,#254,#264,.T.);
#266=ORIENTED_EDGE('',*,*,#265,.F.);
#267=EDGE_LOOP('',(#244,#252,#260,#266));
#268=FACE_BOUND('',#267,.T.);
#269=CARTESIAN_POINT('',(232.082378153,-53.602566515,4.561697185));
#270=VERTEX_POINT('',#269);
#271=CARTESIAN_POINT('',(247.682378153,-53.602566515,4.561697185));
#272=VERTEX_POINT('',#271);
#273=CARTESIAN_POINT('',(232.082378153,-53.602566515,4.561697185));
#274=DIRECTION('',(1.,0.,-0.));
#275=VECTOR('',#274,15.6);
#276=LINE('',#273,#275);
#277=EDGE_CURVE('',#270,#272,#276,.T.);
#278=ORIENTED_EDGE('',*,*,#277,.F.);
#279=CARTESIAN_POINT('',(232.082378153,-38.002566515,4.561697185));
#280=VERTEX_POINT('',#279);
#281=CARTESIAN_POINT('',(232.082378153,-38.002566515,4.561697185));
#282=DIRECTION('',(0.,-1.,0.));
#283=VECTOR('',#282,15.6);
#284=LINE('',#281,#283);
#285=EDGE_CURVE('',#280,#270,#284,.T.);
#286=ORIENTED_EDGE('',*,*,#285,.F.);
#287=CARTESIAN_POINT('',(247.682378153,-38.002566515,4.561697185));
#288=VERTEX_POINT('',#287);
#289=CARTESIAN_POINT('',(232.082378153,-38.002566515,4.561697185));
#290=DIRECTION('',(1.,0.,-0.));
#291=VECTOR('',#290,15.6);
#292=LINE('',#289,#291);
#293=EDGE_CURVE('',#280,#288,#292,.T.);
#294=ORIENTED_EDGE('',*,*,#293,.T.);
#295=CARTESIAN_POINT('',(247.682378153,-53.602566515,4.561697185));
#296=DIRECTION('',(0.,1.,0.));
#297=VECTOR('',#296,15.6);
#298=LINE('',#295,#297);
#299=EDGE_CURVE('',#272,#288,#298,.T.);
#300=ORIENTED_EDGE('',*,*,#299,.F.);
#301=EDGE_LOOP('',(#278,#286,#294,#300));
#302=FACE_BOUND('',#301,.T.);
#303=CARTESIAN_POINT('',(74.962378153,-53.602566515,4.561697185));
#304=VERTEX_POINT('',#303);
#305=CARTESIAN_POINT('',(74.962378153,-38.002566515,4.561697185));
#306=VERTEX_POINT('',#305);
#307=CARTESIAN_POINT('',(74.962378153,-53.602566515,4.561697185));
#308=DIRECTION('',(0.,1.,0.));
#309=VECTOR('',#308,15.6);
#310=LINE('',#307,#309);
#311=EDGE_CURVE('',#304,#306,#310,.T.);
#312=ORIENTED_EDGE('',*,*,#311,.F.);
#313=CARTESIAN_POINT('',(59.362378153,-53.602566515,4.561697185));
#314=VERTEX_POINT('',#313);
#315=CARTESIAN_POINT('',(59.362378153,-53.602566515,4.561697185));
#316=DIRECTION('',(1.,0.,-0.));
#317=VECTOR('',#316,15.6);
#318=LINE('',#315,#317);
#319=EDGE_CURVE('',#314,#304,#318,.T.);
#320=ORIENTED_EDGE('',*,*,#319,.F.);
#321=CARTESIAN_POINT('',(59.362378153,-38.002566515,4.561697185));
#322=VERTEX_POINT('',#321);
#323=CARTESIAN_POINT('',(59.362378153,-53.602566515,4.561697185));
#324=DIRECTION('',(0.,1.,0.));
#325=VECTOR('',#324,15.6);
#326=LINE('',#323,#325);
#327=EDGE_CURVE('',#314,#322,#326,.T.);
#328=ORIENTED_EDGE('',*,*,#327,.T.);
#329=CARTESIAN_POINT('',(74.962378153,-38.002566515,4.561697185));
#330=DIRECTION('',(-1.,0.,0.));
#331=VECTOR('',#330,15.6);
#332=LINE('',#329,#331);
#333=EDGE_CURVE('',#306,#322,#332,.T.);
#334=ORIENTED_EDGE('',*,*,#333,.F.);
#335=EDGE_LOOP('',(#312,#320,#328,#334));
#336=FACE_BOUND('',#335,.T.);
#337=CARTESIAN_POINT('',(118.142378153,-53.602566515,4.561697185));
#338=VERTEX_POINT('',#337);
#339=CARTESIAN_POINT('',(118.142378153,-38.002566515,4.561697185));
#340=VERTEX_POINT('',#339);
#341=CARTESIAN_POINT('',(118.142378153,-53.602566515,4.561697185));
#342=DIRECTION('',(0.,1.,0.));
#343=VECTOR('',#342,15.6);
#344=LINE('',#341,#343);
#345=EDGE_CURVE('',#338,#340,#344,.T.);
#346=ORIENTED_EDGE('',*,*,#345,.F.);
#347=CARTESIAN_POINT('',(102.542378153,-53.602566515,4.561697185));
#348=VERTEX_POINT('',#347);
#349=CARTESIAN_POINT('',(102.542378153,-53.602566515,4.561697185));
#350=DIRECTION('',(1.,0.,-0.));
#351=VECTOR('',#350,15.6);
#352=LINE('',#349,#351);
#353=EDGE_CURVE('',#348,#338,#352,.T.);
#354=ORIENTED_EDGE('',*,*,#353,.F.);
#355=CARTESIAN_POINT('',(102.542378153,-38.002566515,4.561697185));
#356=VERTEX_POINT('',#355);
#357=CARTESIAN_POINT('',(102.542378153,-53.602566515,4.561697185));
#358=DIRECTION('',(0.,1.,0.));
#359=VECTOR('',#358,15.6);
#360=LINE('',#357,#359);
#361=EDGE_CURVE('',#348,#356,#360,.T.);
#362=ORIENTED_EDGE('',*,*,#361,.T.);
#363=CARTESIAN_POINT('',(102.542378153,-38.002566515,4.561697185));
#364=DIRECTION('',(1.,0.,-0.));
#365=VECTOR('',#364,15.6);
#366=LINE('',#363,#365);
#367=EDGE_CURVE('',#356,#340,#366,.T.);
#368=ORIENTED_EDGE('',*,*,#367,.T.);
#369=EDGE_LOOP('',(#346,#354,#362,#368));
#370=FACE_BOUND('',#369,.T.);
#371=CARTESIAN_POINT('',(354.552378153,-78.532566515,4.561697185));
#372=VERTEX_POINT('',#371);
#373=CARTESIAN_POINT('',(359.552378153,-78.532566515,4.561697185));
#374=VERTEX_POINT('',#373);
#375=CARTESIAN_POINT('',(354.552378153,-78.532566515,4.561697185));
#376=DIRECTION('',(1.,0.,-0.));
#377=VECTOR('',#376,5.);
#378=LINE('',#375,#377);
#379=EDGE_CURVE('',#372,#374,#378,.T.);
#380=ORIENTED_EDGE('',*,*,#379,.F.);
#381=CARTESIAN_POINT('',(354.552378153,-58.532566515,4.561697185));
#382=VERTEX_POINT('',#381);
#383=CARTESIAN_POINT('',(354.552378153,-58.532566515,4.561697185));
#384=DIRECTION('',(0.,-1.,0.));
#385=VECTOR('',#384,20.);
#386=LINE('',#383,#385);
#387=EDGE_CURVE('',#382,#372,#386,.T.);
#388=ORIENTED_EDGE('',*,*,#387,.F.);
#389=CARTESIAN_POINT('',(359.552378153,-58.532566515,4.561697185));
#390=VERTEX_POINT('',#389);
#391=CARTESIAN_POINT('',(359.552378153,-58.532566515,4.561697185));
#392=DIRECTION('',(-1.,0.,0.));
#393=VECTOR('',#392,5.);
#394=LINE('',#391,#393);
#395=EDGE_CURVE('',#390,#382,#394,.T.);
#396=ORIENTED_EDGE('',*,*,#395,.F.);
#397=CARTESIAN_POINT('',(359.552378153,-78.532566515,4.561697185));
#398=DIRECTION('',(0.,1.,0.));
#399=VECTOR('',#398,20.);
#400=LINE('',#397,#399);
#401=EDGE_CURVE('',#374,#390,#400,.T.);
#402=ORIENTED_EDGE('',*,*,#401,.F.);
#403=EDGE_LOOP('',(#380,#388,#396,#402));
#404=FACE_BOUND('',#403,.T.);
#405=CARTESIAN_POINT('',(312.452378153,-53.602566515,4.561697185));
#406=VERTEX_POINT('',#405);
#407=CARTESIAN_POINT('',(312.452378153,-38.002566515,4.561697185));
#408=VERTEX_POINT('',#407);
#409=CARTESIAN_POINT('',(312.452378153,-53.602566515,4.561697185));
#410=DIRECTION('',(0.,1.,0.));
#411=VECTOR('',#410,15.6);
#412=LINE('',#409,#411);
#413=EDGE_CURVE('',#406,#408,#412,.T.);
#414=ORIENTED_EDGE('',*,*,#413,.F.);
#415=CARTESIAN_POINT('',(296.852378153,-53.602566515,4.561697185));
#416=VERTEX_POINT('',#415);
#417=CARTESIAN_POINT('',(296.852378153,-53.602566515,4.561697185));
#418=DIRECTION('',(1.,0.,-0.));
#419=VECTOR('',#418,15.6);
#420=LINE('',#417,#419);
#421=EDGE_CURVE('',#416,#406,#420,.T.);
#422=ORIENTED_EDGE('',*,*,#421,.F.);
#423=CARTESIAN_POINT('',(296.852378153,-38.002566515,4.561697185));
#424=VERTEX_POINT('',#423);
#425=CARTESIAN_POINT('',(296.852378153,-53.602566515,4.561697185));
#426=DIRECTION('',(0.,1.,0.));
#427=VECTOR('',#426,15.6);
#428=LINE('',#425,#427);
#429=EDGE_CURVE('',#416,#424,#428,.T.);
#430=ORIENTED_EDGE('',*,*,#429,.T.);
#431=CARTESIAN_POINT('',(296.852378153,-38.002566515,4.561697185));
#432=DIRECTION('',(1.,0.,-0.));
#433=VECTOR('',#432,15.6);
#434=LINE('',#431,#433);
#435=EDGE_CURVE('',#424,#408,#434,.T.);
#436=ORIENTED_EDGE('',*,*,#435,.T.);
#437=EDGE_LOOP('',(#414,#422,#430,#436));
#438=FACE_BOUND('',#437,.T.);
#439=CARTESIAN_POINT('',(348.922378153,-53.602566515,4.561697185));
#440=VERTEX_POINT('',#439);
#441=CARTESIAN_POINT('',(364.522378153,-53.602566515,4.561697185));
#442=VERTEX_POINT('',#441);
#443=CARTESIAN_POINT('',(348.922378153,-53.602566515,4.561697185));
#444=DIRECTION('',(1.,0.,-0.));
#445=VECTOR('',#444,15.6);
#446=LINE('',#443,#445);
#447=EDGE_CURVE('',#440,#442,#446,.T.);
#448=ORIENTED_EDGE('',*,*,#447,.F.);
#449=CARTESIAN_POINT('',(348.922378153,-38.002566515,4.561697185));
#450=VERTEX_POINT('',#449);
#451=CARTESIAN_POINT('',(348.922378153,-38.002566515,4.561697185));
#452=DIRECTION('',(0.,-1.,0.));
#453=VECTOR('',#452,15.6);
#454=LINE('',#451,#453);
#455=EDGE_CURVE('',#450,#440,#454,.T.);
#456=ORIENTED_EDGE('',*,*,#455,.F.);
#457=CARTESIAN_POINT('',(364.522378153,-38.002566515,4.561697185));
#458=VERTEX_POINT('',#457);
#459=CARTESIAN_POINT('',(348.922378153,-38.002566515,4.561697185));
#460=DIRECTION('',(1.,0.,-0.));
#461=VECTOR('',#460,15.6);
#462=LINE('',#459,#461);
#463=EDGE_CURVE('',#450,#458,#462,.T.);
#464=ORIENTED_EDGE('',*,*,#463,.T.);
#465=CARTESIAN_POINT('',(364.522378153,-53.602566515,4.561697185));
#466=DIRECTION('',(0.,1.,0.));
#467=VECTOR('',#466,15.6);
#468=LINE('',#465,#467);
#469=EDGE_CURVE('',#442,#458,#468,.T.);
#470=ORIENTED_EDGE('',*,*,#469,.F.);
#471=EDGE_LOOP('',(#448,#456,#464,#470));
#472=FACE_BOUND('',#471,.T.);
#473=CARTESIAN_POINT('',(231.172378153,-98.052566515,4.561697185));
#474=VERTEX_POINT('',#473);
#475=CARTESIAN_POINT('',(231.172378153,-82.452566515,4.561697185));
#476=VERTEX_POINT('',#475);
#477=CARTESIAN_POINT('',(231.172378153,-98.052566515,4.561697185));
#478=DIRECTION('',(0.,1.,0.));
#479=VECTOR('',#478,15.6);
#480=LINE('',#477,#479);
#481=EDGE_CURVE('',#474,#476,#480,.T.);
#482=ORIENTED_EDGE('',*,*,#481,.F.);
#483=CARTESIAN_POINT('',(215.572378153,-98.052566515,4.561697185));
#484=VERTEX_POINT('',#483);
#485=CARTESIAN_POINT('',(215.572378153,-98.052566515,4.561697185));
#486=DIRECTION('',(1.,0.,-0.));
#487=VECTOR('',#486,15.6);
#488=LINE('',#485,#487);
#489=EDGE_CURVE('',#484,#474,#488,.T.);
#490=ORIENTED_EDGE('',*,*,#489,.F.);
#491=CARTESIAN_POINT('',(215.572378153,-82.452566515,4.561697185));
#492=VERTEX_POINT('',#491);
#493=CARTESIAN_POINT('',(215.572378153,-98.052566515,4.561697185));
#494=DIRECTION('',(0.,1.,0.));
#495=VECTOR('',#494,15.6);
#496=LINE('',#493,#495);
#497=EDGE_CURVE('',#484,#492,#496,.T.);
#498=ORIENTED_EDGE('',*,*,#497,.T.);
#499=CARTESIAN_POINT('',(231.172378153,-82.452566515,4.561697185));
#500=DIRECTION('',(-1.,0.,0.));
#501=VECTOR('',#500,15.6);
#502=LINE('',#499,#501);
#503=EDGE_CURVE('',#476,#492,#502,.T.);
#504=ORIENTED_EDGE('',*,*,#503,.F.);
#505=EDGE_LOOP('',(#482,#490,#498,#504));
#506=FACE_BOUND('',#505,.T.);
#507=CARTESIAN_POINT('',(339.552378153,-35.532566515,4.561697185));
#508=VERTEX_POINT('',#507);
#509=CARTESIAN_POINT('',(344.552378153,-35.532566515,4.561697185));
#510=VERTEX_POINT('',#509);
#511=CARTESIAN_POINT('',(339.552378153,-35.532566515,4.561697185));
#512=DIRECTION('',(1.,0.,-0.));
#513=VECTOR('',#512,5.);
#514=LINE('',#511,#513);
#515=EDGE_CURVE('',#508,#510,#514,.T.);
#516=ORIENTED_EDGE('',*,*,#515,.F.);
#517=CARTESIAN_POINT('',(339.552378153,-14.532566515,4.561697185));
#518=VERTEX_POINT('',#517);
#519=CARTESIAN_POINT('',(339.552378153,-14.532566515,4.561697185));
#520=DIRECTION('',(0.,-1.,0.));
#521=VECTOR('',#520,21.);
#522=LINE('',#519,#521);
#523=EDGE_CURVE('',#518,#508,#522,.T.);
#524=ORIENTED_EDGE('',*,*,#523,.F.);
#525=CARTESIAN_POINT('',(344.552378153,-14.532566515,4.561697185));
#526=VERTEX_POINT('',#525);
#527=CARTESIAN_POINT('',(344.552378153,-14.532566515,4.561697185));
#528=DIRECTION('',(-1.,0.,0.));
#529=VECTOR('',#528,5.);
#530=LINE('',#527,#529);
#531=EDGE_CURVE('',#526,#518,#530,.T.);
#532=ORIENTED_EDGE('',*,*,#531,.F.);
#533=CARTESIAN_POINT('',(344.552378153,-35.532566515,4.561697185));
#534=DIRECTION('',(0.,1.,0.));
#535=VECTOR('',#534,21.);
#536=LINE('',#533,#535);
#537=EDGE_CURVE('',#510,#526,#536,.T.);
#538=ORIENTED_EDGE('',*,*,#537,.F.);
#539=EDGE_LOOP('',(#516,#524,#532,#538));
#540=FACE_BOUND('',#539,.T.);
#541=CARTESIAN_POINT('',(124.132378153,-53.602566515,4.561697185));
#542=VERTEX_POINT('',#541);
#543=CARTESIAN_POINT('',(139.732378153,-53.602566515,4.561697185));
#544=VERTEX_POINT('',#543);
#545=CARTESIAN_POINT('',(124.132378153,-53.602566515,4.561697185));
#546=DIRECTION('',(1.,0.,-0.));
#547=VECTOR('',#546,15.6);
#548=LINE('',#545,#547);
#549=EDGE_CURVE('',#542,#544,#548,.T.);
#550=ORIENTED_EDGE('',*,*,#549,.F.);
#551=CARTESIAN_POINT('',(124.132378153,-38.002566515,4.561697185));
#552=VERTEX_POINT('',#551);
#553=CARTESIAN_POINT('',(124.132378153,-53.602566515,4.561697185));
#554=DIRECTION('',(0.,1.,0.));
#555=VECTOR('',#554,15.6);
#556=LINE('',#553,#555);
#557=EDGE_CURVE('',#542,#552,#556,.T.);
#558=ORIENTED_EDGE('',*,*,#557,.T.);
#559=CARTESIAN_POINT('',(139.732378153,-38.002566515,4.561697185));
#560=VERTEX_POINT('',#559);
#561=CARTESIAN_POINT('',(139.732378153,-38.002566515,4.561697185));
#562=DIRECTION('',(-1.,0.,0.));
#563=VECTOR('',#562,15.6);
#564=LINE('',#561,#563);
#565=EDGE_CURVE('',#560,#552,#564,.T.);
#566=ORIENTED_EDGE('',*,*,#565,.F.);
#567=CARTESIAN_POINT('',(139.732378153,-53.602566515,4.561697185));
#568=DIRECTION('',(0.,1.,0.));
#569=VECTOR('',#568,15.6);
#570=LINE('',#567,#569);
#571=EDGE_CURVE('',#544,#560,#570,.T.);
#572=ORIENTED_EDGE('',*,*,#571,.F.);
#573=EDGE_LOOP('',(#550,#558,#566,#572));
#574=FACE_BOUND('',#573,.T.);
#575=CARTESIAN_POINT('',(167.312378153,-53.602566515,4.561697185));
#576=VERTEX_POINT('',#575);
#577=CARTESIAN_POINT('',(182.912378153,-53.602566515,4.561697185));
#578=VERTEX_POINT('',#577);
#579=CARTESIAN_POINT('',(167.312378153,-53.602566515,4.561697185));
#580=DIRECTION('',(1.,0.,-0.));
#581=VECTOR('',#580,15.6);
#582=LINE('',#579,#581);
#583=EDGE_CURVE('',#576,#578,#582,.T.);
#584=ORIENTED_EDGE('',*,*,#583,.F.);
#585=CARTESIAN_POINT('',(167.312378153,-38.002566515,4.561697185));
#586=VERTEX_POINT('',#585);
#587=CARTESIAN_POINT('',(167.312378153,-38.002566515,4.561697185));
#588=DIRECTION('',(0.,-1.,0.));
#589=VECTOR('',#588,15.6);
#590=LINE('',#587,#589);
#591=EDGE_CURVE('',#586,#576,#590,.T.);
#592=ORIENTED_EDGE('',*,*,#591,.F.);
#593=CARTESIAN_POINT('',(182.912378153,-38.002566515,4.561697185));
#594=VERTEX_POINT('',#593);
#595=CARTESIAN_POINT('',(167.312378153,-38.002566515,4.561697185));
#596=DIRECTION('',(1.,0.,-0.));
#597=VECTOR('',#596,15.6);
#598=LINE('',#595,#597);
#599=EDGE_CURVE('',#586,#594,#598,.T.);
#600=ORIENTED_EDGE('',*,*,#599,.T.);
#601=CARTESIAN_POINT('',(182.912378153,-53.602566515,4.561697185));
#602=DIRECTION('',(0.,1.,0.));
#603=VECTOR('',#602,15.6);
#604=LINE('',#601,#603);
#605=EDGE_CURVE('',#578,#594,#604,.T.);
#606=ORIENTED_EDGE('',*,*,#605,.F.);
#607=EDGE_LOOP('',(#584,#592,#600,#606));
#608=FACE_BOUND('',#607,.T.);
#609=CARTESIAN_POINT('',(295.942378153,-98.052566515,4.561697185));
#610=VERTEX_POINT('',#609);
#611=CARTESIAN_POINT('',(295.942378153,-82.452566515,4.561697185));
#612=VERTEX_POINT('',#611);
#613=CARTESIAN_POINT('',(295.942378153,-98.052566515,4.561697185));
#614=DIRECTION('',(0.,1.,0.));
#615=VECTOR('',#614,15.6);
#616=LINE('',#613,#615);
#617=EDGE_CURVE('',#610,#612,#616,.T.);
#618=ORIENTED_EDGE('',*,*,#617,.F.);
#619=CARTESIAN_POINT('',(280.342378153,-98.052566515,4.561697185));
#620=VERTEX_POINT('',#619);
#621=CARTESIAN_POINT('',(280.342378153,-98.052566515,4.561697185));
#622=DIRECTION('',(1.,0.,-0.));
#623=VECTOR('',#622,15.6);
#624=LINE('',#621,#623);
#625=EDGE_CURVE('',#620,#610,#624,.T.);
#626=ORIENTED_EDGE('',*,*,#625,.F.);
#627=CARTESIAN_POINT('',(280.342378153,-82.452566515,4.561697185));
#628=VERTEX_POINT('',#627);
#629=CARTESIAN_POINT('',(280.342378153,-82.452566515,4.561697185));
#630=DIRECTION('',(0.,-1.,0.));
#631=VECTOR('',#630,15.6);
#632=LINE('',#629,#631);
#633=EDGE_CURVE('',#628,#620,#632,.T.);
#634=ORIENTED_EDGE('',*,*,#633,.F.);
#635=CARTESIAN_POINT('',(295.942378153,-82.452566515,4.561697185));
#636=DIRECTION('',(-1.,0.,0.));
#637=VECTOR('',#636,15.6);
#638=LINE('',#635,#637);
#639=EDGE_CURVE('',#612,#628,#638,.T.);
#640=ORIENTED_EDGE('',*,*,#639,.F.);
#641=EDGE_LOOP('',(#618,#626,#634,#640));
#642=FACE_BOUND('',#641,.T.);
#643=CARTESIAN_POINT('',(37.772378153,-53.602566515,4.561697185));
#644=VERTEX_POINT('',#643);
#645=CARTESIAN_POINT('',(53.372378153,-53.602566515,4.561697185));
#646=VERTEX_POINT('',#645);
#647=CARTESIAN_POINT('',(37.772378153,-53.602566515,4.561697185));
#648=DIRECTION('',(1.,0.,-0.));
#649=VECTOR('',#648,15.6);
#650=LINE('',#647,#649);
#651=EDGE_CURVE('',#644,#646,#650,.T.);
#652=ORIENTED_EDGE('',*,*,#651,.F.);
#653=CARTESIAN_POINT('',(37.772378153,-38.002566515,4.561697185));
#654=VERTEX_POINT('',#653);
#655=CARTESIAN_POINT('',(37.772378153,-38.002566515,4.561697185));
#656=DIRECTION('',(0.,-1.,0.));
#657=VECTOR('',#656,15.6);
#658=LINE('',#655,#657);
#659=EDGE_CURVE('',#654,#644,#658,.T.);
#660=ORIENTED_EDGE('',*,*,#659,.F.);
#661=CARTESIAN_POINT('',(53.372378153,-38.002566515,4.561697185));
#662=VERTEX_POINT('',#661);
#663=CARTESIAN_POINT('',(37.772378153,-38.002566515,4.561697185));
#664=DIRECTION('',(1.,0.,-0.));
#665=VECTOR('',#664,15.6);
#666=LINE('',#663,#665);
#667=EDGE_CURVE('',#654,#662,#666,.T.);
#668=ORIENTED_EDGE('',*,*,#667,.T.);
#669=CARTESIAN_POINT('',(53.372378153,-53.602566515,4.561697185));
#670=DIRECTION('',(0.,1.,0.));
#671=VECTOR('',#670,15.6);
#672=LINE('',#669,#671);
#673=EDGE_CURVE('',#646,#662,#672,.T.);
#674=ORIENTED_EDGE('',*,*,#673,.F.);
#675=EDGE_LOOP('',(#652,#660,#668,#674));
#676=FACE_BOUND('',#675,.T.);
#677=CARTESIAN_POINT('',(161.322378153,-53.602566515,4.561697185));
#678=VERTEX_POINT('',#677);
#679=CARTESIAN_POINT('',(161.322378153,-38.002566515,4.561697185));
#680=VERTEX_POINT('',#679);
#681=CARTESIAN_POINT('',(161.322378153,-53.602566515,4.561697185));
#682=DIRECTION('',(0.,1.,0.));
#683=VECTOR('',#682,15.6);
#684=LINE('',#681,#683);
#685=EDGE_CURVE('',#678,#680,#684,.T.);
#686=ORIENTED_EDGE('',*,*,#685,.F.);
#687=CARTESIAN_POINT('',(145.722378153,-53.602566515,4.561697185));
#688=VERTEX_POINT('',#687);
#689=CARTESIAN_POINT('',(145.722378153,-53.602566515,4.561697185));
#690=DIRECTION('',(1.,0.,-0.));
#691=VECTOR('',#690,15.6);
#692=LINE('',#689,#691);
#693=EDGE_CURVE('',#688,#678,#692,.T.);
#694=ORIENTED_EDGE('',*,*,#693,.F.);
#695=CARTESIAN_POINT('',(145.722378153,-38.002566515,4.561697185));
#696=VERTEX_POINT('',#695);
#697=CARTESIAN_POINT('',(145.722378153,-53.602566515,4.561697185));
#698=DIRECTION('',(0.,1.,0.));
#699=VECTOR('',#698,15.6);
#700=LINE('',#697,#699);
#701=EDGE_CURVE('',#688,#696,#700,.T.);
#702=ORIENTED_EDGE('',*,*,#701,.T.);
#703=CARTESIAN_POINT('',(161.322378153,-38.002566515,4.561697185));
#704=DIRECTION('',(-1.,0.,0.));
#705=VECTOR('',#704,15.6);
#706=LINE('',#703,#705);
#707=EDGE_CURVE('',#680,#696,#706,.T.);
#708=ORIENTED_EDGE('',*,*,#707,.F.);
#709=EDGE_LOOP('',(#686,#694,#702,#708));
#710=FACE_BOUND('',#709,.T.);
#711=CARTESIAN_POINT('',(163.862378153,-98.052566515,4.561697185));
#712=VERTEX_POINT('',#711);
#713=CARTESIAN_POINT('',(163.862378153,-82.452566515,4.561697185));
#714=VERTEX_POINT('',#713);
#715=CARTESIAN_POINT('',(163.862378153,-98.052566515,4.561697185));
#716=DIRECTION('',(0.,1.,0.));
#717=VECTOR('',#716,15.6);
#718=LINE('',#715,#717);
#719=EDGE_CURVE('',#712,#714,#718,.T.);
#720=ORIENTED_EDGE('',*,*,#719,.F.);
#721=CARTESIAN_POINT('',(148.262378153,-98.052566515,4.561697185));
#722=VERTEX_POINT('',#721);
#723=CARTESIAN_POINT('',(148.262378153,-98.052566515,4.561697185));
#724=DIRECTION('',(1.,0.,-0.));
#725=VECTOR('',#724,15.6);
#726=LINE('',#723,#725);
#727=EDGE_CURVE('',#722,#712,#726,.T.);
#728=ORIENTED_EDGE('',*,*,#727,.F.);
#729=CARTESIAN_POINT('',(148.262378153,-82.452566515,4.561697185));
#730=VERTEX_POINT('',#729);
#731=CARTESIAN_POINT('',(148.262378153,-98.052566515,4.561697185));
#732=DIRECTION('',(0.,1.,0.));
#733=VECTOR('',#732,15.6);
#734=LINE('',#731,#733);
#735=EDGE_CURVE('',#722,#730,#734,.T.);
#736=ORIENTED_EDGE('',*,*,#735,.T.);
#737=CARTESIAN_POINT('',(163.862378153,-82.452566515,4.561697185));
#738=DIRECTION('',(-1.,0.,0.));
#739=VECTOR('',#738,15.6);
#740=LINE('',#737,#739);
#741=EDGE_CURVE('',#714,#730,#740,.T.);
#742=ORIENTED_EDGE('',*,*,#741,.F.);
#743=EDGE_LOOP('',(#720,#728,#736,#742));
#744=FACE_BOUND('',#743,.T.);
#745=CARTESIAN_POINT('',(19.020225101,-139.382566515,4.561697185));
#746=VERTEX_POINT('',#745);
#747=CARTESIAN_POINT('',(430.682378153,-139.382566515,4.561697185));
#748=VERTEX_POINT('',#747);
#749=CARTESIAN_POINT('',(19.020225101,-139.382566515,4.561697185));
#750=DIRECTION('',(1.,0.,-0.));
#751=VECTOR('',#750,411.662153052);
#752=LINE('',#749,#751);
#753=EDGE_CURVE('',#746,#748,#752,.T.);
#754=ORIENTED_EDGE('',*,*,#753,.T.);
#755=CARTESIAN_POINT('',(430.682378153,34.90974031,4.561697185));
#756=VERTEX_POINT('',#755);
#757=CARTESIAN_POINT('',(430.682378153,-139.382566515,4.561697185));
#758=DIRECTION('',(0.,1.,0.));
#759=VECTOR('',#758,174.292306825);
#760=LINE('',#757,#759);
#761=EDGE_CURVE('',#748,#756,#760,.T.);
#762=ORIENTED_EDGE('',*,*,#761,.T.);
#763=CARTESIAN_POINT('',(19.636620225,36.351501737,4.561697185));
#764=VERTEX_POINT('',#763);
#765=CARTESIAN_POINT('',(430.682378153,34.90974031,4.561697185));
#766=DIRECTION('',(-0.999993849,0.003507523,0.));
#767=VECTOR('',#766,411.048286442);
#768=LINE('',#765,#767);
#769=EDGE_CURVE('',#756,#764,#768,.T.);
#770=ORIENTED_EDGE('',*,*,#769,.T.);
#771=CARTESIAN_POINT('',(19.636620225,36.351501737,4.561697185));
#772=DIRECTION('',(-0.003507523,-0.999993849,-0.));
#773=VECTOR('',#772,175.735149265);
#774=LINE('',#771,#773);
#775=EDGE_CURVE('',#764,#746,#774,.T.);
#776=ORIENTED_EDGE('',*,*,#775,.T.);
#777=EDGE_LOOP('',(#754,#762,#770,#776));
#778=FACE_BOUND('',#777,.T.);
#779=CARTESIAN_POINT('',(337.016128153,-59.602566515,4.561697185));
#780=VERTEX_POINT('',#779);
#781=CARTESIAN_POINT('',(352.616128153,-59.602566515,4.561697185));
#782=VERTEX_POINT('',#781);
#783=CARTESIAN_POINT('',(337.016128153,-59.602566515,4.561697185));
#784=DIRECTION('',(1.,0.,-0.));
#785=VECTOR('',#784,15.6);
#786=LINE('',#783,#785);
#787=EDGE_CURVE('',#780,#782,#786,.T.);
#788=ORIENTED_EDGE('',*,*,#787,.T.);
#789=CARTESIAN_POINT('',(352.616128153,-75.202566515,4.561697185));
#790=VERTEX_POINT('',#789);
#791=CARTESIAN_POINT('',(352.616128153,-59.602566515,4.561697185));
#792=DIRECTION('',(0.,-1.,0.));
#793=VECTOR('',#792,15.6);
#794=LINE('',#791,#793);
#795=EDGE_CURVE('',#782,#790,#794,.T.);
#796=ORIENTED_EDGE('',*,*,#795,.T.);
#797=CARTESIAN_POINT('',(337.016128153,-75.202566515,4.561697185));
#798=VERTEX_POINT('',#797);
#799=CARTESIAN_POINT('',(337.016128153,-75.202566515,4.561697185));
#800=DIRECTION('',(1.,0.,-0.));
#801=VECTOR('',#800,15.6);
#802=LINE('',#799,#801);
#803=EDGE_CURVE('',#798,#790,#802,.T.);
#804=ORIENTED_EDGE('',*,*,#803,.F.);
#805=CARTESIAN_POINT('',(337.016128153,-75.202566515,4.561697185));
#806=DIRECTION('',(0.,1.,0.));
#807=VECTOR('',#806,15.6);
#808=LINE('',#805,#807);
#809=EDGE_CURVE('',#798,#780,#808,.T.);
#810=ORIENTED_EDGE('',*,*,#809,.T.);
#811=EDGE_LOOP('',(#788,#796,#804,#810));
#812=FACE_BOUND('',#811,.T.);
#813=CARTESIAN_POINT('',(37.772378153,-59.592566515,4.561697185));
#814=VERTEX_POINT('',#813);
#815=CARTESIAN_POINT('',(53.372378153,-59.592566515,4.561697185));
#816=VERTEX_POINT('',#815);
#817=CARTESIAN_POINT('',(37.772378153,-59.592566515,4.561697185));
#818=DIRECTION('',(1.,0.,-0.));
#819=VECTOR('',#818,15.6);
#820=LINE('',#817,#819);
#821=EDGE_CURVE('',#814,#816,#820,.T.);
#822=ORIENTED_EDGE('',*,*,#821,.T.);
#823=CARTESIAN_POINT('',(53.372378153,-75.192566515,4.561697185));
#824=VERTEX_POINT('',#823);
#825=CARTESIAN_POINT('',(53.372378153,-59.592566515,4.561697185));
#826=DIRECTION('',(0.,-1.,0.));
#827=VECTOR('',#826,15.6);
#828=LINE('',#825,#827);
#829=EDGE_CURVE('',#816,#824,#828,.T.);
#830=ORIENTED_EDGE('',*,*,#829,.T.);
#831=CARTESIAN_POINT('',(37.772378153,-75.192566515,4.561697185));
#832=VERTEX_POINT('',#831);
#833=CARTESIAN_POINT('',(53.372378153,-75.192566515,4.561697185));
#834=DIRECTION('',(-1.,0.,0.));
#835=VECTOR('',#834,15.6);
#836=LINE('',#833,#835);
#837=EDGE_CURVE('',#824,#832,#836,.T.);
#838=ORIENTED_EDGE('',*,*,#837,.T.);
#839=CARTESIAN_POINT('',(37.772378153,-75.192566515,4.561697185));
#840=DIRECTION('',(0.,1.,0.));
#841=VECTOR('',#840,15.6);
#842=LINE('',#839,#841);
#843=EDGE_CURVE('',#832,#814,#842,.T.);
#844=ORIENTED_EDGE('',*,*,#843,.T.);
#845=EDGE_LOOP('',(#822,#830,#838,#844));
#846=FACE_BOUND('',#845,.T.);
#847=CARTESIAN_POINT('',(269.272378153,-38.002566515,4.561697185));
#848=VERTEX_POINT('',#847);
#849=CARTESIAN_POINT('',(253.672378153,-38.002566515,4.561697185));
#850=VERTEX_POINT('',#849);
#851=CARTESIAN_POINT('',(269.272378153,-38.002566515,4.561697185));
#852=DIRECTION('',(-1.,0.,0.));
#853=VECTOR('',#852,15.6);
#854=LINE('',#851,#853);
#855=EDGE_CURVE('',#848,#850,#854,.T.);
#856=ORIENTED_EDGE('',*,*,#855,.F.);
#857=CARTESIAN_POINT('',(269.272378153,-53.602566515,4.561697185));
#858=VERTEX_POINT('',#857);
#859=CARTESIAN_POINT('',(269.272378153,-38.002566515,4.561697185));
#860=DIRECTION('',(0.,-1.,0.));
#861=VECTOR('',#860,15.6);
#862=LINE('',#859,#861);
#863=EDGE_CURVE('',#848,#858,#862,.T.);
#864=ORIENTED_EDGE('',*,*,#863,.T.);
#865=CARTESIAN_POINT('',(253.672378153,-53.602566515,4.561697185));
#866=VERTEX_POINT('',#865);
#867=CARTESIAN_POINT('',(253.672378153,-53.602566515,4.561697185));
#868=DIRECTION('',(1.,0.,-0.));
#869=VECTOR('',#868,15.6);
#870=LINE('',#867,#869);
#871=EDGE_CURVE('',#866,#858,#870,.T.);
#872=ORIENTED_EDGE('',*,*,#871,.F.);
#873=CARTESIAN_POINT('',(253.672378153,-53.602566515,4.561697185));
#874=DIRECTION('',(0.,1.,0.));
#875=VECTOR('',#874,15.6);
#876=LINE('',#873,#875);
#877=EDGE_CURVE('',#866,#850,#876,.T.);
#878=ORIENTED_EDGE('',*,*,#877,.T.);
#879=EDGE_LOOP('',(#856,#864,#872,#878));
#880=FACE_BOUND('',#879,.T.);
#881=CARTESIAN_POINT('',(237.162378153,-59.592566515,4.561697185));
#882=VERTEX_POINT('',#881);
#883=CARTESIAN_POINT('',(252.762378153,-59.592566515,4.561697185));
#884=VERTEX_POINT('',#883);
#885=CARTESIAN_POINT('',(237.162378153,-59.592566515,4.561697185));
#886=DIRECTION('',(1.,0.,-0.));
#887=VECTOR('',#886,15.6);
#888=LINE('',#885,#887);
#889=EDGE_CURVE('',#882,#884,#888,.T.);
#890=ORIENTED_EDGE('',*,*,#889,.T.);
#891=CARTESIAN_POINT('',(252.762378153,-75.192566515,4.561697185));
#892=VERTEX_POINT('',#891);
#893=CARTESIAN_POINT('',(252.762378153,-59.592566515,4.561697185));
#894=DIRECTION('',(0.,-1.,0.));
#895=VECTOR('',#894,15.6);
#896=LINE('',#893,#895);
#897=EDGE_CURVE('',#884,#892,#896,.T.);
#898=ORIENTED_EDGE('',*,*,#897,.T.);
#899=CARTESIAN_POINT('',(237.162378153,-75.192566515,4.561697185));
#900=VERTEX_POINT('',#899);
#901=CARTESIAN_POINT('',(237.162378153,-75.192566515,4.561697185));
#902=DIRECTION('',(1.,0.,-0.));
#903=VECTOR('',#902,15.6);
#904=LINE('',#901,#903);
#905=EDGE_CURVE('',#900,#892,#904,.T.);
#906=ORIENTED_EDGE('',*,*,#905,.F.);
#907=CARTESIAN_POINT('',(237.162378153,-59.592566515,4.561697185));
#908=DIRECTION('',(0.,-1.,0.));
#909=VECTOR('',#908,15.6);
#910=LINE('',#907,#909);
#911=EDGE_CURVE('',#882,#900,#910,.T.);
#912=ORIENTED_EDGE('',*,*,#911,.F.);
#913=EDGE_LOOP('',(#890,#898,#906,#912));
#914=FACE_BOUND('',#913,.T.);
#915=CARTESIAN_POINT('',(204.142378153,5.177433485,4.561697185));
#916=VERTEX_POINT('',#915);
#917=CARTESIAN_POINT('',(219.742378153,5.177433485,4.561697185));
#918=VERTEX_POINT('',#917);
#919=CARTESIAN_POINT('',(204.142378153,5.177433485,4.561697185));
#920=DIRECTION('',(1.,0.,-0.));
#921=VECTOR('',#920,15.6);
#922=LINE('',#919,#921);
#923=EDGE_CURVE('',#916,#918,#922,.T.);
#924=ORIENTED_EDGE('',*,*,#923,.T.);
#925=CARTESIAN_POINT('',(219.742378153,-10.422566515,4.561697185));
#926=VERTEX_POINT('',#925);
#927=CARTESIAN_POINT('',(219.742378153,5.177433485,4.561697185));
#928=DIRECTION('',(0.,-1.,0.));
#929=VECTOR('',#928,15.6);
#930=LINE('',#927,#929);
#931=EDGE_CURVE('',#918,#926,#930,.T.);
#932=ORIENTED_EDGE('',*,*,#931,.T.);
#933=CARTESIAN_POINT('',(204.142378153,-10.422566515,4.561697185));
#934=VERTEX_POINT('',#933);
#935=CARTESIAN_POINT('',(204.142378153,-10.422566515,4.561697185));
#936=DIRECTION('',(1.,0.,-0.));
#937=VECTOR('',#936,15.6);
#938=LINE('',#935,#937);
#939=EDGE_CURVE('',#934,#926,#938,.T.);
#940=ORIENTED_EDGE('',*,*,#939,.F.);
#941=CARTESIAN_POINT('',(204.142378153,-10.422566515,4.561697185));
#942=DIRECTION('',(0.,1.,0.));
#943=VECTOR('',#942,15.6);
#944=LINE('',#941,#943);
#945=EDGE_CURVE('',#934,#916,#944,.T.);
#946=ORIENTED_EDGE('',*,*,#945,.T.);
#947=EDGE_LOOP('',(#924,#932,#940,#946));
#948=FACE_BOUND('',#947,.T.);
#949=CARTESIAN_POINT('',(152.072378153,-103.407566515,4.561697185));
#950=VERTEX_POINT('',#949);
#951=CARTESIAN_POINT('',(167.672378153,-103.407566515,4.561697185));
#952=VERTEX_POINT('',#951);
#953=CARTESIAN_POINT('',(152.072378153,-103.407566515,4.561697185));
#954=DIRECTION('',(1.,0.,-0.));
#955=VECTOR('',#954,15.6);
#956=LINE('',#953,#955);
#957=EDGE_CURVE('',#950,#952,#956,.T.);
#958=ORIENTED_EDGE('',*,*,#957,.T.);
#959=CARTESIAN_POINT('',(167.672378153,-119.007566515,4.561697185));
#960=VERTEX_POINT('',#959);
#961=CARTESIAN_POINT('',(167.672378153,-103.407566515,4.561697185));
#962=DIRECTION('',(0.,-1.,0.));
#963=VECTOR('',#962,15.6);
#964=LINE('',#961,#963);
#965=EDGE_CURVE('',#952,#960,#964,.T.);
#966=ORIENTED_EDGE('',*,*,#965,.T.);
#967=CARTESIAN_POINT('',(152.072378153,-119.007566515,4.561697185));
#968=VERTEX_POINT('',#967);
#969=CARTESIAN_POINT('',(152.072378153,-119.007566515,4.561697185));
#970=DIRECTION('',(1.,0.,-0.));
#971=VECTOR('',#970,15.6);
#972=LINE('',#969,#971);
#973=EDGE_CURVE('',#968,#960,#972,.T.);
#974=ORIENTED_EDGE('',*,*,#973,.F.);
#975=CARTESIAN_POINT('',(152.072378153,-119.007566515,4.561697185));
#976=DIRECTION('',(0.,1.,0.));
#977=VECTOR('',#976,15.6);
#978=LINE('',#975,#977);
#979=EDGE_CURVE('',#968,#950,#978,.T.);
#980=ORIENTED_EDGE('',*,*,#979,.T.);
#981=EDGE_LOOP('',(#958,#966,#974,#980));
#982=FACE_BOUND('',#981,.T.);
#983=CARTESIAN_POINT('',(215.572378153,-59.592566515,4.561697185));
#984=VERTEX_POINT('',#983);
#985=CARTESIAN_POINT('',(231.172378153,-59.592566515,4.561697185));
#986=VERTEX_POINT('',#985);
#987=CARTESIAN_POINT('',(215.572378153,-59.592566515,4.561697185));
#988=DIRECTION('',(1.,0.,-0.));
#989=VECTOR('',#988,15.6);
#990=LINE('',#987,#989);
#991=EDGE_CURVE('',#984,#986,#990,.T.);
#992=ORIENTED_EDGE('',*,*,#991,.T.);
#993=CARTESIAN_POINT('',(231.172378153,-75.192566515,4.561697185));
#994=VERTEX_POINT('',#993);
#995=CARTESIAN_POINT('',(231.172378153,-59.592566515,4.561697185));
#996=DIRECTION('',(0.,-1.,0.));
#997=VECTOR('',#996,15.6);
#998=LINE('',#995,#997);
#999=EDGE_CURVE('',#986,#994,#998,.T.);
#1000=ORIENTED_EDGE('',*,*,#999,.T.);
#1001=CARTESIAN_POINT('',(215.572378153,-75.192566515,4.561697185));
#1002=VERTEX_POINT('',#1001);
#1003=CARTESIAN_POINT('',(231.172378153,-75.192566515,4.561697185));
#1004=DIRECTION('',(-1.,0.,0.));
#1005=VECTOR('',#1004,15.6);
#1006=LINE('',#1003,#1005);
#1007=EDGE_CURVE('',#994,#1002,#1006,.T.);
#1008=ORIENTED_EDGE('',*,*,#1007,.T.);
#1009=CARTESIAN_POINT('',(215.572378153,-75.192566515,4.561697185));
#1010=DIRECTION('',(0.,1.,0.));
#1011=VECTOR('',#1010,15.6);
#1012=LINE('',#1009,#1011);
#1013=EDGE_CURVE('',#1002,#984,#1012,.T.);
#1014=ORIENTED_EDGE('',*,*,#1013,.T.);
#1015=EDGE_LOOP('',(#992,#1000,#1008,#1014));
#1016=FACE_BOUND('',#1015,.T.);
#1017=CARTESIAN_POINT('',(126.672378153,-82.452566515,4.561697185));
#1018=VERTEX_POINT('',#1017);
#1019=CARTESIAN_POINT('',(142.272378153,-82.452566515,4.561697185));
#1020=VERTEX_POINT('',#1019);
#1021=CARTESIAN_POINT('',(126.672378153,-82.452566515,4.561697185));
#1022=DIRECTION('',(1.,0.,-0.));
#1023=VECTOR('',#1022,15.6);
#1024=LINE('',#1021,#1023);
#1025=EDGE_CURVE('',#1018,#1020,#1024,.T.);
#1026=ORIENTED_EDGE('',*,*,#1025,.T.);
#1027=CARTESIAN_POINT('',(142.272378153,-98.052566515,4.561697185));
#1028=VERTEX_POINT('',#1027);
#1029=CARTESIAN_POINT('',(142.272378153,-82.452566515,4.561697185));
#1030=DIRECTION('',(0.,-1.,0.));
#1031=VECTOR('',#1030,15.6);
#1032=LINE('',#1029,#1031);
#1033=EDGE_CURVE('',#1020,#1028,#1032,.T.);
#1034=ORIENTED_EDGE('',*,*,#1033,.T.);
#1035=CARTESIAN_POINT('',(126.672378153,-98.052566515,4.561697185));
#1036=VERTEX_POINT('',#1035);
#1037=CARTESIAN_POINT('',(126.672378153,-98.052566515,4.561697185));
#1038=DIRECTION('',(1.,0.,-0.));
#1039=VECTOR('',#1038,15.6);
#1040=LINE('',#1037,#1039);
#1041=EDGE_CURVE('',#1036,#1028,#1040,.T.);
#1042=ORIENTED_EDGE('',*,*,#1041,.F.);
#1043=CARTESIAN_POINT('',(126.672378153,-98.052566515,4.561697185));
#1044=DIRECTION('',(0.,1.,0.));
#1045=VECTOR('',#1044,15.6);
#1046=LINE('',#1043,#1045);
#1047=EDGE_CURVE('',#1036,#1018,#1046,.T.);
#1048=ORIENTED_EDGE('',*,*,#1047,.T.);
#1049=EDGE_LOOP('',(#1026,#1034,#1042,#1048));
#1050=FACE_BOUND('',#1049,.T.);
#1051=CARTESIAN_POINT('',(280.342378153,-59.592566515,4.561697185));
#1052=VERTEX_POINT('',#1051);
#1053=CARTESIAN_POINT('',(295.942378153,-59.592566515,4.561697185));
#1054=VERTEX_POINT('',#1053);
#1055=CARTESIAN_POINT('',(280.342378153,-59.592566515,4.561697185));
#1056=DIRECTION('',(1.,0.,-0.));
#1057=VECTOR('',#1056,15.6);
#1058=LINE('',#1055,#1057);
#1059=EDGE_CURVE('',#1052,#1054,#1058,.T.);
#1060=ORIENTED_EDGE('',*,*,#1059,.T.);
#1061=CARTESIAN_POINT('',(295.942378153,-75.192566515,4.561697185));
#1062=VERTEX_POINT('',#1061);
#1063=CARTESIAN_POINT('',(295.942378153,-59.592566515,4.561697185));
#1064=DIRECTION('',(0.,-1.,0.));
#1065=VECTOR('',#1064,15.6);
#1066=LINE('',#1063,#1065);
#1067=EDGE_CURVE('',#1054,#1062,#1066,.T.);
#1068=ORIENTED_EDGE('',*,*,#1067,.T.);
#1069=CARTESIAN_POINT('',(280.342378153,-75.192566515,4.561697185));
#1070=VERTEX_POINT('',#1069);
#1071=CARTESIAN_POINT('',(280.342378153,-75.192566515,4.561697185));
#1072=DIRECTION('',(1.,0.,-0.));
#1073=VECTOR('',#1072,15.6);
#1074=LINE('',#1071,#1073);
#1075=EDGE_CURVE('',#1070,#1062,#1074,.T.);
#1076=ORIENTED_EDGE('',*,*,#1075,.F.);
#1077=CARTESIAN_POINT('',(280.342378153,-75.192566515,4.561697185));
#1078=DIRECTION('',(0.,1.,0.));
#1079=VECTOR('',#1078,15.6);
#1080=LINE('',#1077,#1079);
#1081=EDGE_CURVE('',#1070,#1052,#1080,.T.);
#1082=ORIENTED_EDGE('',*,*,#1081,.T.);
#1083=EDGE_LOOP('',(#1060,#1068,#1076,#1082));
#1084=FACE_BOUND('',#1083,.T.);
#1085=CARTESIAN_POINT('',(258.752378153,-82.452566515,4.561697185));
#1086=VERTEX_POINT('',#1085);
#1087=CARTESIAN_POINT('',(274.352378153,-82.452566515,4.561697185));
#1088=VERTEX_POINT('',#1087);
#1089=CARTESIAN_POINT('',(258.752378153,-82.452566515,4.561697185));
#1090=DIRECTION('',(1.,0.,-0.));
#1091=VECTOR('',#1090,15.6);
#1092=LINE('',#1089,#1091);
#1093=EDGE_CURVE('',#1086,#1088,#1092,.T.);
#1094=ORIENTED_EDGE('',*,*,#1093,.T.);
#1095=CARTESIAN_POINT('',(274.352378153,-98.052566515,4.561697185));
#1096=VERTEX_POINT('',#1095);
#1097=CARTESIAN_POINT('',(274.352378153,-82.452566515,4.561697185));
#1098=DIRECTION('',(0.,-1.,0.));
#1099=VECTOR('',#1098,15.6);
#1100=LINE('',#1097,#1099);
#1101=EDGE_CURVE('',#1088,#1096,#1100,.T.);
#1102=ORIENTED_EDGE('',*,*,#1101,.T.);
#1103=CARTESIAN_POINT('',(258.752378153,-98.052566515,4.561697185));
#1104=VERTEX_POINT('',#1103);
#1105=CARTESIAN_POINT('',(258.752378153,-98.052566515,4.561697185));
#1106=DIRECTION('',(1.,0.,-0.));
#1107=VECTOR('',#1106,15.6);
#1108=LINE('',#1105,#1107);
#1109=EDGE_CURVE('',#1104,#1096,#1108,.T.);
#1110=ORIENTED_EDGE('',*,*,#1109,.F.);
#1111=CARTESIAN_POINT('',(258.752378153,-98.052566515,4.561697185));
#1112=DIRECTION('',(0.,1.,0.));
#1113=VECTOR('',#1112,15.6);
#1114=LINE('',#1111,#1113);
#1115=EDGE_CURVE('',#1104,#1086,#1114,.T.);
#1116=ORIENTED_EDGE('',*,*,#1115,.T.);
#1117=EDGE_LOOP('',(#1094,#1102,#1110,#1116));
#1118=FACE_BOUND('',#1117,.T.);
#1119=CARTESIAN_POINT('',(272.722378153,-16.412566515,4.561697185));
#1120=VERTEX_POINT('',#1119);
#1121=CARTESIAN_POINT('',(288.322378153,-16.412566515,4.561697185));
#1122=VERTEX_POINT('',#1121);
#1123=CARTESIAN_POINT('',(272.722378153,-16.412566515,4.561697185));
#1124=DIRECTION('',(1.,0.,-0.));
#1125=VECTOR('',#1124,15.6);
#1126=LINE('',#1123,#1125);
#1127=EDGE_CURVE('',#1120,#1122,#1126,.T.);
#1128=ORIENTED_EDGE('',*,*,#1127,.T.);
#1129=CARTESIAN_POINT('',(288.322378153,-32.012566515,4.561697185));
#1130=VERTEX_POINT('',#1129);
#1131=CARTESIAN_POINT('',(288.322378153,-16.412566515,4.561697185));
#1132=DIRECTION('',(0.,-1.,0.));
#1133=VECTOR('',#1132,15.6);
#1134=LINE('',#1131,#1133);
#1135=EDGE_CURVE('',#1122,#1130,#1134,.T.);
#1136=ORIENTED_EDGE('',*,*,#1135,.T.);
#1137=CARTESIAN_POINT('',(272.722378153,-32.012566515,4.561697185));
#1138=VERTEX_POINT('',#1137);
#1139=CARTESIAN_POINT('',(288.322378153,-32.012566515,4.561697185));
#1140=DIRECTION('',(-1.,0.,0.));
#1141=VECTOR('',#1140,15.6);
#1142=LINE('',#1139,#1141);
#1143=EDGE_CURVE('',#1130,#1138,#1142,.T.);
#1144=ORIENTED_EDGE('',*,*,#1143,.T.);
#1145=CARTESIAN_POINT('',(272.722378153,-32.012566515,4.561697185));
#1146=DIRECTION('',(0.,1.,0.));
#1147=VECTOR('',#1146,15.6);
#1148=LINE('',#1145,#1147);
#1149=EDGE_CURVE('',#1138,#1120,#1148,.T.);
#1150=ORIENTED_EDGE('',*,*,#1149,.T.);
#1151=EDGE_LOOP('',(#1128,#1136,#1144,#1150));
#1152=FACE_BOUND('',#1151,.T.);
#1153=CARTESIAN_POINT('',(56.822378153,-16.412566515,4.561697185));
#1154=VERTEX_POINT('',#1153);
#1155=CARTESIAN_POINT('',(72.422378153,-16.412566515,4.561697185));
#1156=VERTEX_POINT('',#1155);
#1157=CARTESIAN_POINT('',(56.822378153,-16.412566515,4.561697185));
#1158=DIRECTION('',(1.,0.,-0.));
#1159=VECTOR('',#1158,15.6);
#1160=LINE('',#1157,#1159);
#1161=EDGE_CURVE('',#1154,#1156,#1160,.T.);
#1162=ORIENTED_EDGE('',*,*,#1161,.T.);
#1163=CARTESIAN_POINT('',(72.422378153,-32.012566515,4.561697185));
#1164=VERTEX_POINT('',#1163);
#1165=CARTESIAN_POINT('',(72.422378153,-16.412566515,4.561697185));
#1166=DIRECTION('',(0.,-1.,0.));
#1167=VECTOR('',#1166,15.6);
#1168=LINE('',#1165,#1167);
#1169=EDGE_CURVE('',#1156,#1164,#1168,.T.);
#1170=ORIENTED_EDGE('',*,*,#1169,.T.);
#1171=CARTESIAN_POINT('',(56.822378153,-32.012566515,4.561697185));
#1172=VERTEX_POINT('',#1171);
#1173=CARTESIAN_POINT('',(56.822378153,-32.012566515,4.561697185));
#1174=DIRECTION('',(1.,0.,-0.));
#1175=VECTOR('',#1174,15.6);
#1176=LINE('',#1173,#1175);
#1177=EDGE_CURVE('',#1172,#1164,#1176,.T.);
#1178=ORIENTED_EDGE('',*,*,#1177,.F.);
#1179=CARTESIAN_POINT('',(56.822378153,-32.012566515,4.561697185));
#1180=DIRECTION('',(0.,1.,0.));
#1181=VECTOR('',#1180,15.6);
#1182=LINE('',#1179,#1181);
#1183=EDGE_CURVE('',#1172,#1154,#1182,.T.);
#1184=ORIENTED_EDGE('',*,*,#1183,.T.);
#1185=EDGE_LOOP('',(#1162,#1170,#1178,#1184));
#1186=FACE_BOUND('',#1185,.T.);
#1187=CARTESIAN_POINT('',(341.937378153,-80.547566515,4.561697185));
#1188=VERTEX_POINT('',#1187);
#1189=CARTESIAN_POINT('',(357.537378153,-80.547566515,4.561697185));
#1190=VERTEX_POINT('',#1189);
#1191=CARTESIAN_POINT('',(341.937378153,-80.547566515,4.561697185));
#1192=DIRECTION('',(1.,0.,-0.));
#1193=VECTOR('',#1192,15.6);
#1194=LINE('',#1191,#1193);
#1195=EDGE_CURVE('',#1188,#1190,#1194,.T.);
#1196=ORIENTED_EDGE('',*,*,#1195,.T.);
#1197=CARTESIAN_POINT('',(357.537378153,-96.147566515,4.561697185));
#1198=VERTEX_POINT('',#1197);
#1199=CARTESIAN_POINT('',(357.537378153,-80.547566515,4.561697185));
#1200=DIRECTION('',(0.,-1.,0.));
#1201=VECTOR('',#1200,15.6);
#1202=LINE('',#1199,#1201);
#1203=EDGE_CURVE('',#1190,#1198,#1202,.T.);
#1204=ORIENTED_EDGE('',*,*,#1203,.T.);
#1205=CARTESIAN_POINT('',(341.937378153,-96.147566515,4.561697185));
#1206=VERTEX_POINT('',#1205);
#1207=CARTESIAN_POINT('',(341.937378153,-96.147566515,4.561697185));
#1208=DIRECTION('',(1.,0.,-0.));
#1209=VECTOR('',#1208,15.6);
#1210=LINE('',#1207,#1209);
#1211=EDGE_CURVE('',#1206,#1198,#1210,.T.);
#1212=ORIENTED_EDGE('',*,*,#1211,.F.);
#1213=CARTESIAN_POINT('',(341.937378153,-96.147566515,4.561697185));
#1214=DIRECTION('',(0.,1.,0.));
#1215=VECTOR('',#1214,15.6);
#1216=LINE('',#1213,#1215);
#1217=EDGE_CURVE('',#1206,#1188,#1216,.T.);
#1218=ORIENTED_EDGE('',*,*,#1217,.T.);
#1219=EDGE_LOOP('',(#1196,#1204,#1212,#1218));
#1220=FACE_BOUND('',#1219,.T.);
#1221=CARTESIAN_POINT('',(143.182378153,5.177433485,4.561697185));
#1222=VERTEX_POINT('',#1221);
#1223=CARTESIAN_POINT('',(158.782378153,5.177433485,4.561697185));
#1224=VERTEX_POINT('',#1223);
#1225=CARTESIAN_POINT('',(143.182378153,5.177433485,4.561697185));
#1226=DIRECTION('',(1.,0.,-0.));
#1227=VECTOR('',#1226,15.6);
#1228=LINE('',#1225,#1227);
#1229=EDGE_CURVE('',#1222,#1224,#1228,.T.);
#1230=ORIENTED_EDGE('',*,*,#1229,.T.);
#1231=CARTESIAN_POINT('',(158.782378153,-10.422566515,4.561697185));
#1232=VERTEX_POINT('',#1231);
#1233=CARTESIAN_POINT('',(158.782378153,5.177433485,4.561697185));
#1234=DIRECTION('',(0.,-1.,0.));
#1235=VECTOR('',#1234,15.6);
#1236=LINE('',#1233,#1235);
#1237=EDGE_CURVE('',#1224,#1232,#1236,.T.);
#1238=ORIENTED_EDGE('',*,*,#1237,.T.);
#1239=CARTESIAN_POINT('',(143.182378153,-10.422566515,4.561697185));
#1240=VERTEX_POINT('',#1239);
#1241=CARTESIAN_POINT('',(143.182378153,-10.422566515,4.561697185));
#1242=DIRECTION('',(1.,0.,-0.));
#1243=VECTOR('',#1242,15.6);
#1244=LINE('',#1241,#1243);
#1245=EDGE_CURVE('',#1240,#1232,#1244,.T.);
#1246=ORIENTED_EDGE('',*,*,#1245,.F.);
#1247=CARTESIAN_POINT('',(143.182378153,-10.422566515,4.561697185));
#1248=DIRECTION('',(0.,1.,0.));
#1249=VECTOR('',#1248,15.6);
#1250=LINE('',#1247,#1249);
#1251=EDGE_CURVE('',#1240,#1222,#1250,.T.);
#1252=ORIENTED_EDGE('',*,*,#1251,.T.);
#1253=EDGE_LOOP('',(#1230,#1238,#1246,#1252));
#1254=FACE_BOUND('',#1253,.T.);
#1255=CARTESIAN_POINT('',(127.942378153,-59.592566515,4.561697185));
#1256=VERTEX_POINT('',#1255);
#1257=CARTESIAN_POINT('',(143.542378153,-59.592566515,4.561697185));
#1258=VERTEX_POINT('',#1257);
#1259=CARTESIAN_POINT('',(127.942378153,-59.592566515,4.561697185));
#1260=DIRECTION('',(1.,0.,-0.));
#1261=VECTOR('',#1260,15.6);
#1262=LINE('',#1259,#1261);
#1263=EDGE_CURVE('',#1256,#1258,#1262,.T.);
#1264=ORIENTED_EDGE('',*,*,#1263,.T.);
#1265=CARTESIAN_POINT('',(143.542378153,-75.192566515,4.561697185));
#1266=VERTEX_POINT('',#1265);
#1267=CARTESIAN_POINT('',(143.542378153,-59.592566515,4.561697185));
#1268=DIRECTION('',(0.,-1.,0.));
#1269=VECTOR('',#1268,15.6);
#1270=LINE('',#1267,#1269);
#1271=EDGE_CURVE('',#1258,#1266,#1270,.T.);
#1272=ORIENTED_EDGE('',*,*,#1271,.T.);
#1273=CARTESIAN_POINT('',(127.942378153,-75.192566515,4.561697185));
#1274=VERTEX_POINT('',#1273);
#1275=CARTESIAN_POINT('',(127.942378153,-75.192566515,4.561697185));
#1276=DIRECTION('',(1.,0.,-0.));
#1277=VECTOR('',#1276,15.6);
#1278=LINE('',#1275,#1277);
#1279=EDGE_CURVE('',#1274,#1266,#1278,.T.);
#1280=ORIENTED_EDGE('',*,*,#1279,.F.);
#1281=CARTESIAN_POINT('',(127.942378153,-75.192566515,4.561697185));
#1282=DIRECTION('',(0.,1.,0.));
#1283=VECTOR('',#1282,15.6);
#1284=LINE('',#1281,#1283);
#1285=EDGE_CURVE('',#1274,#1256,#1284,.T.);
#1286=ORIENTED_EDGE('',*,*,#1285,.T.);
#1287=EDGE_LOOP('',(#1264,#1272,#1280,#1286));
#1288=FACE_BOUND('',#1287,.T.);
#1289=CARTESIAN_POINT('',(290.502378153,5.177433485,4.561697185));
#1290=VERTEX_POINT('',#1289);
#1291=CARTESIAN_POINT('',(306.102378153,5.177433485,4.561697185));
#1292=VERTEX_POINT('',#1291);
#1293=CARTESIAN_POINT('',(290.502378153,5.177433485,4.561697185));
#1294=DIRECTION('',(1.,0.,-0.));
#1295=VECTOR('',#1294,15.6);
#1296=LINE('',#1293,#1295);
#1297=EDGE_CURVE('',#1290,#1292,#1296,.T.);
#1298=ORIENTED_EDGE('',*,*,#1297,.T.);
#1299=CARTESIAN_POINT('',(306.102378153,-10.422566515,4.561697185));
#1300=VERTEX_POINT('',#1299);
#1301=CARTESIAN_POINT('',(306.102378153,5.177433485,4.561697185));
#1302=DIRECTION('',(0.,-1.,0.));
#1303=VECTOR('',#1302,15.6);
#1304=LINE('',#1301,#1303);
#1305=EDGE_CURVE('',#1292,#1300,#1304,.T.);
#1306=ORIENTED_EDGE('',*,*,#1305,.T.);
#1307=CARTESIAN_POINT('',(290.502378153,-10.422566515,4.561697185));
#1308=VERTEX_POINT('',#1307);
#1309=CARTESIAN_POINT('',(306.102378153,-10.422566515,4.561697185));
#1310=DIRECTION('',(-1.,0.,0.));
#1311=VECTOR('',#1310,15.6);
#1312=LINE('',#1309,#1311);
#1313=EDGE_CURVE('',#1300,#1308,#1312,.T.);
#1314=ORIENTED_EDGE('',*,*,#1313,.T.);
#1315=CARTESIAN_POINT('',(290.502378153,-10.422566515,4.561697185));
#1316=DIRECTION('',(0.,1.,0.));
#1317=VECTOR('',#1316,15.6);
#1318=LINE('',#1315,#1317);
#1319=EDGE_CURVE('',#1308,#1290,#1318,.T.);
#1320=ORIENTED_EDGE('',*,*,#1319,.T.);
#1321=EDGE_LOOP('',(#1298,#1306,#1314,#1320));
#1322=FACE_BOUND('',#1321,.T.);
#1323=CARTESIAN_POINT('',(143.182378153,-16.412566515,4.561697185));
#1324=VERTEX_POINT('',#1323);
#1325=CARTESIAN_POINT('',(158.782378153,-16.412566515,4.561697185));
#1326=VERTEX_POINT('',#1325);
#1327=CARTESIAN_POINT('',(143.182378153,-16.412566515,4.561697185));
#1328=DIRECTION('',(1.,0.,-0.));
#1329=VECTOR('',#1328,15.6);
#1330=LINE('',#1327,#1329);
#1331=EDGE_CURVE('',#1324,#1326,#1330,.T.);
#1332=ORIENTED_EDGE('',*,*,#1331,.T.);
#1333=CARTESIAN_POINT('',(158.782378153,-32.012566515,4.561697185));
#1334=VERTEX_POINT('',#1333);
#1335=CARTESIAN_POINT('',(158.782378153,-16.412566515,4.561697185));
#1336=DIRECTION('',(0.,-1.,0.));
#1337=VECTOR('',#1336,15.6);
#1338=LINE('',#1335,#1337);
#1339=EDGE_CURVE('',#1326,#1334,#1338,.T.);
#1340=ORIENTED_EDGE('',*,*,#1339,.T.);
#1341=CARTESIAN_POINT('',(143.182378153,-32.012566515,4.561697185));
#1342=VERTEX_POINT('',#1341);
#1343=CARTESIAN_POINT('',(143.182378153,-32.012566515,4.561697185));
#1344=DIRECTION('',(1.,0.,-0.));
#1345=VECTOR('',#1344,15.6);
#1346=LINE('',#1343,#1345);
#1347=EDGE_CURVE('',#1342,#1334,#1346,.T.);
#1348=ORIENTED_EDGE('',*,*,#1347,.F.);
#1349=CARTESIAN_POINT('',(143.182378153,-16.412566515,4.561697185));
#1350=DIRECTION('',(0.,-1.,0.));
#1351=VECTOR('',#1350,15.6);
#1352=LINE('',#1349,#1351);
#1353=EDGE_CURVE('',#1324,#1342,#1352,.T.);
#1354=ORIENTED_EDGE('',*,*,#1353,.F.);
#1355=EDGE_LOOP('',(#1332,#1340,#1348,#1354));
#1356=FACE_BOUND('',#1355,.T.);
#1357=CARTESIAN_POINT('',(60.632378153,-59.592566515,4.561697185));
#1358=VERTEX_POINT('',#1357);
#1359=CARTESIAN_POINT('',(76.232378153,-59.592566515,4.561697185));
#1360=VERTEX_POINT('',#1359);
#1361=CARTESIAN_POINT('',(60.632378153,-59.592566515,4.561697185));
#1362=DIRECTION('',(1.,0.,-0.));
#1363=VECTOR('',#1362,15.6);
#1364=LINE('',#1361,#1363);
#1365=EDGE_CURVE('',#1358,#1360,#1364,.T.);
#1366=ORIENTED_EDGE('',*,*,#1365,.T.);
#1367=CARTESIAN_POINT('',(76.232378153,-75.192566515,4.561697185));
#1368=VERTEX_POINT('',#1367);
#1369=CARTESIAN_POINT('',(76.232378153,-59.592566515,4.561697185));
#1370=DIRECTION('',(0.,-1.,0.));
#1371=VECTOR('',#1370,15.6);
#1372=LINE('',#1369,#1371);
#1373=EDGE_CURVE('',#1360,#1368,#1372,.T.);
#1374=ORIENTED_EDGE('',*,*,#1373,.T.);
#1375=CARTESIAN_POINT('',(60.632378153,-75.192566515,4.561697185));
#1376=VERTEX_POINT('',#1375);
#1377=CARTESIAN_POINT('',(76.232378153,-75.192566515,4.561697185));
#1378=DIRECTION('',(-1.,0.,0.));
#1379=VECTOR('',#1378,15.6);
#1380=LINE('',#1377,#1379);
#1381=EDGE_CURVE('',#1368,#1376,#1380,.T.);
#1382=ORIENTED_EDGE('',*,*,#1381,.T.);
#1383=CARTESIAN_POINT('',(60.632378153,-59.592566515,4.561697185));
#1384=DIRECTION('',(0.,-1.,0.));
#1385=VECTOR('',#1384,15.6);
#1386=LINE('',#1383,#1385);
#1387=EDGE_CURVE('',#1358,#1376,#1386,.T.);
#1388=ORIENTED_EDGE('',*,*,#1387,.F.);
#1389=EDGE_LOOP('',(#1366,#1374,#1382,#1388));
#1390=FACE_BOUND('',#1389,.T.);
#1391=CARTESIAN_POINT('',(303.202378153,-59.592566515,4.561697185));
#1392=VERTEX_POINT('',#1391);
#1393=CARTESIAN_POINT('',(318.802378153,-59.592566515,4.561697185));
#1394=VERTEX_POINT('',#1393);
#1395=CARTESIAN_POINT('',(303.202378153,-59.592566515,4.561697185));
#1396=DIRECTION('',(1.,0.,-0.));
#1397=VECTOR('',#1396,15.6);
#1398=LINE('',#1395,#1397);
#1399=EDGE_CURVE('',#1392,#1394,#1398,.T.);
#1400=ORIENTED_EDGE('',*,*,#1399,.T.);
#1401=CARTESIAN_POINT('',(318.802378153,-75.192566515,4.561697185));
#1402=VERTEX_POINT('',#1401);
#1403=CARTESIAN_POINT('',(318.802378153,-59.592566515,4.561697185));
#1404=DIRECTION('',(0.,-1.,0.));
#1405=VECTOR('',#1404,15.6);
#1406=LINE('',#1403,#1405);
#1407=EDGE_CURVE('',#1394,#1402,#1406,.T.);
#1408=ORIENTED_EDGE('',*,*,#1407,.T.);
#1409=CARTESIAN_POINT('',(303.202378153,-75.192566515,4.561697185));
#1410=VERTEX_POINT('',#1409);
#1411=CARTESIAN_POINT('',(318.802378153,-75.192566515,4.561697185));
#1412=DIRECTION('',(-1.,0.,0.));
#1413=VECTOR('',#1412,15.6);
#1414=LINE('',#1411,#1413);
#1415=EDGE_CURVE('',#1402,#1410,#1414,.T.);
#1416=ORIENTED_EDGE('',*,*,#1415,.T.);
#1417=CARTESIAN_POINT('',(303.202378153,-75.192566515,4.561697185));
#1418=DIRECTION('',(0.,1.,0.));
#1419=VECTOR('',#1418,15.6);
#1420=LINE('',#1417,#1419);
#1421=EDGE_CURVE('',#1410,#1392,#1420,.T.);
#1422=ORIENTED_EDGE('',*,*,#1421,.T.);
#1423=EDGE_LOOP('',(#1400,#1408,#1416,#1422));
#1424=FACE_BOUND('',#1423,.T.);
#1425=CARTESIAN_POINT('',(150.802378153,-59.592566515,4.561697185));
#1426=VERTEX_POINT('',#1425);
#1427=CARTESIAN_POINT('',(166.402378153,-59.592566515,4.561697185));
#1428=VERTEX_POINT('',#1427);
#1429=CARTESIAN_POINT('',(150.802378153,-59.592566515,4.561697185));
#1430=DIRECTION('',(1.,0.,-0.));
#1431=VECTOR('',#1430,15.6);
#1432=LINE('',#1429,#1431);
#1433=EDGE_CURVE('',#1426,#1428,#1432,.T.);
#1434=ORIENTED_EDGE('',*,*,#1433,.T.);
#1435=CARTESIAN_POINT('',(166.402378153,-75.192566515,4.561697185));
#1436=VERTEX_POINT('',#1435);
#1437=CARTESIAN_POINT('',(166.402378153,-59.592566515,4.561697185));
#1438=DIRECTION('',(0.,-1.,0.));
#1439=VECTOR('',#1438,15.6);
#1440=LINE('',#1437,#1439);
#1441=EDGE_CURVE('',#1428,#1436,#1440,.T.);
#1442=ORIENTED_EDGE('',*,*,#1441,.T.);
#1443=CARTESIAN_POINT('',(150.802378153,-75.192566515,4.561697185));
#1444=VERTEX_POINT('',#1443);
#1445=CARTESIAN_POINT('',(150.802378153,-75.192566515,4.561697185));
#1446=DIRECTION('',(1.,0.,-0.));
#1447=VECTOR('',#1446,15.6);
#1448=LINE('',#1445,#1447);
#1449=EDGE_CURVE('',#1444,#1436,#1448,.T.);
#1450=ORIENTED_EDGE('',*,*,#1449,.F.);
#1451=CARTESIAN_POINT('',(150.802378153,-75.192566515,4.561697185));
#1452=DIRECTION('',(0.,1.,0.));
#1453=VECTOR('',#1452,15.6);
#1454=LINE('',#1451,#1453);
#1455=EDGE_CURVE('',#1444,#1426,#1454,.T.);
#1456=ORIENTED_EDGE('',*,*,#1455,.T.);
#1457=EDGE_LOOP('',(#1434,#1442,#1450,#1456));
#1458=FACE_BOUND('',#1457,.T.);
#1459=CARTESIAN_POINT('',(207.952378153,-16.412566515,4.561697185));
#1460=VERTEX_POINT('',#1459);
#1461=CARTESIAN_POINT('',(223.552378153,-16.412566515,4.561697185));
#1462=VERTEX_POINT('',#1461);
#1463=CARTESIAN_POINT('',(207.952378153,-16.412566515,4.561697185));
#1464=DIRECTION('',(1.,0.,-0.));
#1465=VECTOR('',#1464,15.6);
#1466=LINE('',#1463,#1465);
#1467=EDGE_CURVE('',#1460,#1462,#1466,.T.);
#1468=ORIENTED_EDGE('',*,*,#1467,.T.);
#1469=CARTESIAN_POINT('',(223.552378153,-32.012566515,4.561697185));
#1470=VERTEX_POINT('',#1469);
#1471=CARTESIAN_POINT('',(223.552378153,-16.412566515,4.561697185));
#1472=DIRECTION('',(0.,-1.,0.));
#1473=VECTOR('',#1472,15.6);
#1474=LINE('',#1471,#1473);
#1475=EDGE_CURVE('',#1462,#1470,#1474,.T.);
#1476=ORIENTED_EDGE('',*,*,#1475,.T.);
#1477=CARTESIAN_POINT('',(207.952378153,-32.012566515,4.561697185));
#1478=VERTEX_POINT('',#1477);
#1479=CARTESIAN_POINT('',(223.552378153,-32.012566515,4.561697185));
#1480=DIRECTION('',(-1.,0.,0.));
#1481=VECTOR('',#1480,15.6);
#1482=LINE('',#1479,#1481);
#1483=EDGE_CURVE('',#1470,#1478,#1482,.T.);
#1484=ORIENTED_EDGE('',*,*,#1483,.T.);
#1485=CARTESIAN_POINT('',(207.952378153,-32.012566515,4.561697185));
#1486=DIRECTION('',(0.,1.,0.));
#1487=VECTOR('',#1486,15.6);
#1488=LINE('',#1485,#1487);
#1489=EDGE_CURVE('',#1478,#1460,#1488,.T.);
#1490=ORIENTED_EDGE('',*,*,#1489,.T.);
#1491=EDGE_LOOP('',(#1468,#1476,#1484,#1490));
#1492=FACE_BOUND('',#1491,.T.);
#1493=CARTESIAN_POINT('',(319.712378153,-102.772566515,4.561697185));
#1494=VERTEX_POINT('',#1493);
#1495=CARTESIAN_POINT('',(335.312378153,-102.772566515,4.561697185));
#1496=VERTEX_POINT('',#1495);
#1497=CARTESIAN_POINT('',(319.712378153,-102.772566515,4.561697185));
#1498=DIRECTION('',(1.,0.,-0.));
#1499=VECTOR('',#1498,15.6);
#1500=LINE('',#1497,#1499);
#1501=EDGE_CURVE('',#1494,#1496,#1500,.T.);
#1502=ORIENTED_EDGE('',*,*,#1501,.T.);
#1503=CARTESIAN_POINT('',(335.312378153,-118.372566515,4.561697185));
#1504=VERTEX_POINT('',#1503);
#1505=CARTESIAN_POINT('',(335.312378153,-102.772566515,4.561697185));
#1506=DIRECTION('',(0.,-1.,0.));
#1507=VECTOR('',#1506,15.6);
#1508=LINE('',#1505,#1507);
#1509=EDGE_CURVE('',#1496,#1504,#1508,.T.);
#1510=ORIENTED_EDGE('',*,*,#1509,.T.);
#1511=CARTESIAN_POINT('',(319.712378153,-118.372566515,4.561697185));
#1512=VERTEX_POINT('',#1511);
#1513=CARTESIAN_POINT('',(319.712378153,-118.372566515,4.561697185));
#1514=DIRECTION('',(1.,0.,-0.));
#1515=VECTOR('',#1514,15.6);
#1516=LINE('',#1513,#1515);
#1517=EDGE_CURVE('',#1512,#1504,#1516,.T.);
#1518=ORIENTED_EDGE('',*,*,#1517,.F.);
#1519=CARTESIAN_POINT('',(319.712378153,-118.372566515,4.561697185));
#1520=DIRECTION('',(0.,1.,0.));
#1521=VECTOR('',#1520,15.6);
#1522=LINE('',#1519,#1521);
#1523=EDGE_CURVE('',#1512,#1494,#1522,.T.);
#1524=ORIENTED_EDGE('',*,*,#1523,.T.);
#1525=EDGE_LOOP('',(#1502,#1510,#1518,#1524));
#1526=FACE_BOUND('',#1525,.T.);
#1527=CARTESIAN_POINT('',(237.162378153,-82.452566515,4.561697185));
#1528=VERTEX_POINT('',#1527);
#1529=CARTESIAN_POINT('',(252.762378153,-82.452566515,4.561697185));
#1530=VERTEX_POINT('',#1529);
#1531=CARTESIAN_POINT('',(237.162378153,-82.452566515,4.561697185));
#1532=DIRECTION('',(1.,0.,-0.));
#1533=VECTOR('',#1532,15.6);
#1534=LINE('',#1531,#1533);
#1535=EDGE_CURVE('',#1528,#1530,#1534,.T.);
#1536=ORIENTED_EDGE('',*,*,#1535,.T.);
#1537=CARTESIAN_POINT('',(252.762378153,-98.052566515,4.561697185));
#1538=VERTEX_POINT('',#1537);
#1539=CARTESIAN_POINT('',(252.762378153,-82.452566515,4.561697185));
#1540=DIRECTION('',(0.,-1.,0.));
#1541=VECTOR('',#1540,15.6);
#1542=LINE('',#1539,#1541);
#1543=EDGE_CURVE('',#1530,#1538,#1542,.T.);
#1544=ORIENTED_EDGE('',*,*,#1543,.T.);
#1545=CARTESIAN_POINT('',(237.162378153,-98.052566515,4.561697185));
#1546=VERTEX_POINT('',#1545);
#1547=CARTESIAN_POINT('',(252.762378153,-98.052566515,4.561697185));
#1548=DIRECTION('',(-1.,0.,0.));
#1549=VECTOR('',#1548,15.6);
#1550=LINE('',#1547,#1549);
#1551=EDGE_CURVE('',#1538,#1546,#1550,.T.);
#1552=ORIENTED_EDGE('',*,*,#1551,.T.);
#1553=CARTESIAN_POINT('',(237.162378153,-98.052566515,4.561697185));
#1554=DIRECTION('',(0.,1.,0.));
#1555=VECTOR('',#1554,15.6);
#1556=LINE('',#1553,#1555);
#1557=EDGE_CURVE('',#1546,#1528,#1556,.T.);
#1558=ORIENTED_EDGE('',*,*,#1557,.T.);
#1559=EDGE_LOOP('',(#1536,#1544,#1552,#1558));
#1560=FACE_BOUND('',#1559,.T.);
#1561=CARTESIAN_POINT('',(294.312378153,-16.412566515,4.561697185));
#1562=VERTEX_POINT('',#1561);
#1563=CARTESIAN_POINT('',(309.912378153,-16.412566515,4.561697185));
#1564=VERTEX_POINT('',#1563);
#1565=CARTESIAN_POINT('',(294.312378153,-16.412566515,4.561697185));
#1566=DIRECTION('',(1.,0.,-0.));
#1567=VECTOR('',#1566,15.6);
#1568=LINE('',#1565,#1567);
#1569=EDGE_CURVE('',#1562,#1564,#1568,.T.);
#1570=ORIENTED_EDGE('',*,*,#1569,.T.);
#1571=CARTESIAN_POINT('',(309.912378153,-32.012566515,4.561697185));
#1572=VERTEX_POINT('',#1571);
#1573=CARTESIAN_POINT('',(309.912378153,-16.412566515,4.561697185));
#1574=DIRECTION('',(0.,-1.,0.));
#1575=VECTOR('',#1574,15.6);
#1576=LINE('',#1573,#1575);
#1577=EDGE_CURVE('',#1564,#1572,#1576,.T.);
#1578=ORIENTED_EDGE('',*,*,#1577,.T.);
#1579=CARTESIAN_POINT('',(294.312378153,-32.012566515,4.561697185));
#1580=VERTEX_POINT('',#1579);
#1581=CARTESIAN_POINT('',(294.312378153,-32.012566515,4.561697185));
#1582=DIRECTION('',(1.,0.,-0.));
#1583=VECTOR('',#1582,15.6);
#1584=LINE('',#1581,#1583);
#1585=EDGE_CURVE('',#1580,#1572,#1584,.T.);
#1586=ORIENTED_EDGE('',*,*,#1585,.F.);
#1587=CARTESIAN_POINT('',(294.312378153,-32.012566515,4.561697185));
#1588=DIRECTION('',(0.,1.,0.));
#1589=VECTOR('',#1588,15.6);
#1590=LINE('',#1587,#1589);
#1591=EDGE_CURVE('',#1580,#1562,#1590,.T.);
#1592=ORIENTED_EDGE('',*,*,#1591,.T.);
#1593=EDGE_LOOP('',(#1570,#1578,#1586,#1592));
#1594=FACE_BOUND('',#1593,.T.);
#1595=CARTESIAN_POINT('',(387.552378153,-47.532566515,4.561697185));
#1596=VERTEX_POINT('',#1595);
#1597=CARTESIAN_POINT('',(405.552378153,-47.532566515,4.561697185));
#1598=VERTEX_POINT('',#1597);
#1599=CARTESIAN_POINT('',(387.552378153,-47.532566515,4.561697185));
#1600=DIRECTION('',(1.,0.,-0.));
#1601=VECTOR('',#1600,18.);
#1602=LINE('',#1599,#1601);
#1603=EDGE_CURVE('',#1596,#1598,#1602,.T.);
#1604=ORIENTED_EDGE('',*,*,#1603,.T.);
#1605=CARTESIAN_POINT('',(405.552378153,-66.532566515,4.561697185));
#1606=VERTEX_POINT('',#1605);
#1607=CARTESIAN_POINT('',(405.552378153,-47.532566515,4.561697185));
#1608=DIRECTION('',(0.,-1.,0.));
#1609=VECTOR('',#1608,19.);
#1610=LINE('',#1607,#1609);
#1611=EDGE_CURVE('',#1598,#1606,#1610,.T.);
#1612=ORIENTED_EDGE('',*,*,#1611,.T.);
#1613=CARTESIAN_POINT('',(387.552378153,-66.532566515,4.561697185));
#1614=VERTEX_POINT('',#1613);
#1615=CARTESIAN_POINT('',(405.552378153,-66.532566515,4.561697185));
#1616=DIRECTION('',(-1.,0.,0.));
#1617=VECTOR('',#1616,18.);
#1618=LINE('',#1615,#1617);
#1619=EDGE_CURVE('',#1606,#1614,#1618,.T.);
#1620=ORIENTED_EDGE('',*,*,#1619,.T.);
#1621=CARTESIAN_POINT('',(387.552378153,-66.532566515,4.561697185));
#1622=DIRECTION('',(0.,1.,0.));
#1623=VECTOR('',#1622,19.);
#1624=LINE('',#1621,#1623);
#1625=EDGE_CURVE('',#1614,#1596,#1624,.T.);
#1626=ORIENTED_EDGE('',*,*,#1625,.T.);
#1627=EDGE_LOOP('',(#1604,#1612,#1620,#1626));
#1628=FACE_BOUND('',#1627,.T.);
#1629=CARTESIAN_POINT('',(100.002378153,-16.412566515,4.561697185));
#1630=VERTEX_POINT('',#1629);
#1631=CARTESIAN_POINT('',(115.602378153,-16.412566515,4.561697185));
#1632=VERTEX_POINT('',#1631);
#1633=CARTESIAN_POINT('',(100.002378153,-16.412566515,4.561697185));
#1634=DIRECTION('',(1.,0.,-0.));
#1635=VECTOR('',#1634,15.6);
#1636=LINE('',#1633,#1635);
#1637=EDGE_CURVE('',#1630,#1632,#1636,.T.);
#1638=ORIENTED_EDGE('',*,*,#1637,.T.);
#1639=CARTESIAN_POINT('',(115.602378153,-32.012566515,4.561697185));
#1640=VERTEX_POINT('',#1639);
#1641=CARTESIAN_POINT('',(115.602378153,-16.412566515,4.561697185));
#1642=DIRECTION('',(0.,-1.,0.));
#1643=VECTOR('',#1642,15.6);
#1644=LINE('',#1641,#1643);
#1645=EDGE_CURVE('',#1632,#1640,#1644,.T.);
#1646=ORIENTED_EDGE('',*,*,#1645,.T.);
#1647=CARTESIAN_POINT('',(100.002378153,-32.012566515,4.561697185));
#1648=VERTEX_POINT('',#1647);
#1649=CARTESIAN_POINT('',(100.002378153,-32.012566515,4.561697185));
#1650=DIRECTION('',(1.,0.,-0.));
#1651=VECTOR('',#1650,15.6);
#1652=LINE('',#1649,#1651);
#1653=EDGE_CURVE('',#1648,#1640,#1652,.T.);
#1654=ORIENTED_EDGE('',*,*,#1653,.F.);
#1655=CARTESIAN_POINT('',(100.002378153,-32.012566515,4.561697185));
#1656=DIRECTION('',(0.,1.,0.));
#1657=VECTOR('',#1656,15.6);
#1658=LINE('',#1655,#1657);
#1659=EDGE_CURVE('',#1648,#1630,#1658,.T.);
#1660=ORIENTED_EDGE('',*,*,#1659,.T.);
#1661=EDGE_LOOP('',(#1638,#1646,#1654,#1660));
#1662=FACE_BOUND('',#1661,.T.);
#1663=CARTESIAN_POINT('',(106.352378153,-59.592566515,4.561697185));
#1664=VERTEX_POINT('',#1663);
#1665=CARTESIAN_POINT('',(121.952378153,-59.592566515,4.561697185));
#1666=VERTEX_POINT('',#1665);
#1667=CARTESIAN_POINT('',(106.352378153,-59.592566515,4.561697185));
#1668=DIRECTION('',(1.,0.,-0.));
#1669=VECTOR('',#1668,15.6);
#1670=LINE('',#1667,#1669);
#1671=EDGE_CURVE('',#1664,#1666,#1670,.T.);
#1672=ORIENTED_EDGE('',*,*,#1671,.T.);
#1673=CARTESIAN_POINT('',(121.952378153,-75.192566515,4.561697185));
#1674=VERTEX_POINT('',#1673);
#1675=CARTESIAN_POINT('',(121.952378153,-59.592566515,4.561697185));
#1676=DIRECTION('',(0.,-1.,0.));
#1677=VECTOR('',#1676,15.6);
#1678=LINE('',#1675,#1677);
#1679=EDGE_CURVE('',#1666,#1674,#1678,.T.);
#1680=ORIENTED_EDGE('',*,*,#1679,.T.);
#1681=CARTESIAN_POINT('',(106.352378153,-75.192566515,4.561697185));
#1682=VERTEX_POINT('',#1681);
#1683=CARTESIAN_POINT('',(106.352378153,-75.192566515,4.561697185));
#1684=DIRECTION('',(1.,0.,-0.));
#1685=VECTOR('',#1684,15.6);
#1686=LINE('',#1683,#1685);
#1687=EDGE_CURVE('',#1682,#1674,#1686,.T.);
#1688=ORIENTED_EDGE('',*,*,#1687,.F.);
#1689=CARTESIAN_POINT('',(106.352378153,-75.192566515,4.561697185));
#1690=DIRECTION('',(0.,1.,0.));
#1691=VECTOR('',#1690,15.6);
#1692=LINE('',#1689,#1691);
#1693=EDGE_CURVE('',#1682,#1664,#1692,.T.);
#1694=ORIENTED_EDGE('',*,*,#1693,.T.);
#1695=EDGE_LOOP('',(#1672,#1680,#1688,#1694));
#1696=FACE_BOUND('',#1695,.T.);
#1697=CARTESIAN_POINT('',(120.322378153,5.177433485,4.561697185));
#1698=VERTEX_POINT('',#1697);
#1699=CARTESIAN_POINT('',(135.922378153,5.177433485,4.561697185));
#1700=VERTEX_POINT('',#1699);
#1701=CARTESIAN_POINT('',(120.322378153,5.177433485,4.561697185));
#1702=DIRECTION('',(1.,0.,-0.));
#1703=VECTOR('',#1702,15.6);
#1704=LINE('',#1701,#1703);
#1705=EDGE_CURVE('',#1698,#1700,#1704,.T.);
#1706=ORIENTED_EDGE('',*,*,#1705,.T.);
#1707=CARTESIAN_POINT('',(135.922378153,-10.422566515,4.561697185));
#1708=VERTEX_POINT('',#1707);
#1709=CARTESIAN_POINT('',(135.922378153,5.177433485,4.561697185));
#1710=DIRECTION('',(0.,-1.,0.));
#1711=VECTOR('',#1710,15.6);
#1712=LINE('',#1709,#1711);
#1713=EDGE_CURVE('',#1700,#1708,#1712,.T.);
#1714=ORIENTED_EDGE('',*,*,#1713,.T.);
#1715=CARTESIAN_POINT('',(120.322378153,-10.422566515,4.561697185));
#1716=VERTEX_POINT('',#1715);
#1717=CARTESIAN_POINT('',(135.922378153,-10.422566515,4.561697185));
#1718=DIRECTION('',(-1.,0.,0.));
#1719=VECTOR('',#1718,15.6);
#1720=LINE('',#1717,#1719);
#1721=EDGE_CURVE('',#1708,#1716,#1720,.T.);
#1722=ORIENTED_EDGE('',*,*,#1721,.T.);
#1723=CARTESIAN_POINT('',(120.322378153,-10.422566515,4.561697185));
#1724=DIRECTION('',(0.,1.,0.));
#1725=VECTOR('',#1724,15.6);
#1726=LINE('',#1723,#1725);
#1727=EDGE_CURVE('',#1716,#1698,#1726,.T.);
#1728=ORIENTED_EDGE('',*,*,#1727,.T.);
#1729=EDGE_LOOP('',(#1706,#1714,#1722,#1728));
#1730=FACE_BOUND('',#1729,.T.);
#1731=CARTESIAN_POINT('',(164.772378153,-16.412566515,4.561697185));
#1732=VERTEX_POINT('',#1731);
#1733=CARTESIAN_POINT('',(180.372378153,-16.412566515,4.561697185));
#1734=VERTEX_POINT('',#1733);
#1735=CARTESIAN_POINT('',(164.772378153,-16.412566515,4.561697185));
#1736=DIRECTION('',(1.,0.,-0.));
#1737=VECTOR('',#1736,15.6);
#1738=LINE('',#1735,#1737);
#1739=EDGE_CURVE('',#1732,#1734,#1738,.T.);
#1740=ORIENTED_EDGE('',*,*,#1739,.T.);
#1741=CARTESIAN_POINT('',(180.372378153,-32.012566515,4.561697185));
#1742=VERTEX_POINT('',#1741);
#1743=CARTESIAN_POINT('',(180.372378153,-16.412566515,4.561697185));
#1744=DIRECTION('',(0.,-1.,0.));
#1745=VECTOR('',#1744,15.6);
#1746=LINE('',#1743,#1745);
#1747=EDGE_CURVE('',#1734,#1742,#1746,.T.);
#1748=ORIENTED_EDGE('',*,*,#1747,.T.);
#1749=CARTESIAN_POINT('',(164.772378153,-32.012566515,4.561697185));
#1750=VERTEX_POINT('',#1749);
#1751=CARTESIAN_POINT('',(164.772378153,-32.012566515,4.561697185));
#1752=DIRECTION('',(1.,0.,-0.));
#1753=VECTOR('',#1752,15.6);
#1754=LINE('',#1751,#1753);
#1755=EDGE_CURVE('',#1750,#1742,#1754,.T.);
#1756=ORIENTED_EDGE('',*,*,#1755,.F.);
#1757=CARTESIAN_POINT('',(164.772378153,-32.012566515,4.561697185));
#1758=DIRECTION('',(0.,1.,0.));
#1759=VECTOR('',#1758,15.6);
#1760=LINE('',#1757,#1759);
#1761=EDGE_CURVE('',#1750,#1732,#1760,.T.);
#1762=ORIENTED_EDGE('',*,*,#1761,.T.);
#1763=EDGE_LOOP('',(#1740,#1748,#1756,#1762));
#1764=FACE_BOUND('',#1763,.T.);
#1765=CARTESIAN_POINT('',(192.712378153,-82.452566515,4.561697185));
#1766=VERTEX_POINT('',#1765);
#1767=CARTESIAN_POINT('',(208.312378153,-82.452566515,4.561697185));
#1768=VERTEX_POINT('',#1767);
#1769=CARTESIAN_POINT('',(192.712378153,-82.452566515,4.561697185));
#1770=DIRECTION('',(1.,0.,-0.));
#1771=VECTOR('',#1770,15.6);
#1772=LINE('',#1769,#1771);
#1773=EDGE_CURVE('',#1766,#1768,#1772,.T.);
#1774=ORIENTED_EDGE('',*,*,#1773,.T.);
#1775=CARTESIAN_POINT('',(208.312378153,-98.052566515,4.561697185));
#1776=VERTEX_POINT('',#1775);
#1777=CARTESIAN_POINT('',(208.312378153,-82.452566515,4.561697185));
#1778=DIRECTION('',(0.,-1.,0.));
#1779=VECTOR('',#1778,15.6);
#1780=LINE('',#1777,#1779);
#1781=EDGE_CURVE('',#1768,#1776,#1780,.T.);
#1782=ORIENTED_EDGE('',*,*,#1781,.T.);
#1783=CARTESIAN_POINT('',(192.712378153,-98.052566515,4.561697185));
#1784=VERTEX_POINT('',#1783);
#1785=CARTESIAN_POINT('',(208.312378153,-98.052566515,4.561697185));
#1786=DIRECTION('',(-1.,0.,0.));
#1787=VECTOR('',#1786,15.6);
#1788=LINE('',#1785,#1787);
#1789=EDGE_CURVE('',#1776,#1784,#1788,.T.);
#1790=ORIENTED_EDGE('',*,*,#1789,.T.);
#1791=CARTESIAN_POINT('',(192.712378153,-98.052566515,4.561697185));
#1792=DIRECTION('',(0.,1.,0.));
#1793=VECTOR('',#1792,15.6);
#1794=LINE('',#1791,#1793);
#1795=EDGE_CURVE('',#1784,#1766,#1794,.T.);
#1796=ORIENTED_EDGE('',*,*,#1795,.T.);
#1797=EDGE_LOOP('',(#1774,#1782,#1790,#1796));
#1798=FACE_BOUND('',#1797,.T.);
#1799=CARTESIAN_POINT('',(290.862378153,-38.002566515,4.561697185));
#1800=VERTEX_POINT('',#1799);
#1801=CARTESIAN_POINT('',(275.262378153,-38.002566515,4.561697185));
#1802=VERTEX_POINT('',#1801);
#1803=CARTESIAN_POINT('',(290.862378153,-38.002566515,4.561697185));
#1804=DIRECTION('',(-1.,0.,0.));
#1805=VECTOR('',#1804,15.6);
#1806=LINE('',#1803,#1805);
#1807=EDGE_CURVE('',#1800,#1802,#1806,.T.);
#1808=ORIENTED_EDGE('',*,*,#1807,.F.);
#1809=CARTESIAN_POINT('',(290.862378153,-53.602566515,4.561697185));
#1810=VERTEX_POINT('',#1809);
#1811=CARTESIAN_POINT('',(290.862378153,-38.002566515,4.561697185));
#1812=DIRECTION('',(0.,-1.,0.));
#1813=VECTOR('',#1812,15.6);
#1814=LINE('',#1811,#1813);
#1815=EDGE_CURVE('',#1800,#1810,#1814,.T.);
#1816=ORIENTED_EDGE('',*,*,#1815,.T.);
#1817=CARTESIAN_POINT('',(275.262378153,-53.602566515,4.561697185));
#1818=VERTEX_POINT('',#1817);
#1819=CARTESIAN_POINT('',(275.262378153,-53.602566515,4.561697185));
#1820=DIRECTION('',(1.,0.,-0.));
#1821=VECTOR('',#1820,15.6);
#1822=LINE('',#1819,#1821);
#1823=EDGE_CURVE('',#1818,#1810,#1822,.T.);
#1824=ORIENTED_EDGE('',*,*,#1823,.F.);
#1825=CARTESIAN_POINT('',(275.262378153,-53.602566515,4.561697185));
#1826=DIRECTION('',(0.,1.,0.));
#1827=VECTOR('',#1826,15.6);
#1828=LINE('',#1825,#1827);
#1829=EDGE_CURVE('',#1818,#1802,#1828,.T.);
#1830=ORIENTED_EDGE('',*,*,#1829,.T.);
#1831=EDGE_LOOP('',(#1808,#1816,#1824,#1830));
#1832=FACE_BOUND('',#1831,.T.);
#1833=CARTESIAN_POINT('',(359.082378153,5.177433485,4.561697185));
#1834=VERTEX_POINT('',#1833);
#1835=CARTESIAN_POINT('',(374.682378153,5.177433485,4.561697185));
#1836=VERTEX_POINT('',#1835);
#1837=CARTESIAN_POINT('',(359.082378153,5.177433485,4.561697185));
#1838=DIRECTION('',(1.,0.,-0.));
#1839=VECTOR('',#1838,15.6);
#1840=LINE('',#1837,#1839);
#1841=EDGE_CURVE('',#1834,#1836,#1840,.T.);
#1842=ORIENTED_EDGE('',*,*,#1841,.T.);
#1843=CARTESIAN_POINT('',(374.682378153,-10.422566515,4.561697185));
#1844=VERTEX_POINT('',#1843);
#1845=CARTESIAN_POINT('',(374.682378153,5.177433485,4.561697185));
#1846=DIRECTION('',(0.,-1.,0.));
#1847=VECTOR('',#1846,15.6);
#1848=LINE('',#1845,#1847);
#1849=EDGE_CURVE('',#1836,#1844,#1848,.T.);
#1850=ORIENTED_EDGE('',*,*,#1849,.T.);
#1851=CARTESIAN_POINT('',(359.082378153,-10.422566515,4.561697185));
#1852=VERTEX_POINT('',#1851);
#1853=CARTESIAN_POINT('',(359.082378153,-10.422566515,4.561697185));
#1854=DIRECTION('',(1.,0.,-0.));
#1855=VECTOR('',#1854,15.6);
#1856=LINE('',#1853,#1855);
#1857=EDGE_CURVE('',#1852,#1844,#1856,.T.);
#1858=ORIENTED_EDGE('',*,*,#1857,.F.);
#1859=CARTESIAN_POINT('',(359.082378153,-10.422566515,4.561697185));
#1860=DIRECTION('',(0.,1.,0.));
#1861=VECTOR('',#1860,15.6);
#1862=LINE('',#1859,#1861);
#1863=EDGE_CURVE('',#1852,#1834,#1862,.T.);
#1864=ORIENTED_EDGE('',*,*,#1863,.T.);
#1865=EDGE_LOOP('',(#1842,#1850,#1858,#1864));
#1866=FACE_BOUND('',#1865,.T.);
#1867=CARTESIAN_POINT('',(105.082378153,-82.452566515,4.561697185));
#1868=VERTEX_POINT('',#1867);
#1869=CARTESIAN_POINT('',(120.682378153,-82.452566515,4.561697185));
#1870=VERTEX_POINT('',#1869);
#1871=CARTESIAN_POINT('',(105.082378153,-82.452566515,4.561697185));
#1872=DIRECTION('',(1.,0.,-0.));
#1873=VECTOR('',#1872,15.6);
#1874=LINE('',#1871,#1873);
#1875=EDGE_CURVE('',#1868,#1870,#1874,.T.);
#1876=ORIENTED_EDGE('',*,*,#1875,.T.);
#1877=CARTESIAN_POINT('',(120.682378153,-98.052566515,4.561697185));
#1878=VERTEX_POINT('',#1877);
#1879=CARTESIAN_POINT('',(120.682378153,-82.452566515,4.561697185));
#1880=DIRECTION('',(0.,-1.,0.));
#1881=VECTOR('',#1880,15.6);
#1882=LINE('',#1879,#1881);
#1883=EDGE_CURVE('',#1870,#1878,#1882,.T.);
#1884=ORIENTED_EDGE('',*,*,#1883,.T.);
#1885=CARTESIAN_POINT('',(105.082378153,-98.052566515,4.561697185));
#1886=VERTEX_POINT('',#1885);
#1887=CARTESIAN_POINT('',(120.682378153,-98.052566515,4.561697185));
#1888=DIRECTION('',(-1.,0.,0.));
#1889=VECTOR('',#1888,15.6);
#1890=LINE('',#1887,#1889);
#1891=EDGE_CURVE('',#1878,#1886,#1890,.T.);
#1892=ORIENTED_EDGE('',*,*,#1891,.T.);
#1893=CARTESIAN_POINT('',(105.082378153,-98.052566515,4.561697185));
#1894=DIRECTION('',(0.,1.,0.));
#1895=VECTOR('',#1894,15.6);
#1896=LINE('',#1893,#1895);
#1897=EDGE_CURVE('',#1886,#1868,#1896,.T.);
#1898=ORIENTED_EDGE('',*,*,#1897,.T.);
#1899=EDGE_LOOP('',(#1876,#1884,#1892,#1898));
#1900=FACE_BOUND('',#1899,.T.);
#1901=CARTESIAN_POINT('',(106.552378153,-101.532566515,4.561697185));
#1902=VERTEX_POINT('',#1901);
#1903=CARTESIAN_POINT('',(112.552378153,-101.532566515,4.561697185));
#1904=VERTEX_POINT('',#1903);
#1905=CARTESIAN_POINT('',(106.552378153,-101.532566515,4.561697185));
#1906=DIRECTION('',(1.,-0.,0.));
#1907=VECTOR('',#1906,6.);
#1908=LINE('',#1905,#1907);
#1909=EDGE_CURVE('',#1902,#1904,#1908,.T.);
#1910=ORIENTED_EDGE('',*,*,#1909,.T.);
#1911=CARTESIAN_POINT('',(112.552378153,-121.532566515,4.561697185));
#1912=VERTEX_POINT('',#1911);
#1913=CARTESIAN_POINT('',(112.552378153,-101.532566515,4.561697185));
#1914=DIRECTION('',(0.,-1.,0.));
#1915=VECTOR('',#1914,20.);
#1916=LINE('',#1913,#1915);
#1917=EDGE_CURVE('',#1904,#1912,#1916,.T.);
#1918=ORIENTED_EDGE('',*,*,#1917,.T.);
#1919=CARTESIAN_POINT('',(106.552378153,-121.532566515,4.561697185));
#1920=VERTEX_POINT('',#1919);
#1921=CARTESIAN_POINT('',(112.552378153,-121.532566515,4.561697185));
#1922=DIRECTION('',(-1.,0.,0.));
#1923=VECTOR('',#1922,6.);
#1924=LINE('',#1921,#1923);
#1925=EDGE_CURVE('',#1912,#1920,#1924,.T.);
#1926=ORIENTED_EDGE('',*,*,#1925,.T.);
#1927=CARTESIAN_POINT('',(106.552378153,-121.532566515,4.561697185));
#1928=DIRECTION('',(0.,1.,0.));
#1929=VECTOR('',#1928,20.);
#1930=LINE('',#1927,#1929);
#1931=EDGE_CURVE('',#1920,#1902,#1930,.T.);
#1932=ORIENTED_EDGE('',*,*,#1931,.T.);
#1933=EDGE_LOOP('',(#1910,#1918,#1926,#1932));
#1934=FACE_BOUND('',#1933,.T.);
#1935=CARTESIAN_POINT('',(329.552378153,-57.532566515,4.561697185));
#1936=VERTEX_POINT('',#1935);
#1937=CARTESIAN_POINT('',(335.552378153,-57.532566515,4.561697185));
#1938=VERTEX_POINT('',#1937);
#1939=CARTESIAN_POINT('',(329.552378153,-57.532566515,4.561697185));
#1940=DIRECTION('',(1.,-0.,0.));
#1941=VECTOR('',#1940,6.);
#1942=LINE('',#1939,#1941);
#1943=EDGE_CURVE('',#1936,#1938,#1942,.T.);
#1944=ORIENTED_EDGE('',*,*,#1943,.T.);
#1945=CARTESIAN_POINT('',(335.552378153,-78.532566515,4.561697185));
#1946=VERTEX_POINT('',#1945);
#1947=CARTESIAN_POINT('',(335.552378153,-57.532566515,4.561697185));
#1948=DIRECTION('',(0.,-1.,0.));
#1949=VECTOR('',#1948,21.);
#1950=LINE('',#1947,#1949);
#1951=EDGE_CURVE('',#1938,#1946,#1950,.T.);
#1952=ORIENTED_EDGE('',*,*,#1951,.T.);
#1953=CARTESIAN_POINT('',(329.552378153,-78.532566515,4.561697185));
#1954=VERTEX_POINT('',#1953);
#1955=CARTESIAN_POINT('',(335.552378153,-78.532566515,4.561697185));
#1956=DIRECTION('',(-1.,0.,0.));
#1957=VECTOR('',#1956,6.);
#1958=LINE('',#1955,#1957);
#1959=EDGE_CURVE('',#1946,#1954,#1958,.T.);
#1960=ORIENTED_EDGE('',*,*,#1959,.T.);
#1961=CARTESIAN_POINT('',(329.552378153,-78.532566515,4.561697185));
#1962=DIRECTION('',(0.,1.,0.));
#1963=VECTOR('',#1962,21.);
#1964=LINE('',#1961,#1963);
#1965=EDGE_CURVE('',#1954,#1936,#1964,.T.);
#1966=ORIENTED_EDGE('',*,*,#1965,.T.);
#1967=EDGE_LOOP('',(#1944,#1952,#1960,#1966));
#1968=FACE_BOUND('',#1967,.T.);
#1969=CARTESIAN_POINT('',(222.557378153,-103.407566515,4.561697185));
#1970=VERTEX_POINT('',#1969);
#1971=CARTESIAN_POINT('',(238.157378153,-103.407566515,4.561697185));
#1972=VERTEX_POINT('',#1971);
#1973=CARTESIAN_POINT('',(222.557378153,-103.407566515,4.561697185));
#1974=DIRECTION('',(1.,0.,-0.));
#1975=VECTOR('',#1974,15.6);
#1976=LINE('',#1973,#1975);
#1977=EDGE_CURVE('',#1970,#1972,#1976,.T.);
#1978=ORIENTED_EDGE('',*,*,#1977,.T.);
#1979=CARTESIAN_POINT('',(238.157378153,-119.007566515,4.561697185));
#1980=VERTEX_POINT('',#1979);
#1981=CARTESIAN_POINT('',(238.157378153,-103.407566515,4.561697185));
#1982=DIRECTION('',(0.,-1.,0.));
#1983=VECTOR('',#1982,15.6);
#1984=LINE('',#1981,#1983);
#1985=EDGE_CURVE('',#1972,#1980,#1984,.T.);
#1986=ORIENTED_EDGE('',*,*,#1985,.T.);
#1987=CARTESIAN_POINT('',(222.557378153,-119.007566515,4.561697185));
#1988=VERTEX_POINT('',#1987);
#1989=CARTESIAN_POINT('',(222.557378153,-119.007566515,4.561697185));
#1990=DIRECTION('',(1.,0.,-0.));
#1991=VECTOR('',#1990,15.6);
#1992=LINE('',#1989,#1991);
#1993=EDGE_CURVE('',#1988,#1980,#1992,.T.);
#1994=ORIENTED_EDGE('',*,*,#1993,.F.);
#1995=CARTESIAN_POINT('',(222.557378153,-103.407566515,4.561697185));
#1996=DIRECTION('',(0.,-1.,0.));
#1997=VECTOR('',#1996,15.6);
#1998=LINE('',#1995,#1997);
#1999=EDGE_CURVE('',#1970,#1988,#1998,.T.);
#2000=ORIENTED_EDGE('',*,*,#1999,.F.);
#2001=EDGE_LOOP('',(#1978,#1986,#1994,#2000));
#2002=FACE_BOUND('',#2001,.T.);
#2003=CARTESIAN_POINT('',(210.492378153,-38.002566515,4.561697185));
#2004=VERTEX_POINT('',#2003);
#2005=CARTESIAN_POINT('',(226.092378153,-38.002566515,4.561697185));
#2006=VERTEX_POINT('',#2005);
#2007=CARTESIAN_POINT('',(210.492378153,-38.002566515,4.561697185));
#2008=DIRECTION('',(1.,0.,-0.));
#2009=VECTOR('',#2008,15.6);
#2010=LINE('',#2007,#2009);
#2011=EDGE_CURVE('',#2004,#2006,#2010,.T.);
#2012=ORIENTED_EDGE('',*,*,#2011,.T.);
#2013=CARTESIAN_POINT('',(226.092378153,-53.602566515,4.561697185));
#2014=VERTEX_POINT('',#2013);
#2015=CARTESIAN_POINT('',(226.092378153,-38.002566515,4.561697185));
#2016=DIRECTION('',(0.,-1.,0.));
#2017=VECTOR('',#2016,15.6);
#2018=LINE('',#2015,#2017);
#2019=EDGE_CURVE('',#2006,#2014,#2018,.T.);
#2020=ORIENTED_EDGE('',*,*,#2019,.T.);
#2021=CARTESIAN_POINT('',(210.492378153,-53.602566515,4.561697185));
#2022=VERTEX_POINT('',#2021);
#2023=CARTESIAN_POINT('',(226.092378153,-53.602566515,4.561697185));
#2024=DIRECTION('',(-1.,0.,0.));
#2025=VECTOR('',#2024,15.6);
#2026=LINE('',#2023,#2025);
#2027=EDGE_CURVE('',#2014,#2022,#2026,.T.);
#2028=ORIENTED_EDGE('',*,*,#2027,.T.);
#2029=CARTESIAN_POINT('',(210.492378153,-53.602566515,4.561697185));
#2030=DIRECTION('',(0.,1.,0.));
#2031=VECTOR('',#2030,15.6);
#2032=LINE('',#2029,#2031);
#2033=EDGE_CURVE('',#2022,#2004,#2032,.T.);
#2034=ORIENTED_EDGE('',*,*,#2033,.T.);
#2035=EDGE_LOOP('',(#2012,#2020,#2028,#2034));
#2036=FACE_BOUND('',#2035,.T.);
#2037=CARTESIAN_POINT('',(251.132378153,-16.412566515,4.561697185));
#2038=VERTEX_POINT('',#2037);
#2039=CARTESIAN_POINT('',(266.732378153,-16.412566515,4.561697185));
#2040=VERTEX_POINT('',#2039);
#2041=CARTESIAN_POINT('',(251.132378153,-16.412566515,4.561697185));
#2042=DIRECTION('',(1.,0.,-0.));
#2043=VECTOR('',#2042,15.6);
#2044=LINE('',#2041,#2043);
#2045=EDGE_CURVE('',#2038,#2040,#2044,.T.);
#2046=ORIENTED_EDGE('',*,*,#2045,.T.);
#2047=CARTESIAN_POINT('',(266.732378153,-32.012566515,4.561697185));
#2048=VERTEX_POINT('',#2047);
#2049=CARTESIAN_POINT('',(266.732378153,-16.412566515,4.561697185));
#2050=DIRECTION('',(0.,-1.,0.));
#2051=VECTOR('',#2050,15.6);
#2052=LINE('',#2049,#2051);
#2053=EDGE_CURVE('',#2040,#2048,#2052,.T.);
#2054=ORIENTED_EDGE('',*,*,#2053,.T.);
#2055=CARTESIAN_POINT('',(251.132378153,-32.012566515,4.561697185));
#2056=VERTEX_POINT('',#2055);
#2057=CARTESIAN_POINT('',(251.132378153,-32.012566515,4.561697185));
#2058=DIRECTION('',(1.,0.,-0.));
#2059=VECTOR('',#2058,15.6);
#2060=LINE('',#2057,#2059);
#2061=EDGE_CURVE('',#2056,#2048,#2060,.T.);
#2062=ORIENTED_EDGE('',*,*,#2061,.F.);
#2063=CARTESIAN_POINT('',(251.132378153,-16.412566515,4.561697185));
#2064=DIRECTION('',(0.,-1.,0.));
#2065=VECTOR('',#2064,15.6);
#2066=LINE('',#2063,#2065);
#2067=EDGE_CURVE('',#2038,#2056,#2066,.T.);
#2068=ORIENTED_EDGE('',*,*,#2067,.F.);
#2069=EDGE_LOOP('',(#2046,#2054,#2062,#2068));
#2070=FACE_BOUND('',#2069,.T.);
#2071=CARTESIAN_POINT('',(172.392378153,-59.592566515,4.561697185));
#2072=VERTEX_POINT('',#2071);
#2073=CARTESIAN_POINT('',(187.992378153,-59.592566515,4.561697185));
#2074=VERTEX_POINT('',#2073);
#2075=CARTESIAN_POINT('',(172.392378153,-59.592566515,4.561697185));
#2076=DIRECTION('',(1.,0.,-0.));
#2077=VECTOR('',#2076,15.6);
#2078=LINE('',#2075,#2077);
#2079=EDGE_CURVE('',#2072,#2074,#2078,.T.);
#2080=ORIENTED_EDGE('',*,*,#2079,.T.);
#2081=CARTESIAN_POINT('',(187.992378153,-75.192566515,4.561697185));
#2082=VERTEX_POINT('',#2081);
#2083=CARTESIAN_POINT('',(187.992378153,-59.592566515,4.561697185));
#2084=DIRECTION('',(0.,-1.,0.));
#2085=VECTOR('',#2084,15.6);
#2086=LINE('',#2083,#2085);
#2087=EDGE_CURVE('',#2074,#2082,#2086,.T.);
#2088=ORIENTED_EDGE('',*,*,#2087,.T.);
#2089=CARTESIAN_POINT('',(172.392378153,-75.192566515,4.561697185));
#2090=VERTEX_POINT('',#2089);
#2091=CARTESIAN_POINT('',(172.392378153,-75.192566515,4.561697185));
#2092=DIRECTION('',(1.,0.,-0.));
#2093=VECTOR('',#2092,15.6);
#2094=LINE('',#2091,#2093);
#2095=EDGE_CURVE('',#2090,#2082,#2094,.T.);
#2096=ORIENTED_EDGE('',*,*,#2095,.F.);
#2097=CARTESIAN_POINT('',(172.392378153,-59.592566515,4.561697185));
#2098=DIRECTION('',(0.,-1.,0.));
#2099=VECTOR('',#2098,15.6);
#2100=LINE('',#2097,#2099);
#2101=EDGE_CURVE('',#2072,#2090,#2100,.T.);
#2102=ORIENTED_EDGE('',*,*,#2101,.F.);
#2103=EDGE_LOOP('',(#2080,#2088,#2096,#2102));
#2104=FACE_BOUND('',#2103,.T.);
#2105=CARTESIAN_POINT('',(37.137378153,-103.407566515,4.561697185));
#2106=VERTEX_POINT('',#2105);
#2107=CARTESIAN_POINT('',(52.737378153,-103.407566515,4.561697185));
#2108=VERTEX_POINT('',#2107);
#2109=CARTESIAN_POINT('',(37.137378153,-103.407566515,4.561697185));
#2110=DIRECTION('',(1.,0.,-0.));
#2111=VECTOR('',#2110,15.6);
#2112=LINE('',#2109,#2111);
#2113=EDGE_CURVE('',#2106,#2108,#2112,.T.);
#2114=ORIENTED_EDGE('',*,*,#2113,.T.);
#2115=CARTESIAN_POINT('',(52.737378153,-119.007566515,4.561697185));
#2116=VERTEX_POINT('',#2115);
#2117=CARTESIAN_POINT('',(52.737378153,-103.407566515,4.561697185));
#2118=DIRECTION('',(0.,-1.,0.));
#2119=VECTOR('',#2118,15.6);
#2120=LINE('',#2117,#2119);
#2121=EDGE_CURVE('',#2108,#2116,#2120,.T.);
#2122=ORIENTED_EDGE('',*,*,#2121,.T.);
#2123=CARTESIAN_POINT('',(37.137378153,-119.007566515,4.561697185));
#2124=VERTEX_POINT('',#2123);
#2125=CARTESIAN_POINT('',(52.737378153,-119.007566515,4.561697185));
#2126=DIRECTION('',(-1.,0.,0.));
#2127=VECTOR('',#2126,15.6);
#2128=LINE('',#2125,#2127);
#2129=EDGE_CURVE('',#2116,#2124,#2128,.T.);
#2130=ORIENTED_EDGE('',*,*,#2129,.T.);
#2131=CARTESIAN_POINT('',(37.137378153,-119.007566515,4.561697185));
#2132=DIRECTION('',(0.,1.,0.));
#2133=VECTOR('',#2132,15.6);
#2134=LINE('',#2131,#2133);
#2135=EDGE_CURVE('',#2124,#2106,#2134,.T.);
#2136=ORIENTED_EDGE('',*,*,#2135,.T.);
#2137=EDGE_LOOP('',(#2114,#2122,#2130,#2136));
#2138=FACE_BOUND('',#2137,.T.);
#2139=CARTESIAN_POINT('',(78.412378153,-16.412566515,4.561697185));
#2140=VERTEX_POINT('',#2139);
#2141=CARTESIAN_POINT('',(94.012378153,-16.412566515,4.561697185));
#2142=VERTEX_POINT('',#2141);
#2143=CARTESIAN_POINT('',(78.412378153,-16.412566515,4.561697185));
#2144=DIRECTION('',(1.,0.,-0.));
#2145=VECTOR('',#2144,15.6);
#2146=LINE('',#2143,#2145);
#2147=EDGE_CURVE('',#2140,#2142,#2146,.T.);
#2148=ORIENTED_EDGE('',*,*,#2147,.T.);
#2149=CARTESIAN_POINT('',(94.012378153,-32.012566515,4.561697185));
#2150=VERTEX_POINT('',#2149);
#2151=CARTESIAN_POINT('',(94.012378153,-16.412566515,4.561697185));
#2152=DIRECTION('',(0.,-1.,0.));
#2153=VECTOR('',#2152,15.6);
#2154=LINE('',#2151,#2153);
#2155=EDGE_CURVE('',#2142,#2150,#2154,.T.);
#2156=ORIENTED_EDGE('',*,*,#2155,.T.);
#2157=CARTESIAN_POINT('',(78.412378153,-32.012566515,4.561697185));
#2158=VERTEX_POINT('',#2157);
#2159=CARTESIAN_POINT('',(94.012378153,-32.012566515,4.561697185));
#2160=DIRECTION('',(-1.,0.,0.));
#2161=VECTOR('',#2160,15.6);
#2162=LINE('',#2159,#2161);
#2163=EDGE_CURVE('',#2150,#2158,#2162,.T.);
#2164=ORIENTED_EDGE('',*,*,#2163,.T.);
#2165=CARTESIAN_POINT('',(78.412378153,-32.012566515,4.561697185));
#2166=DIRECTION('',(0.,1.,0.));
#2167=VECTOR('',#2166,15.6);
#2168=LINE('',#2165,#2167);
#2169=EDGE_CURVE('',#2158,#2140,#2168,.T.);
#2170=ORIENTED_EDGE('',*,*,#2169,.T.);
#2171=EDGE_LOOP('',(#2148,#2156,#2164,#2170));
#2172=FACE_BOUND('',#2171,.T.);
#2173=CARTESIAN_POINT('',(59.362378153,-103.407566515,4.561697185));
#2174=VERTEX_POINT('',#2173);
#2175=CARTESIAN_POINT('',(74.962378153,-103.407566515,4.561697185));
#2176=VERTEX_POINT('',#2175);
#2177=CARTESIAN_POINT('',(59.362378153,-103.407566515,4.561697185));
#2178=DIRECTION('',(1.,0.,-0.));
#2179=VECTOR('',#2178,15.6);
#2180=LINE('',#2177,#2179);
#2181=EDGE_CURVE('',#2174,#2176,#2180,.T.);
#2182=ORIENTED_EDGE('',*,*,#2181,.T.);
#2183=CARTESIAN_POINT('',(74.962378153,-119.007566515,4.561697185));
#2184=VERTEX_POINT('',#2183);
#2185=CARTESIAN_POINT('',(74.962378153,-103.407566515,4.561697185));
#2186=DIRECTION('',(0.,-1.,0.));
#2187=VECTOR('',#2186,15.6);
#2188=LINE('',#2185,#2187);
#2189=EDGE_CURVE('',#2176,#2184,#2188,.T.);
#2190=ORIENTED_EDGE('',*,*,#2189,.T.);
#2191=CARTESIAN_POINT('',(59.362378153,-119.007566515,4.561697185));
#2192=VERTEX_POINT('',#2191);
#2193=CARTESIAN_POINT('',(74.962378153,-119.007566515,4.561697185));
#2194=DIRECTION('',(-1.,0.,0.));
#2195=VECTOR('',#2194,15.6);
#2196=LINE('',#2193,#2195);
#2197=EDGE_CURVE('',#2184,#2192,#2196,.T.);
#2198=ORIENTED_EDGE('',*,*,#2197,.T.);
#2199=CARTESIAN_POINT('',(59.362378153,-119.007566515,4.561697185));
#2200=DIRECTION('',(0.,1.,0.));
#2201=VECTOR('',#2200,15.6);
#2202=LINE('',#2199,#2201);
#2203=EDGE_CURVE('',#2192,#2174,#2202,.T.);
#2204=ORIENTED_EDGE('',*,*,#2203,.T.);
#2205=EDGE_LOOP('',(#2182,#2190,#2198,#2204));
#2206=FACE_BOUND('',#2205,.T.);
#2207=CARTESIAN_POINT('',(249.862378153,5.177433485,4.561697185));
#2208=VERTEX_POINT('',#2207);
#2209=CARTESIAN_POINT('',(265.462378153,5.177433485,4.561697185));
#2210=VERTEX_POINT('',#2209);
#2211=CARTESIAN_POINT('',(249.862378153,5.177433485,4.561697185));
#2212=DIRECTION('',(1.,0.,-0.));
#2213=VECTOR('',#2212,15.6);
#2214=LINE('',#2211,#2213);
#2215=EDGE_CURVE('',#2208,#2210,#2214,.T.);
#2216=ORIENTED_EDGE('',*,*,#2215,.T.);
#2217=CARTESIAN_POINT('',(265.462378153,-10.422566515,4.561697185));
#2218=VERTEX_POINT('',#2217);
#2219=CARTESIAN_POINT('',(265.462378153,5.177433485,4.561697185));
#2220=DIRECTION('',(0.,-1.,0.));
#2221=VECTOR('',#2220,15.6);
#2222=LINE('',#2219,#2221);
#2223=EDGE_CURVE('',#2210,#2218,#2222,.T.);
#2224=ORIENTED_EDGE('',*,*,#2223,.T.);
#2225=CARTESIAN_POINT('',(249.862378153,-10.422566515,4.561697185));
#2226=VERTEX_POINT('',#2225);
#2227=CARTESIAN_POINT('',(249.862378153,-10.422566515,4.561697185));
#2228=DIRECTION('',(1.,0.,-0.));
#2229=VECTOR('',#2228,15.6);
#2230=LINE('',#2227,#2229);
#2231=EDGE_CURVE('',#2226,#2218,#2230,.T.);
#2232=ORIENTED_EDGE('',*,*,#2231,.F.);
#2233=CARTESIAN_POINT('',(249.862378153,5.177433485,4.561697185));
#2234=DIRECTION('',(0.,-1.,0.));
#2235=VECTOR('',#2234,15.6);
#2236=LINE('',#2233,#2235);
#2237=EDGE_CURVE('',#2208,#2226,#2236,.T.);
#2238=ORIENTED_EDGE('',*,*,#2237,.F.);
#2239=EDGE_LOOP('',(#2216,#2224,#2232,#2238));
#2240=FACE_BOUND('',#2239,.T.);
#2241=CARTESIAN_POINT('',(65.552378153,-79.532566515,4.561697185));
#2242=VERTEX_POINT('',#2241);
#2243=CARTESIAN_POINT('',(71.552378153,-79.532566515,4.561697185));
#2244=VERTEX_POINT('',#2243);
#2245=CARTESIAN_POINT('',(65.552378153,-79.532566515,4.561697185));
#2246=DIRECTION('',(1.,0.,-0.));
#2247=VECTOR('',#2246,6.);
#2248=LINE('',#2245,#2247);
#2249=EDGE_CURVE('',#2242,#2244,#2248,.T.);
#2250=ORIENTED_EDGE('',*,*,#2249,.T.);
#2251=CARTESIAN_POINT('',(71.552378153,-100.532566515,4.561697185));
#2252=VERTEX_POINT('',#2251);
#2253=CARTESIAN_POINT('',(71.552378153,-79.532566515,4.561697185));
#2254=DIRECTION('',(0.,-1.,0.));
#2255=VECTOR('',#2254,21.);
#2256=LINE('',#2253,#2255);
#2257=EDGE_CURVE('',#2244,#2252,#2256,.T.);
#2258=ORIENTED_EDGE('',*,*,#2257,.T.);
#2259=CARTESIAN_POINT('',(65.552378153,-100.532566515,4.561697185));
#2260=VERTEX_POINT('',#2259);
#2261=CARTESIAN_POINT('',(71.552378153,-100.532566515,4.561697185));
#2262=DIRECTION('',(-1.,-0.,0.));
#2263=VECTOR('',#2262,6.);
#2264=LINE('',#2261,#2263);
#2265=EDGE_CURVE('',#2252,#2260,#2264,.T.);
#2266=ORIENTED_EDGE('',*,*,#2265,.T.);
#2267=CARTESIAN_POINT('',(65.552378153,-100.532566515,4.561697185));
#2268=DIRECTION('',(0.,1.,0.));
#2269=VECTOR('',#2268,21.);
#2270=LINE('',#2267,#2269);
#2271=EDGE_CURVE('',#2260,#2242,#2270,.T.);
#2272=ORIENTED_EDGE('',*,*,#2271,.T.);
#2273=EDGE_LOOP('',(#2250,#2258,#2266,#2272));
#2274=FACE_BOUND('',#2273,.T.);
#2275=CARTESIAN_POINT('',(229.542378153,-16.412566515,4.561697185));
#2276=VERTEX_POINT('',#2275);
#2277=CARTESIAN_POINT('',(245.142378153,-16.412566515,4.561697185));
#2278=VERTEX_POINT('',#2277);
#2279=CARTESIAN_POINT('',(229.542378153,-16.412566515,4.561697185));
#2280=DIRECTION('',(1.,0.,-0.));
#2281=VECTOR('',#2280,15.6);
#2282=LINE('',#2279,#2281);
#2283=EDGE_CURVE('',#2276,#2278,#2282,.T.);
#2284=ORIENTED_EDGE('',*,*,#2283,.T.);
#2285=CARTESIAN_POINT('',(245.142378153,-32.012566515,4.561697185));
#2286=VERTEX_POINT('',#2285);
#2287=CARTESIAN_POINT('',(245.142378153,-16.412566515,4.561697185));
#2288=DIRECTION('',(0.,-1.,0.));
#2289=VECTOR('',#2288,15.6);
#2290=LINE('',#2287,#2289);
#2291=EDGE_CURVE('',#2278,#2286,#2290,.T.);
#2292=ORIENTED_EDGE('',*,*,#2291,.T.);
#2293=CARTESIAN_POINT('',(229.542378153,-32.012566515,4.561697185));
#2294=VERTEX_POINT('',#2293);
#2295=CARTESIAN_POINT('',(229.542378153,-32.012566515,4.561697185));
#2296=DIRECTION('',(1.,0.,-0.));
#2297=VECTOR('',#2296,15.6);
#2298=LINE('',#2295,#2297);
#2299=EDGE_CURVE('',#2294,#2286,#2298,.T.);
#2300=ORIENTED_EDGE('',*,*,#2299,.F.);
#2301=CARTESIAN_POINT('',(229.542378153,-32.012566515,4.561697185));
#2302=DIRECTION('',(0.,1.,0.));
#2303=VECTOR('',#2302,15.6);
#2304=LINE('',#2301,#2303);
#2305=EDGE_CURVE('',#2294,#2276,#2304,.T.);
#2306=ORIENTED_EDGE('',*,*,#2305,.T.);
#2307=EDGE_LOOP('',(#2284,#2292,#2300,#2306));
#2308=FACE_BOUND('',#2307,.T.);
#2309=CARTESIAN_POINT('',(258.752378153,-59.592566515,4.561697185));
#2310=VERTEX_POINT('',#2309);
#2311=CARTESIAN_POINT('',(274.352378153,-59.592566515,4.561697185));
#2312=VERTEX_POINT('',#2311);
#2313=CARTESIAN_POINT('',(258.752378153,-59.592566515,4.561697185));
#2314=DIRECTION('',(1.,0.,-0.));
#2315=VECTOR('',#2314,15.6);
#2316=LINE('',#2313,#2315);
#2317=EDGE_CURVE('',#2310,#2312,#2316,.T.);
#2318=ORIENTED_EDGE('',*,*,#2317,.T.);
#2319=CARTESIAN_POINT('',(274.352378153,-75.192566515,4.561697185));
#2320=VERTEX_POINT('',#2319);
#2321=CARTESIAN_POINT('',(274.352378153,-59.592566515,4.561697185));
#2322=DIRECTION('',(0.,-1.,0.));
#2323=VECTOR('',#2322,15.6);
#2324=LINE('',#2321,#2323);
#2325=EDGE_CURVE('',#2312,#2320,#2324,.T.);
#2326=ORIENTED_EDGE('',*,*,#2325,.T.);
#2327=CARTESIAN_POINT('',(258.752378153,-75.192566515,4.561697185));
#2328=VERTEX_POINT('',#2327);
#2329=CARTESIAN_POINT('',(258.752378153,-75.192566515,4.561697185));
#2330=DIRECTION('',(1.,0.,-0.));
#2331=VECTOR('',#2330,15.6);
#2332=LINE('',#2329,#2331);
#2333=EDGE_CURVE('',#2328,#2320,#2332,.T.);
#2334=ORIENTED_EDGE('',*,*,#2333,.F.);
#2335=CARTESIAN_POINT('',(258.752378153,-75.192566515,4.561697185));
#2336=DIRECTION('',(0.,1.,0.));
#2337=VECTOR('',#2336,15.6);
#2338=LINE('',#2335,#2337);
#2339=EDGE_CURVE('',#2328,#2310,#2338,.T.);
#2340=ORIENTED_EDGE('',*,*,#2339,.T.);
#2341=EDGE_LOOP('',(#2318,#2326,#2334,#2340));
#2342=FACE_BOUND('',#2341,.T.);
#2343=CARTESIAN_POINT('',(181.282378153,5.177433485,4.561697185));
#2344=VERTEX_POINT('',#2343);
#2345=CARTESIAN_POINT('',(196.882378153,5.177433485,4.561697185));
#2346=VERTEX_POINT('',#2345);
#2347=CARTESIAN_POINT('',(181.282378153,5.177433485,4.561697185));
#2348=DIRECTION('',(1.,0.,-0.));
#2349=VECTOR('',#2348,15.6);
#2350=LINE('',#2347,#2349);
#2351=EDGE_CURVE('',#2344,#2346,#2350,.T.);
#2352=ORIENTED_EDGE('',*,*,#2351,.T.);
#2353=CARTESIAN_POINT('',(196.882378153,-10.422566515,4.561697185));
#2354=VERTEX_POINT('',#2353);
#2355=CARTESIAN_POINT('',(196.882378153,5.177433485,4.561697185));
#2356=DIRECTION('',(0.,-1.,0.));
#2357=VECTOR('',#2356,15.6);
#2358=LINE('',#2355,#2357);
#2359=EDGE_CURVE('',#2346,#2354,#2358,.T.);
#2360=ORIENTED_EDGE('',*,*,#2359,.T.);
#2361=CARTESIAN_POINT('',(181.282378153,-10.422566515,4.561697185));
#2362=VERTEX_POINT('',#2361);
#2363=CARTESIAN_POINT('',(181.282378153,-10.422566515,4.561697185));
#2364=DIRECTION('',(1.,0.,-0.));
#2365=VECTOR('',#2364,15.6);
#2366=LINE('',#2363,#2365);
#2367=EDGE_CURVE('',#2362,#2354,#2366,.T.);
#2368=ORIENTED_EDGE('',*,*,#2367,.F.);
#2369=CARTESIAN_POINT('',(181.282378153,-10.422566515,4.561697185));
#2370=DIRECTION('',(0.,1.,0.));
#2371=VECTOR('',#2370,15.6);
#2372=LINE('',#2369,#2371);
#2373=EDGE_CURVE('',#2362,#2344,#2372,.T.);
#2374=ORIENTED_EDGE('',*,*,#2373,.T.);
#2375=EDGE_LOOP('',(#2352,#2360,#2368,#2374));
#2376=FACE_BOUND('',#2375,.T.);
#2377=CARTESIAN_POINT('',(207.552378153,-101.532566515,4.561697185));
#2378=VERTEX_POINT('',#2377);
#2379=CARTESIAN_POINT('',(212.552378153,-101.532566515,4.561697185));
#2380=VERTEX_POINT('',#2379);
#2381=CARTESIAN_POINT('',(207.552378153,-101.532566515,4.561697185));
#2382=DIRECTION('',(1.,-0.,0.));
#2383=VECTOR('',#2382,5.);
#2384=LINE('',#2381,#2383);
#2385=EDGE_CURVE('',#2378,#2380,#2384,.T.);
#2386=ORIENTED_EDGE('',*,*,#2385,.T.);
#2387=CARTESIAN_POINT('',(212.552378153,-121.532566515,4.561697185));
#2388=VERTEX_POINT('',#2387);
#2389=CARTESIAN_POINT('',(212.552378153,-101.532566515,4.561697185));
#2390=DIRECTION('',(0.,-1.,0.));
#2391=VECTOR('',#2390,20.);
#2392=LINE('',#2389,#2391);
#2393=EDGE_CURVE('',#2380,#2388,#2392,.T.);
#2394=ORIENTED_EDGE('',*,*,#2393,.T.);
#2395=CARTESIAN_POINT('',(207.552378153,-121.532566515,4.561697185));
#2396=VERTEX_POINT('',#2395);
#2397=CARTESIAN_POINT('',(212.552378153,-121.532566515,4.561697185));
#2398=DIRECTION('',(-1.,0.,0.));
#2399=VECTOR('',#2398,5.);
#2400=LINE('',#2397,#2399);
#2401=EDGE_CURVE('',#2388,#2396,#2400,.T.);
#2402=ORIENTED_EDGE('',*,*,#2401,.T.);
#2403=CARTESIAN_POINT('',(207.552378153,-121.532566515,4.561697185));
#2404=DIRECTION('',(0.,1.,0.));
#2405=VECTOR('',#2404,20.);
#2406=LINE('',#2403,#2405);
#2407=EDGE_CURVE('',#2396,#2378,#2406,.T.);
#2408=ORIENTED_EDGE('',*,*,#2407,.T.);
#2409=EDGE_LOOP('',(#2386,#2394,#2402,#2408));
#2410=FACE_BOUND('',#2409,.T.);
#2411=CARTESIAN_POINT('',(35.232378153,5.177433485,4.561697185));
#2412=VERTEX_POINT('',#2411);
#2413=CARTESIAN_POINT('',(50.832378153,5.177433485,4.561697185));
#2414=VERTEX_POINT('',#2413);
#2415=CARTESIAN_POINT('',(35.232378153,5.177433485,4.561697185));
#2416=DIRECTION('',(1.,0.,-0.));
#2417=VECTOR('',#2416,15.6);
#2418=LINE('',#2415,#2417);
#2419=EDGE_CURVE('',#2412,#2414,#2418,.T.);
#2420=ORIENTED_EDGE('',*,*,#2419,.T.);
#2421=CARTESIAN_POINT('',(50.832378153,-10.422566515,4.561697185));
#2422=VERTEX_POINT('',#2421);
#2423=CARTESIAN_POINT('',(50.832378153,5.177433485,4.561697185));
#2424=DIRECTION('',(0.,-1.,0.));
#2425=VECTOR('',#2424,15.6);
#2426=LINE('',#2423,#2425);
#2427=EDGE_CURVE('',#2414,#2422,#2426,.T.);
#2428=ORIENTED_EDGE('',*,*,#2427,.T.);
#2429=CARTESIAN_POINT('',(35.232378153,-10.422566515,4.561697185));
#2430=VERTEX_POINT('',#2429);
#2431=CARTESIAN_POINT('',(50.832378153,-10.422566515,4.561697185));
#2432=DIRECTION('',(-1.,0.,0.));
#2433=VECTOR('',#2432,15.6);
#2434=LINE('',#2431,#2433);
#2435=EDGE_CURVE('',#2422,#2430,#2434,.T.);
#2436=ORIENTED_EDGE('',*,*,#2435,.T.);
#2437=CARTESIAN_POINT('',(35.232378153,-10.422566515,4.561697185));
#2438=DIRECTION('',(0.,1.,0.));
#2439=VECTOR('',#2438,15.6);
#2440=LINE('',#2437,#2439);
#2441=EDGE_CURVE('',#2430,#2412,#2440,.T.);
#2442=ORIENTED_EDGE('',*,*,#2441,.T.);
#2443=EDGE_LOOP('',(#2420,#2428,#2436,#2442));
#2444=FACE_BOUND('',#2443,.T.);
#2445=CARTESIAN_POINT('',(243.512378153,-103.407566515,4.561697185));
#2446=VERTEX_POINT('',#2445);
#2447=CARTESIAN_POINT('',(259.112378153,-103.407566515,4.561697185));
#2448=VERTEX_POINT('',#2447);
#2449=CARTESIAN_POINT('',(243.512378153,-103.407566515,4.561697185));
#2450=DIRECTION('',(1.,0.,-0.));
#2451=VECTOR('',#2450,15.6);
#2452=LINE('',#2449,#2451);
#2453=EDGE_CURVE('',#2446,#2448,#2452,.T.);
#2454=ORIENTED_EDGE('',*,*,#2453,.T.);
#2455=CARTESIAN_POINT('',(259.112378153,-119.007566515,4.561697185));
#2456=VERTEX_POINT('',#2455);
#2457=CARTESIAN_POINT('',(259.112378153,-103.407566515,4.561697185));
#2458=DIRECTION('',(0.,-1.,0.));
#2459=VECTOR('',#2458,15.6);
#2460=LINE('',#2457,#2459);
#2461=EDGE_CURVE('',#2448,#2456,#2460,.T.);
#2462=ORIENTED_EDGE('',*,*,#2461,.T.);
#2463=CARTESIAN_POINT('',(243.512378153,-119.007566515,4.561697185));
#2464=VERTEX_POINT('',#2463);
#2465=CARTESIAN_POINT('',(243.512378153,-119.007566515,4.561697185));
#2466=DIRECTION('',(1.,0.,-0.));
#2467=VECTOR('',#2466,15.6);
#2468=LINE('',#2465,#2467);
#2469=EDGE_CURVE('',#2464,#2456,#2468,.T.);
#2470=ORIENTED_EDGE('',*,*,#2469,.F.);
#2471=CARTESIAN_POINT('',(243.512378153,-119.007566515,4.561697185));
#2472=DIRECTION('',(0.,1.,0.));
#2473=VECTOR('',#2472,15.6);
#2474=LINE('',#2471,#2473);
#2475=EDGE_CURVE('',#2464,#2446,#2474,.T.);
#2476=ORIENTED_EDGE('',*,*,#2475,.T.);
#2477=EDGE_LOOP('',(#2454,#2462,#2470,#2476));
#2478=FACE_BOUND('',#2477,.T.);
#2479=CARTESIAN_POINT('',(171.122378153,-82.452566515,4.561697185));
#2480=VERTEX_POINT('',#2479);
#2481=CARTESIAN_POINT('',(186.722378153,-82.452566515,4.561697185));
#2482=VERTEX_POINT('',#2481);
#2483=CARTESIAN_POINT('',(171.122378153,-82.452566515,4.561697185));
#2484=DIRECTION('',(1.,0.,-0.));
#2485=VECTOR('',#2484,15.6);
#2486=LINE('',#2483,#2485);
#2487=EDGE_CURVE('',#2480,#2482,#2486,.T.);
#2488=ORIENTED_EDGE('',*,*,#2487,.T.);
#2489=CARTESIAN_POINT('',(186.722378153,-98.052566515,4.561697185));
#2490=VERTEX_POINT('',#2489);
#2491=CARTESIAN_POINT('',(186.722378153,-82.452566515,4.561697185));
#2492=DIRECTION('',(0.,-1.,0.));
#2493=VECTOR('',#2492,15.6);
#2494=LINE('',#2491,#2493);
#2495=EDGE_CURVE('',#2482,#2490,#2494,.T.);
#2496=ORIENTED_EDGE('',*,*,#2495,.T.);
#2497=CARTESIAN_POINT('',(171.122378153,-98.052566515,4.561697185));
#2498=VERTEX_POINT('',#2497);
#2499=CARTESIAN_POINT('',(171.122378153,-98.052566515,4.561697185));
#2500=DIRECTION('',(1.,0.,-0.));
#2501=VECTOR('',#2500,15.6);
#2502=LINE('',#2499,#2501);
#2503=EDGE_CURVE('',#2498,#2490,#2502,.T.);
#2504=ORIENTED_EDGE('',*,*,#2503,.F.);
#2505=CARTESIAN_POINT('',(171.122378153,-98.052566515,4.561697185));
#2506=DIRECTION('',(0.,1.,0.));
#2507=VECTOR('',#2506,15.6);
#2508=LINE('',#2505,#2507);
#2509=EDGE_CURVE('',#2498,#2480,#2508,.T.);
#2510=ORIENTED_EDGE('',*,*,#2509,.T.);
#2511=EDGE_LOOP('',(#2488,#2496,#2504,#2510));
#2512=FACE_BOUND('',#2511,.T.);
#2513=CARTESIAN_POINT('',(121.592378153,-16.412566515,4.561697185));
#2514=VERTEX_POINT('',#2513);
#2515=CARTESIAN_POINT('',(137.192378153,-16.412566515,4.561697185));
#2516=VERTEX_POINT('',#2515);
#2517=CARTESIAN_POINT('',(121.592378153,-16.412566515,4.561697185));
#2518=DIRECTION('',(1.,0.,-0.));
#2519=VECTOR('',#2518,15.6);
#2520=LINE('',#2517,#2519);
#2521=EDGE_CURVE('',#2514,#2516,#2520,.T.);
#2522=ORIENTED_EDGE('',*,*,#2521,.T.);
#2523=CARTESIAN_POINT('',(137.192378153,-32.012566515,4.561697185));
#2524=VERTEX_POINT('',#2523);
#2525=CARTESIAN_POINT('',(137.192378153,-16.412566515,4.561697185));
#2526=DIRECTION('',(0.,-1.,0.));
#2527=VECTOR('',#2526,15.6);
#2528=LINE('',#2525,#2527);
#2529=EDGE_CURVE('',#2516,#2524,#2528,.T.);
#2530=ORIENTED_EDGE('',*,*,#2529,.T.);
#2531=CARTESIAN_POINT('',(121.592378153,-32.012566515,4.561697185));
#2532=VERTEX_POINT('',#2531);
#2533=CARTESIAN_POINT('',(121.592378153,-32.012566515,4.561697185));
#2534=DIRECTION('',(1.,0.,-0.));
#2535=VECTOR('',#2534,15.6);
#2536=LINE('',#2533,#2535);
#2537=EDGE_CURVE('',#2532,#2524,#2536,.T.);
#2538=ORIENTED_EDGE('',*,*,#2537,.F.);
#2539=CARTESIAN_POINT('',(121.592378153,-32.012566515,4.561697185));
#2540=DIRECTION('',(0.,1.,0.));
#2541=VECTOR('',#2540,15.6);
#2542=LINE('',#2539,#2541);
#2543=EDGE_CURVE('',#2532,#2514,#2542,.T.);
#2544=ORIENTED_EDGE('',*,*,#2543,.T.);
#2545=EDGE_LOOP('',(#2522,#2530,#2538,#2544));
#2546=FACE_BOUND('',#2545,.T.);
#2547=CARTESIAN_POINT('',(301.932378153,-82.452566515,4.561697185));
#2548=VERTEX_POINT('',#2547);
#2549=CARTESIAN_POINT('',(317.532378153,-82.452566515,4.561697185));
#2550=VERTEX_POINT('',#2549);
#2551=CARTESIAN_POINT('',(301.932378153,-82.452566515,4.561697185));
#2552=DIRECTION('',(1.,0.,-0.));
#2553=VECTOR('',#2552,15.6);
#2554=LINE('',#2551,#2553);
#2555=EDGE_CURVE('',#2548,#2550,#2554,.T.);
#2556=ORIENTED_EDGE('',*,*,#2555,.T.);
#2557=CARTESIAN_POINT('',(317.532378153,-98.052566515,4.561697185));
#2558=VERTEX_POINT('',#2557);
#2559=CARTESIAN_POINT('',(317.532378153,-82.452566515,4.561697185));
#2560=DIRECTION('',(0.,-1.,0.));
#2561=VECTOR('',#2560,15.6);
#2562=LINE('',#2559,#2561);
#2563=EDGE_CURVE('',#2550,#2558,#2562,.T.);
#2564=ORIENTED_EDGE('',*,*,#2563,.T.);
#2565=CARTESIAN_POINT('',(301.932378153,-98.052566515,4.561697185));
#2566=VERTEX_POINT('',#2565);
#2567=CARTESIAN_POINT('',(301.932378153,-98.052566515,4.561697185));
#2568=DIRECTION('',(1.,0.,-0.));
#2569=VECTOR('',#2568,15.6);
#2570=LINE('',#2567,#2569);
#2571=EDGE_CURVE('',#2566,#2558,#2570,.T.);
#2572=ORIENTED_EDGE('',*,*,#2571,.F.);
#2573=CARTESIAN_POINT('',(301.932378153,-98.052566515,4.561697185));
#2574=DIRECTION('',(0.,1.,0.));
#2575=VECTOR('',#2574,15.6);
#2576=LINE('',#2573,#2575);
#2577=EDGE_CURVE('',#2566,#2548,#2576,.T.);
#2578=ORIENTED_EDGE('',*,*,#2577,.T.);
#2579=EDGE_LOOP('',(#2556,#2564,#2572,#2578));
#2580=FACE_BOUND('',#2579,.T.);
#2581=CARTESIAN_POINT('',(313.362378153,5.177433485,4.561697185));
#2582=VERTEX_POINT('',#2581);
#2583=CARTESIAN_POINT('',(328.962378153,5.177433485,4.561697185));
#2584=VERTEX_POINT('',#2583);
#2585=CARTESIAN_POINT('',(313.362378153,5.177433485,4.561697185));
#2586=DIRECTION('',(1.,0.,-0.));
#2587=VECTOR('',#2586,15.6);
#2588=LINE('',#2585,#2587);
#2589=EDGE_CURVE('',#2582,#2584,#2588,.T.);
#2590=ORIENTED_EDGE('',*,*,#2589,.T.);
#2591=CARTESIAN_POINT('',(328.962378153,-10.422566515,4.561697185));
#2592=VERTEX_POINT('',#2591);
#2593=CARTESIAN_POINT('',(328.962378153,5.177433485,4.561697185));
#2594=DIRECTION('',(0.,-1.,0.));
#2595=VECTOR('',#2594,15.6);
#2596=LINE('',#2593,#2595);
#2597=EDGE_CURVE('',#2584,#2592,#2596,.T.);
#2598=ORIENTED_EDGE('',*,*,#2597,.T.);
#2599=CARTESIAN_POINT('',(313.362378153,-10.422566515,4.561697185));
#2600=VERTEX_POINT('',#2599);
#2601=CARTESIAN_POINT('',(313.362378153,-10.422566515,4.561697185));
#2602=DIRECTION('',(1.,0.,-0.));
#2603=VECTOR('',#2602,15.6);
#2604=LINE('',#2601,#2603);
#2605=EDGE_CURVE('',#2600,#2592,#2604,.T.);
#2606=ORIENTED_EDGE('',*,*,#2605,.F.);
#2607=CARTESIAN_POINT('',(313.362378153,-10.422566515,4.561697185));
#2608=DIRECTION('',(0.,1.,0.));
#2609=VECTOR('',#2608,15.6);
#2610=LINE('',#2607,#2609);
#2611=EDGE_CURVE('',#2600,#2582,#2610,.T.);
#2612=ORIENTED_EDGE('',*,*,#2611,.T.);
#2613=EDGE_LOOP('',(#2590,#2598,#2606,#2612));
#2614=FACE_BOUND('',#2613,.T.);
#2615=CARTESIAN_POINT('',(193.982378153,-59.592566515,4.561697185));
#2616=VERTEX_POINT('',#2615);
#2617=CARTESIAN_POINT('',(209.582378153,-59.592566515,4.561697185));
#2618=VERTEX_POINT('',#2617);
#2619=CARTESIAN_POINT('',(193.982378153,-59.592566515,4.561697185));
#2620=DIRECTION('',(1.,0.,-0.));
#2621=VECTOR('',#2620,15.6);
#2622=LINE('',#2619,#2621);
#2623=EDGE_CURVE('',#2616,#2618,#2622,.T.);
#2624=ORIENTED_EDGE('',*,*,#2623,.T.);
#2625=CARTESIAN_POINT('',(209.582378153,-75.192566515,4.561697185));
#2626=VERTEX_POINT('',#2625);
#2627=CARTESIAN_POINT('',(209.582378153,-59.592566515,4.561697185));
#2628=DIRECTION('',(0.,-1.,0.));
#2629=VECTOR('',#2628,15.6);
#2630=LINE('',#2627,#2629);
#2631=EDGE_CURVE('',#2618,#2626,#2630,.T.);
#2632=ORIENTED_EDGE('',*,*,#2631,.T.);
#2633=CARTESIAN_POINT('',(193.982378153,-75.192566515,4.561697185));
#2634=VERTEX_POINT('',#2633);
#2635=CARTESIAN_POINT('',(193.982378153,-75.192566515,4.561697185));
#2636=DIRECTION('',(1.,0.,-0.));
#2637=VECTOR('',#2636,15.6);
#2638=LINE('',#2635,#2637);
#2639=EDGE_CURVE('',#2634,#2626,#2638,.T.);
#2640=ORIENTED_EDGE('',*,*,#2639,.F.);
#2641=CARTESIAN_POINT('',(193.982378153,-75.192566515,4.561697185));
#2642=DIRECTION('',(0.,1.,0.));
#2643=VECTOR('',#2642,15.6);
#2644=LINE('',#2641,#2643);
#2645=EDGE_CURVE('',#2634,#2616,#2644,.T.);
#2646=ORIENTED_EDGE('',*,*,#2645,.T.);
#2647=EDGE_LOOP('',(#2624,#2632,#2640,#2646));
#2648=FACE_BOUND('',#2647,.T.);
#2649=CARTESIAN_POINT('',(265.102378153,-103.407566515,4.561697185));
#2650=VERTEX_POINT('',#2649);
#2651=CARTESIAN_POINT('',(280.702378153,-103.407566515,4.561697185));
#2652=VERTEX_POINT('',#2651);
#2653=CARTESIAN_POINT('',(265.102378153,-103.407566515,4.561697185));
#2654=DIRECTION('',(1.,0.,-0.));
#2655=VECTOR('',#2654,15.6);
#2656=LINE('',#2653,#2655);
#2657=EDGE_CURVE('',#2650,#2652,#2656,.T.);
#2658=ORIENTED_EDGE('',*,*,#2657,.T.);
#2659=CARTESIAN_POINT('',(280.702378153,-119.007566515,4.561697185));
#2660=VERTEX_POINT('',#2659);
#2661=CARTESIAN_POINT('',(280.702378153,-103.407566515,4.561697185));
#2662=DIRECTION('',(0.,-1.,0.));
#2663=VECTOR('',#2662,15.6);
#2664=LINE('',#2661,#2663);
#2665=EDGE_CURVE('',#2652,#2660,#2664,.T.);
#2666=ORIENTED_EDGE('',*,*,#2665,.T.);
#2667=CARTESIAN_POINT('',(265.102378153,-119.007566515,4.561697185));
#2668=VERTEX_POINT('',#2667);
#2669=CARTESIAN_POINT('',(280.702378153,-119.007566515,4.561697185));
#2670=DIRECTION('',(-1.,0.,0.));
#2671=VECTOR('',#2670,15.6);
#2672=LINE('',#2669,#2671);
#2673=EDGE_CURVE('',#2660,#2668,#2672,.T.);
#2674=ORIENTED_EDGE('',*,*,#2673,.T.);
#2675=CARTESIAN_POINT('',(265.102378153,-119.007566515,4.561697185));
#2676=DIRECTION('',(0.,1.,0.));
#2677=VECTOR('',#2676,15.6);
#2678=LINE('',#2675,#2677);
#2679=EDGE_CURVE('',#2668,#2650,#2678,.T.);
#2680=ORIENTED_EDGE('',*,*,#2679,.T.);
#2681=EDGE_LOOP('',(#2658,#2666,#2674,#2680));
#2682=FACE_BOUND('',#2681,.T.);
#2683=CARTESIAN_POINT('',(80.952378153,-103.407566515,4.561697185));
#2684=VERTEX_POINT('',#2683);
#2685=CARTESIAN_POINT('',(96.552378153,-103.407566515,4.561697185));
#2686=VERTEX_POINT('',#2685);
#2687=CARTESIAN_POINT('',(80.952378153,-103.407566515,4.561697185));
#2688=DIRECTION('',(1.,0.,-0.));
#2689=VECTOR('',#2688,15.6);
#2690=LINE('',#2687,#2689);
#2691=EDGE_CURVE('',#2684,#2686,#2690,.T.);
#2692=ORIENTED_EDGE('',*,*,#2691,.T.);
#2693=CARTESIAN_POINT('',(96.552378153,-119.007566515,4.561697185));
#2694=VERTEX_POINT('',#2693);
#2695=CARTESIAN_POINT('',(96.552378153,-103.407566515,4.561697185));
#2696=DIRECTION('',(0.,-1.,0.));
#2697=VECTOR('',#2696,15.6);
#2698=LINE('',#2695,#2697);
#2699=EDGE_CURVE('',#2686,#2694,#2698,.T.);
#2700=ORIENTED_EDGE('',*,*,#2699,.T.);
#2701=CARTESIAN_POINT('',(80.952378153,-119.007566515,4.561697185));
#2702=VERTEX_POINT('',#2701);
#2703=CARTESIAN_POINT('',(96.552378153,-119.007566515,4.561697185));
#2704=DIRECTION('',(-1.,0.,0.));
#2705=VECTOR('',#2704,15.6);
#2706=LINE('',#2703,#2705);
#2707=EDGE_CURVE('',#2694,#2702,#2706,.T.);
#2708=ORIENTED_EDGE('',*,*,#2707,.T.);
#2709=CARTESIAN_POINT('',(80.952378153,-119.007566515,4.561697185));
#2710=DIRECTION('',(0.,1.,0.));
#2711=VECTOR('',#2710,15.6);
#2712=LINE('',#2709,#2711);
#2713=EDGE_CURVE('',#2702,#2684,#2712,.T.);
#2714=ORIENTED_EDGE('',*,*,#2713,.T.);
#2715=EDGE_LOOP('',(#2692,#2700,#2708,#2714));
#2716=FACE_BOUND('',#2715,.T.);
#2717=CARTESIAN_POINT('',(315.902378153,-16.412566515,4.561697185));
#2718=VERTEX_POINT('',#2717);
#2719=CARTESIAN_POINT('',(331.502378153,-16.412566515,4.561697185));
#2720=VERTEX_POINT('',#2719);
#2721=CARTESIAN_POINT('',(315.902378153,-16.412566515,4.561697185));
#2722=DIRECTION('',(1.,0.,-0.));
#2723=VECTOR('',#2722,15.6);
#2724=LINE('',#2721,#2723);
#2725=EDGE_CURVE('',#2718,#2720,#2724,.T.);
#2726=ORIENTED_EDGE('',*,*,#2725,.T.);
#2727=CARTESIAN_POINT('',(331.502378153,-32.012566515,4.561697185));
#2728=VERTEX_POINT('',#2727);
#2729=CARTESIAN_POINT('',(331.502378153,-16.412566515,4.561697185));
#2730=DIRECTION('',(0.,-1.,0.));
#2731=VECTOR('',#2730,15.6);
#2732=LINE('',#2729,#2731);
#2733=EDGE_CURVE('',#2720,#2728,#2732,.T.);
#2734=ORIENTED_EDGE('',*,*,#2733,.T.);
#2735=CARTESIAN_POINT('',(315.902378153,-32.012566515,4.561697185));
#2736=VERTEX_POINT('',#2735);
#2737=CARTESIAN_POINT('',(331.502378153,-32.012566515,4.561697185));
#2738=DIRECTION('',(-1.,0.,0.));
#2739=VECTOR('',#2738,15.6);
#2740=LINE('',#2737,#2739);
#2741=EDGE_CURVE('',#2728,#2736,#2740,.T.);
#2742=ORIENTED_EDGE('',*,*,#2741,.T.);
#2743=CARTESIAN_POINT('',(315.902378153,-32.012566515,4.561697185));
#2744=DIRECTION('',(0.,1.,0.));
#2745=VECTOR('',#2744,15.6);
#2746=LINE('',#2743,#2745);
#2747=EDGE_CURVE('',#2736,#2718,#2746,.T.);
#2748=ORIENTED_EDGE('',*,*,#2747,.T.);
#2749=EDGE_LOOP('',(#2726,#2734,#2742,#2748));
#2750=FACE_BOUND('',#2749,.T.);
#2751=CARTESIAN_POINT('',(42.552378153,-79.532566515,4.561697185));
#2752=VERTEX_POINT('',#2751);
#2753=CARTESIAN_POINT('',(47.552378153,-79.532566515,4.561697185));
#2754=VERTEX_POINT('',#2753);
#2755=CARTESIAN_POINT('',(42.552378153,-79.532566515,4.561697185));
#2756=DIRECTION('',(1.,0.,-0.));
#2757=VECTOR('',#2756,5.);
#2758=LINE('',#2755,#2757);
#2759=EDGE_CURVE('',#2752,#2754,#2758,.T.);
#2760=ORIENTED_EDGE('',*,*,#2759,.T.);
#2761=CARTESIAN_POINT('',(47.552378153,-101.532566515,4.561697185));
#2762=VERTEX_POINT('',#2761);
#2763=CARTESIAN_POINT('',(47.552378153,-79.532566515,4.561697185));
#2764=DIRECTION('',(0.,-1.,0.));
#2765=VECTOR('',#2764,22.);
#2766=LINE('',#2763,#2765);
#2767=EDGE_CURVE('',#2754,#2762,#2766,.T.);
#2768=ORIENTED_EDGE('',*,*,#2767,.T.);
#2769=CARTESIAN_POINT('',(42.552378153,-101.532566515,4.561697185));
#2770=VERTEX_POINT('',#2769);
#2771=CARTESIAN_POINT('',(47.552378153,-101.532566515,4.561697185));
#2772=DIRECTION('',(-1.,0.,0.));
#2773=VECTOR('',#2772,5.);
#2774=LINE('',#2771,#2773);
#2775=EDGE_CURVE('',#2762,#2770,#2774,.T.);
#2776=ORIENTED_EDGE('',*,*,#2775,.T.);
#2777=CARTESIAN_POINT('',(42.552378153,-101.532566515,4.561697185));
#2778=DIRECTION('',(0.,1.,0.));
#2779=VECTOR('',#2778,22.);
#2780=LINE('',#2777,#2779);
#2781=EDGE_CURVE('',#2770,#2752,#2780,.T.);
#2782=ORIENTED_EDGE('',*,*,#2781,.T.);
#2783=EDGE_LOOP('',(#2760,#2768,#2776,#2782));
#2784=FACE_BOUND('',#2783,.T.);
#2785=CARTESIAN_POINT('',(83.492378153,-82.452566515,4.561697185));
#2786=VERTEX_POINT('',#2785);
#2787=CARTESIAN_POINT('',(99.092378153,-82.452566515,4.561697185));
#2788=VERTEX_POINT('',#2787);
#2789=CARTESIAN_POINT('',(83.492378153,-82.452566515,4.561697185));
#2790=DIRECTION('',(1.,0.,-0.));
#2791=VECTOR('',#2790,15.6);
#2792=LINE('',#2789,#2791);
#2793=EDGE_CURVE('',#2786,#2788,#2792,.T.);
#2794=ORIENTED_EDGE('',*,*,#2793,.T.);
#2795=CARTESIAN_POINT('',(99.092378153,-98.052566515,4.561697185));
#2796=VERTEX_POINT('',#2795);
#2797=CARTESIAN_POINT('',(99.092378153,-82.452566515,4.561697185));
#2798=DIRECTION('',(0.,-1.,0.));
#2799=VECTOR('',#2798,15.6);
#2800=LINE('',#2797,#2799);
#2801=EDGE_CURVE('',#2788,#2796,#2800,.T.);
#2802=ORIENTED_EDGE('',*,*,#2801,.T.);
#2803=CARTESIAN_POINT('',(83.492378153,-98.052566515,4.561697185));
#2804=VERTEX_POINT('',#2803);
#2805=CARTESIAN_POINT('',(83.492378153,-98.052566515,4.561697185));
#2806=DIRECTION('',(1.,0.,-0.));
#2807=VECTOR('',#2806,15.6);
#2808=LINE('',#2805,#2807);
#2809=EDGE_CURVE('',#2804,#2796,#2808,.T.);
#2810=ORIENTED_EDGE('',*,*,#2809,.F.);
#2811=CARTESIAN_POINT('',(83.492378153,-98.052566515,4.561697185));
#2812=DIRECTION('',(0.,1.,0.));
#2813=VECTOR('',#2812,15.6);
#2814=LINE('',#2811,#2813);
#2815=EDGE_CURVE('',#2804,#2786,#2814,.T.);
#2816=ORIENTED_EDGE('',*,*,#2815,.T.);
#2817=EDGE_LOOP('',(#2794,#2802,#2810,#2816));
#2818=FACE_BOUND('',#2817,.T.);
#2819=CARTESIAN_POINT('',(363.527378153,-102.772566515,4.561697185));
#2820=VERTEX_POINT('',#2819);
#2821=CARTESIAN_POINT('',(379.127378153,-102.772566515,4.561697185));
#2822=VERTEX_POINT('',#2821);
#2823=CARTESIAN_POINT('',(363.527378153,-102.772566515,4.561697185));
#2824=DIRECTION('',(1.,0.,-0.));
#2825=VECTOR('',#2824,15.6);
#2826=LINE('',#2823,#2825);
#2827=EDGE_CURVE('',#2820,#2822,#2826,.T.);
#2828=ORIENTED_EDGE('',*,*,#2827,.T.);
#2829=CARTESIAN_POINT('',(379.127378153,-118.372566515,4.561697185));
#2830=VERTEX_POINT('',#2829);
#2831=CARTESIAN_POINT('',(379.127378153,-102.772566515,4.561697185));
#2832=DIRECTION('',(0.,-1.,0.));
#2833=VECTOR('',#2832,15.6);
#2834=LINE('',#2831,#2833);
#2835=EDGE_CURVE('',#2822,#2830,#2834,.T.);
#2836=ORIENTED_EDGE('',*,*,#2835,.T.);
#2837=CARTESIAN_POINT('',(363.527378153,-118.372566515,4.561697185));
#2838=VERTEX_POINT('',#2837);
#2839=CARTESIAN_POINT('',(363.527378153,-118.372566515,4.561697185));
#2840=DIRECTION('',(1.,0.,-0.));
#2841=VECTOR('',#2840,15.6);
#2842=LINE('',#2839,#2841);
#2843=EDGE_CURVE('',#2838,#2830,#2842,.T.);
#2844=ORIENTED_EDGE('',*,*,#2843,.F.);
#2845=CARTESIAN_POINT('',(363.527378153,-118.372566515,4.561697185));
#2846=DIRECTION('',(0.,1.,0.));
#2847=VECTOR('',#2846,15.6);
#2848=LINE('',#2845,#2847);
#2849=EDGE_CURVE('',#2838,#2820,#2848,.T.);
#2850=ORIENTED_EDGE('',*,*,#2849,.T.);
#2851=EDGE_LOOP('',(#2828,#2836,#2844,#2850));
#2852=FACE_BOUND('',#2851,.T.);
#2853=CARTESIAN_POINT('',(346.382378153,-16.412566515,4.561697185));
#2854=VERTEX_POINT('',#2853);
#2855=CARTESIAN_POINT('',(361.982378153,-16.412566515,4.561697185));
#2856=VERTEX_POINT('',#2855);
#2857=CARTESIAN_POINT('',(346.382378153,-16.412566515,4.561697185));
#2858=DIRECTION('',(1.,0.,-0.));
#2859=VECTOR('',#2858,15.6);
#2860=LINE('',#2857,#2859);
#2861=EDGE_CURVE('',#2854,#2856,#2860,.T.);
#2862=ORIENTED_EDGE('',*,*,#2861,.T.);
#2863=CARTESIAN_POINT('',(361.982378153,-32.012566515,4.561697185));
#2864=VERTEX_POINT('',#2863);
#2865=CARTESIAN_POINT('',(361.982378153,-16.412566515,4.561697185));
#2866=DIRECTION('',(0.,-1.,0.));
#2867=VECTOR('',#2866,15.6);
#2868=LINE('',#2865,#2867);
#2869=EDGE_CURVE('',#2856,#2864,#2868,.T.);
#2870=ORIENTED_EDGE('',*,*,#2869,.T.);
#2871=CARTESIAN_POINT('',(346.382378153,-32.012566515,4.561697185));
#2872=VERTEX_POINT('',#2871);
#2873=CARTESIAN_POINT('',(361.982378153,-32.012566515,4.561697185));
#2874=DIRECTION('',(-1.,0.,0.));
#2875=VECTOR('',#2874,15.6);
#2876=LINE('',#2873,#2875);
#2877=EDGE_CURVE('',#2864,#2872,#2876,.T.);
#2878=ORIENTED_EDGE('',*,*,#2877,.T.);
#2879=CARTESIAN_POINT('',(346.382378153,-32.012566515,4.561697185));
#2880=DIRECTION('',(0.,1.,0.));
#2881=VECTOR('',#2880,15.6);
#2882=LINE('',#2879,#2881);
#2883=EDGE_CURVE('',#2872,#2854,#2882,.T.);
#2884=ORIENTED_EDGE('',*,*,#2883,.T.);
#2885=EDGE_LOOP('',(#2862,#2870,#2878,#2884));
#2886=FACE_BOUND('',#2885,.T.);
#2887=CARTESIAN_POINT('',(83.492378153,-59.592566515,4.561697185));
#2888=VERTEX_POINT('',#2887);
#2889=CARTESIAN_POINT('',(99.092378153,-59.592566515,4.561697185));
#2890=VERTEX_POINT('',#2889);
#2891=CARTESIAN_POINT('',(83.492378153,-59.592566515,4.561697185));
#2892=DIRECTION('',(1.,0.,-0.));
#2893=VECTOR('',#2892,15.6);
#2894=LINE('',#2891,#2893);
#2895=EDGE_CURVE('',#2888,#2890,#2894,.T.);
#2896=ORIENTED_EDGE('',*,*,#2895,.T.);
#2897=CARTESIAN_POINT('',(99.092378153,-75.192566515,4.561697185));
#2898=VERTEX_POINT('',#2897);
#2899=CARTESIAN_POINT('',(99.092378153,-59.592566515,4.561697185));
#2900=DIRECTION('',(0.,-1.,0.));
#2901=VECTOR('',#2900,15.6);
#2902=LINE('',#2899,#2901);
#2903=EDGE_CURVE('',#2890,#2898,#2902,.T.);
#2904=ORIENTED_EDGE('',*,*,#2903,.T.);
#2905=CARTESIAN_POINT('',(83.492378153,-75.192566515,4.561697185));
#2906=VERTEX_POINT('',#2905);
#2907=CARTESIAN_POINT('',(83.492378153,-75.192566515,4.561697185));
#2908=DIRECTION('',(1.,0.,-0.));
#2909=VECTOR('',#2908,15.6);
#2910=LINE('',#2907,#2909);
#2911=EDGE_CURVE('',#2906,#2898,#2910,.T.);
#2912=ORIENTED_EDGE('',*,*,#2911,.F.);
#2913=CARTESIAN_POINT('',(83.492378153,-59.592566515,4.561697185));
#2914=DIRECTION('',(0.,-1.,0.));
#2915=VECTOR('',#2914,15.6);
#2916=LINE('',#2913,#2915);
#2917=EDGE_CURVE('',#2888,#2906,#2916,.T.);
#2918=ORIENTED_EDGE('',*,*,#2917,.F.);
#2919=EDGE_LOOP('',(#2896,#2904,#2912,#2918));
#2920=FACE_BOUND('',#2919,.T.);
#2921=CARTESIAN_POINT('',(336.222378153,5.177433485,4.561697185));
#2922=VERTEX_POINT('',#2921);
#2923=CARTESIAN_POINT('',(351.822378153,5.177433485,4.561697185));
#2924=VERTEX_POINT('',#2923);
#2925=CARTESIAN_POINT('',(336.222378153,5.177433485,4.561697185));
#2926=DIRECTION('',(1.,0.,-0.));
#2927=VECTOR('',#2926,15.6);
#2928=LINE('',#2925,#2927);
#2929=EDGE_CURVE('',#2922,#2924,#2928,.T.);
#2930=ORIENTED_EDGE('',*,*,#2929,.T.);
#2931=CARTESIAN_POINT('',(351.822378153,-10.422566515,4.561697185));
#2932=VERTEX_POINT('',#2931);
#2933=CARTESIAN_POINT('',(351.822378153,5.177433485,4.561697185));
#2934=DIRECTION('',(0.,-1.,0.));
#2935=VECTOR('',#2934,15.6);
#2936=LINE('',#2933,#2935);
#2937=EDGE_CURVE('',#2924,#2932,#2936,.T.);
#2938=ORIENTED_EDGE('',*,*,#2937,.T.);
#2939=CARTESIAN_POINT('',(336.222378153,-10.422566515,4.561697185));
#2940=VERTEX_POINT('',#2939);
#2941=CARTESIAN_POINT('',(336.222378153,-10.422566515,4.561697185));
#2942=DIRECTION('',(1.,0.,-0.));
#2943=VECTOR('',#2942,15.6);
#2944=LINE('',#2941,#2943);
#2945=EDGE_CURVE('',#2940,#2932,#2944,.T.);
#2946=ORIENTED_EDGE('',*,*,#2945,.F.);
#2947=CARTESIAN_POINT('',(336.222378153,-10.422566515,4.561697185));
#2948=DIRECTION('',(0.,1.,0.));
#2949=VECTOR('',#2948,15.6);
#2950=LINE('',#2947,#2949);
#2951=EDGE_CURVE('',#2940,#2922,#2950,.T.);
#2952=ORIENTED_EDGE('',*,*,#2951,.T.);
#2953=EDGE_LOOP('',(#2930,#2938,#2946,#2952));
#2954=FACE_BOUND('',#2953,.T.);
#2955=CARTESIAN_POINT('',(74.602378153,5.137433485,4.561697185));
#2956=VERTEX_POINT('',#2955);
#2957=CARTESIAN_POINT('',(90.202378153,5.137433485,4.561697185));
#2958=VERTEX_POINT('',#2957);
#2959=CARTESIAN_POINT('',(74.602378153,5.137433485,4.561697185));
#2960=DIRECTION('',(1.,0.,-0.));
#2961=VECTOR('',#2960,15.6);
#2962=LINE('',#2959,#2961);
#2963=EDGE_CURVE('',#2956,#2958,#2962,.T.);
#2964=ORIENTED_EDGE('',*,*,#2963,.T.);
#2965=CARTESIAN_POINT('',(90.202378153,-10.462566515,4.561697185));
#2966=VERTEX_POINT('',#2965);
#2967=CARTESIAN_POINT('',(90.202378153,5.137433485,4.561697185));
#2968=DIRECTION('',(0.,-1.,0.));
#2969=VECTOR('',#2968,15.6);
#2970=LINE('',#2967,#2969);
#2971=EDGE_CURVE('',#2958,#2966,#2970,.T.);
#2972=ORIENTED_EDGE('',*,*,#2971,.T.);
#2973=CARTESIAN_POINT('',(74.602378153,-10.462566515,4.561697185));
#2974=VERTEX_POINT('',#2973);
#2975=CARTESIAN_POINT('',(74.602378153,-10.462566515,4.561697185));
#2976=DIRECTION('',(1.,0.,-0.));
#2977=VECTOR('',#2976,15.6);
#2978=LINE('',#2975,#2977);
#2979=EDGE_CURVE('',#2974,#2966,#2978,.T.);
#2980=ORIENTED_EDGE('',*,*,#2979,.F.);
#2981=CARTESIAN_POINT('',(74.602378153,-10.462566515,4.561697185));
#2982=DIRECTION('',(0.,1.,0.));
#2983=VECTOR('',#2982,15.6);
#2984=LINE('',#2981,#2983);
#2985=EDGE_CURVE('',#2974,#2956,#2984,.T.);
#2986=ORIENTED_EDGE('',*,*,#2985,.T.);
#2987=EDGE_LOOP('',(#2964,#2972,#2980,#2986));
#2988=FACE_BOUND('',#2987,.T.);
#2989=CARTESIAN_POINT('',(186.362378153,-16.412566515,4.561697185));
#2990=VERTEX_POINT('',#2989);
#2991=CARTESIAN_POINT('',(201.962378153,-16.412566515,4.561697185));
#2992=VERTEX_POINT('',#2991);
#2993=CARTESIAN_POINT('',(186.362378153,-16.412566515,4.561697185));
#2994=DIRECTION('',(1.,0.,-0.));
#2995=VECTOR('',#2994,15.6);
#2996=LINE('',#2993,#2995);
#2997=EDGE_CURVE('',#2990,#2992,#2996,.T.);
#2998=ORIENTED_EDGE('',*,*,#2997,.T.);
#2999=CARTESIAN_POINT('',(201.962378153,-32.012566515,4.561697185));
#3000=VERTEX_POINT('',#2999);
#3001=CARTESIAN_POINT('',(201.962378153,-16.412566515,4.561697185));
#3002=DIRECTION('',(0.,-1.,0.));
#3003=VECTOR('',#3002,15.6);
#3004=LINE('',#3001,#3003);
#3005=EDGE_CURVE('',#2992,#3000,#3004,.T.);
#3006=ORIENTED_EDGE('',*,*,#3005,.T.);
#3007=CARTESIAN_POINT('',(186.362378153,-32.012566515,4.561697185));
#3008=VERTEX_POINT('',#3007);
#3009=CARTESIAN_POINT('',(186.362378153,-32.012566515,4.561697185));
#3010=DIRECTION('',(1.,0.,-0.));
#3011=VECTOR('',#3010,15.6);
#3012=LINE('',#3009,#3011);
#3013=EDGE_CURVE('',#3008,#3000,#3012,.T.);
#3014=ORIENTED_EDGE('',*,*,#3013,.F.);
#3015=CARTESIAN_POINT('',(186.362378153,-32.012566515,4.561697185));
#3016=DIRECTION('',(0.,1.,0.));
#3017=VECTOR('',#3016,15.6);
#3018=LINE('',#3015,#3017);
#3019=EDGE_CURVE('',#3008,#2990,#3018,.T.);
#3020=ORIENTED_EDGE('',*,*,#3019,.T.);
#3021=EDGE_LOOP('',(#2998,#3006,#3014,#3020));
#3022=FACE_BOUND('',#3021,.T.);
#3023=CARTESIAN_POINT('',(341.302378153,-102.772566515,4.561697185));
#3024=VERTEX_POINT('',#3023);
#3025=CARTESIAN_POINT('',(356.902378153,-102.772566515,4.561697185));
#3026=VERTEX_POINT('',#3025);
#3027=CARTESIAN_POINT('',(341.302378153,-102.772566515,4.561697185));
#3028=DIRECTION('',(1.,0.,-0.));
#3029=VECTOR('',#3028,15.6);
#3030=LINE('',#3027,#3029);
#3031=EDGE_CURVE('',#3024,#3026,#3030,.T.);
#3032=ORIENTED_EDGE('',*,*,#3031,.T.);
#3033=CARTESIAN_POINT('',(356.902378153,-118.372566515,4.561697185));
#3034=VERTEX_POINT('',#3033);
#3035=CARTESIAN_POINT('',(356.902378153,-102.772566515,4.561697185));
#3036=DIRECTION('',(0.,-1.,0.));
#3037=VECTOR('',#3036,15.6);
#3038=LINE('',#3035,#3037);
#3039=EDGE_CURVE('',#3026,#3034,#3038,.T.);
#3040=ORIENTED_EDGE('',*,*,#3039,.T.);
#3041=CARTESIAN_POINT('',(341.302378153,-118.372566515,4.561697185));
#3042=VERTEX_POINT('',#3041);
#3043=CARTESIAN_POINT('',(356.902378153,-118.372566515,4.561697185));
#3044=DIRECTION('',(-1.,0.,0.));
#3045=VECTOR('',#3044,15.6);
#3046=LINE('',#3043,#3045);
#3047=EDGE_CURVE('',#3034,#3042,#3046,.T.);
#3048=ORIENTED_EDGE('',*,*,#3047,.T.);
#3049=CARTESIAN_POINT('',(341.302378153,-118.372566515,4.561697185));
#3050=DIRECTION('',(0.,1.,0.));
#3051=VECTOR('',#3050,15.6);
#3052=LINE('',#3049,#3051);
#3053=EDGE_CURVE('',#3042,#3024,#3052,.T.);
#3054=ORIENTED_EDGE('',*,*,#3053,.T.);
#3055=EDGE_LOOP('',(#3032,#3040,#3048,#3054));
#3056=FACE_BOUND('',#3055,.T.);
#3057=CARTESIAN_POINT('',(35.232378153,-16.412566515,4.561697185));
#3058=VERTEX_POINT('',#3057);
#3059=CARTESIAN_POINT('',(50.832378153,-16.412566515,4.561697185));
#3060=VERTEX_POINT('',#3059);
#3061=CARTESIAN_POINT('',(35.232378153,-16.412566515,4.561697185));
#3062=DIRECTION('',(1.,0.,-0.));
#3063=VECTOR('',#3062,15.6);
#3064=LINE('',#3061,#3063);
#3065=EDGE_CURVE('',#3058,#3060,#3064,.T.);
#3066=ORIENTED_EDGE('',*,*,#3065,.T.);
#3067=CARTESIAN_POINT('',(50.832378153,-32.012566515,4.561697185));
#3068=VERTEX_POINT('',#3067);
#3069=CARTESIAN_POINT('',(50.832378153,-16.412566515,4.561697185));
#3070=DIRECTION('',(0.,-1.,0.));
#3071=VECTOR('',#3070,15.6);
#3072=LINE('',#3069,#3071);
#3073=EDGE_CURVE('',#3060,#3068,#3072,.T.);
#3074=ORIENTED_EDGE('',*,*,#3073,.T.);
#3075=CARTESIAN_POINT('',(35.232378153,-32.012566515,4.561697185));
#3076=VERTEX_POINT('',#3075);
#3077=CARTESIAN_POINT('',(50.832378153,-32.012566515,4.561697185));
#3078=DIRECTION('',(-1.,0.,0.));
#3079=VECTOR('',#3078,15.6);
#3080=LINE('',#3077,#3079);
#3081=EDGE_CURVE('',#3068,#3076,#3080,.T.);
#3082=ORIENTED_EDGE('',*,*,#3081,.T.);
#3083=CARTESIAN_POINT('',(35.232378153,-32.012566515,4.561697185));
#3084=DIRECTION('',(0.,1.,0.));
#3085=VECTOR('',#3084,15.6);
#3086=LINE('',#3083,#3085);
#3087=EDGE_CURVE('',#3076,#3058,#3086,.T.);
#3088=ORIENTED_EDGE('',*,*,#3087,.T.);
#3089=EDGE_LOOP('',(#3066,#3074,#3082,#3088));
#3090=FACE_BOUND('',#3089,.T.);
#3091=CARTESIAN_POINT('',(97.462378153,5.137433485,4.561697185));
#3092=VERTEX_POINT('',#3091);
#3093=CARTESIAN_POINT('',(113.062378153,5.137433485,4.561697185));
#3094=VERTEX_POINT('',#3093);
#3095=CARTESIAN_POINT('',(97.462378153,5.137433485,4.561697185));
#3096=DIRECTION('',(1.,0.,-0.));
#3097=VECTOR('',#3096,15.6);
#3098=LINE('',#3095,#3097);
#3099=EDGE_CURVE('',#3092,#3094,#3098,.T.);
#3100=ORIENTED_EDGE('',*,*,#3099,.T.);
#3101=CARTESIAN_POINT('',(113.062378153,-10.462566515,4.561697185));
#3102=VERTEX_POINT('',#3101);
#3103=CARTESIAN_POINT('',(113.062378153,5.137433485,4.561697185));
#3104=DIRECTION('',(0.,-1.,0.));
#3105=VECTOR('',#3104,15.6);
#3106=LINE('',#3103,#3105);
#3107=EDGE_CURVE('',#3094,#3102,#3106,.T.);
#3108=ORIENTED_EDGE('',*,*,#3107,.T.);
#3109=CARTESIAN_POINT('',(97.462378153,-10.462566515,4.561697185));
#3110=VERTEX_POINT('',#3109);
#3111=CARTESIAN_POINT('',(113.062378153,-10.462566515,4.561697185));
#3112=DIRECTION('',(-1.,0.,0.));
#3113=VECTOR('',#3112,15.6);
#3114=LINE('',#3111,#3113);
#3115=EDGE_CURVE('',#3102,#3110,#3114,.T.);
#3116=ORIENTED_EDGE('',*,*,#3115,.T.);
#3117=CARTESIAN_POINT('',(97.462378153,-10.462566515,4.561697185));
#3118=DIRECTION('',(0.,1.,0.));
#3119=VECTOR('',#3118,15.6);
#3120=LINE('',#3117,#3119);
#3121=EDGE_CURVE('',#3110,#3092,#3120,.T.);
#3122=ORIENTED_EDGE('',*,*,#3121,.T.);
#3123=EDGE_LOOP('',(#3100,#3108,#3116,#3122));
#3124=FACE_BOUND('',#3123,.T.);
#3125=ADVANCED_FACE('',(#42,#53,#64,#98,#132,#166,#200,#234,#268,#302,#336,#370,#404,#438,#472,#506,#540,#574,#608,#642,#676,#710,#744,#778,#812,#846,
#880,#914,#948,#982,#1016,#1050,#1084,#1118,#1152,#1186,#1220,#1254,#1288,#1322,#1356,#1390,#1424,#1458,#1492,#1526,#1560,#1594,#1628,#1662,#1696,
#1730,#1764,#1798,#1832,#1866,#1900,#1934,#1968,#2002,#2036,#2070,#2104,#2138,#2172,#2206,#2240,#2274,#2308,#2342,#2376,#2410,#2444,#2478,#2512,#2546,
#2580,#2614,#2648,#2682,#2716,#2750,#2784,#2818,#2852,#2886,#2920,#2954,#2988,#3022,#3056,#3090,#3124),#31,.T.);
#3126=CARTESIAN_POINT('',(29.552378153,-267.532566515,1.561697185));
#3127=DIRECTION('',(0.,0.,1.));
#3128=DIRECTION('',(1.,0.,0.));
#3129=AXIS2_PLACEMENT_3D('',#3126,#3127,#3128);
#3130=PLANE('',#3129);
#3131=CARTESIAN_POINT('',(25.527295979,-136.95861786,1.561697185));
#3132=VERTEX_POINT('',#3131);
#3133=CARTESIAN_POINT('',(24.077295979,-136.95861786,1.561697185));
#3134=DIRECTION('',(0.,0.,1.));
#3135=DIRECTION('',(1.,0.,-0.));
#3136=AXIS2_PLACEMENT_3D('',#3133,#3134,#3135);
#3137=CIRCLE('',#3136,1.45);
#3138=EDGE_CURVE('',#3132,#3132,#3137,.T.);
#3139=ORIENTED_EDGE('',*,*,#3138,.T.);
#3140=EDGE_LOOP('',(#3139));
#3141=FACE_BOUND('',#3140,.T.);
#3142=CARTESIAN_POINT('',(427.309855763,-133.837896552,1.561697185));
#3143=VERTEX_POINT('',#3142);
#3144=CARTESIAN_POINT('',(425.859855763,-133.837896552,1.561697185));
#3145=DIRECTION('',(0.,0.,1.));
#3146=DIRECTION('',(1.,0.,-0.));
#3147=AXIS2_PLACEMENT_3D('',#3144,#3145,#3146);
#3148=CIRCLE('',#3147,1.45);
#3149=EDGE_CURVE('',#3143,#3143,#3148,.T.);
#3150=ORIENTED_EDGE('',*,*,#3149,.T.);
#3151=EDGE_LOOP('',(#3150));
#3152=FACE_BOUND('',#3151,.T.);
#3153=CARTESIAN_POINT('',(28.623505818,28.438430137,1.561697185));
#3154=VERTEX_POINT('',#3153);
#3155=CARTESIAN_POINT('',(27.173505818,28.438430137,1.561697185));
#3156=DIRECTION('',(0.,0.,1.));
#3157=DIRECTION('',(1.,0.,-0.));
#3158=AXIS2_PLACEMENT_3D('',#3155,#3156,#3157);
#3159=CIRCLE('',#3158,1.45);
#3160=EDGE_CURVE('',#3154,#3154,#3159,.T.);
#3161=ORIENTED_EDGE('',*,*,#3160,.T.);
#3162=EDGE_LOOP('',(#3161));
#3163=FACE_BOUND('',#3162,.T.);
#3164=CARTESIAN_POINT('',(50.832378153,-16.412566515,1.561697185));
#3165=VERTEX_POINT('',#3164);
#3166=CARTESIAN_POINT('',(50.832378153,-32.012566515,1.561697185));
#3167=VERTEX_POINT('',#3166);
#3168=CARTESIAN_POINT('',(50.832378153,-16.412566515,1.561697185));
#3169=DIRECTION('',(0.,-1.,0.));
#3170=VECTOR('',#3169,15.6);
#3171=LINE('',#3168,#3170);
#3172=EDGE_CURVE('',#3165,#3167,#3171,.T.);
#3173=ORIENTED_EDGE('',*,*,#3172,.F.);
#3174=CARTESIAN_POINT('',(35.232378153,-16.412566515,1.561697185));
#3175=VERTEX_POINT('',#3174);
#3176=CARTESIAN_POINT('',(35.232378153,-16.412566515,1.561697185));
#3177=DIRECTION('',(1.,0.,-0.));
#3178=VECTOR('',#3177,15.6);
#3179=LINE('',#3176,#3178);
#3180=EDGE_CURVE('',#3175,#3165,#3179,.T.);
#3181=ORIENTED_EDGE('',*,*,#3180,.F.);
#3182=CARTESIAN_POINT('',(35.232378153,-32.012566515,1.561697185));
#3183=VERTEX_POINT('',#3182);
#3184=CARTESIAN_POINT('',(35.232378153,-32.012566515,1.561697185));
#3185=DIRECTION('',(0.,1.,0.));
#3186=VECTOR('',#3185,15.6);
#3187=LINE('',#3184,#3186);
#3188=EDGE_CURVE('',#3183,#3175,#3187,.T.);
#3189=ORIENTED_EDGE('',*,*,#3188,.F.);
#3190=CARTESIAN_POINT('',(50.832378153,-32.012566515,1.561697185));
#3191=DIRECTION('',(-1.,0.,0.));
#3192=VECTOR('',#3191,15.6);
#3193=LINE('',#3190,#3192);
#3194=EDGE_CURVE('',#3167,#3183,#3193,.T.);
#3195=ORIENTED_EDGE('',*,*,#3194,.F.);
#3196=EDGE_LOOP('',(#3173,#3181,#3189,#3195));
#3197=FACE_BOUND('',#3196,.T.);
#3198=CARTESIAN_POINT('',(201.962378153,-16.412566515,1.561697185));
#3199=VERTEX_POINT('',#3198);
#3200=CARTESIAN_POINT('',(201.962378153,-32.012566515,1.561697185));
#3201=VERTEX_POINT('',#3200);
#3202=CARTESIAN_POINT('',(201.962378153,-16.412566515,1.561697185));
#3203=DIRECTION('',(0.,-1.,0.));
#3204=VECTOR('',#3203,15.6);
#3205=LINE('',#3202,#3204);
#3206=EDGE_CURVE('',#3199,#3201,#3205,.T.);
#3207=ORIENTED_EDGE('',*,*,#3206,.F.);
#3208=CARTESIAN_POINT('',(186.362378153,-16.412566515,1.561697185));
#3209=VERTEX_POINT('',#3208);
#3210=CARTESIAN_POINT('',(186.362378153,-16.412566515,1.561697185));
#3211=DIRECTION('',(1.,0.,-0.));
#3212=VECTOR('',#3211,15.6);
#3213=LINE('',#3210,#3212);
#3214=EDGE_CURVE('',#3209,#3199,#3213,.T.);
#3215=ORIENTED_EDGE('',*,*,#3214,.F.);
#3216=CARTESIAN_POINT('',(186.362378153,-32.012566515,1.561697185));
#3217=VERTEX_POINT('',#3216);
#3218=CARTESIAN_POINT('',(186.362378153,-32.012566515,1.561697185));
#3219=DIRECTION('',(0.,1.,0.));
#3220=VECTOR('',#3219,15.6);
#3221=LINE('',#3218,#3220);
#3222=EDGE_CURVE('',#3217,#3209,#3221,.T.);
#3223=ORIENTED_EDGE('',*,*,#3222,.F.);
#3224=CARTESIAN_POINT('',(186.362378153,-32.012566515,1.561697185));
#3225=DIRECTION('',(1.,0.,-0.));
#3226=VECTOR('',#3225,15.6);
#3227=LINE('',#3224,#3226);
#3228=EDGE_CURVE('',#3217,#3201,#3227,.T.);
#3229=ORIENTED_EDGE('',*,*,#3228,.T.);
#3230=EDGE_LOOP('',(#3207,#3215,#3223,#3229));
#3231=FACE_BOUND('',#3230,.T.);
#3232=CARTESIAN_POINT('',(351.822378153,5.177433485,1.561697185));
#3233=VERTEX_POINT('',#3232);
#3234=CARTESIAN_POINT('',(351.822378153,-10.422566515,1.561697185));
#3235=VERTEX_POINT('',#3234);
#3236=CARTESIAN_POINT('',(351.822378153,5.177433485,1.561697185));
#3237=DIRECTION('',(0.,-1.,0.));
#3238=VECTOR('',#3237,15.6);
#3239=LINE('',#3236,#3238);
#3240=EDGE_CURVE('',#3233,#3235,#3239,.T.);
#3241=ORIENTED_EDGE('',*,*,#3240,.F.);
#3242=CARTESIAN_POINT('',(336.222378153,5.177433485,1.561697185));
#3243=VERTEX_POINT('',#3242);
#3244=CARTESIAN_POINT('',(336.222378153,5.177433485,1.561697185));
#3245=DIRECTION('',(1.,0.,-0.));
#3246=VECTOR('',#3245,15.6);
#3247=LINE('',#3244,#3246);
#3248=EDGE_CURVE('',#3243,#3233,#3247,.T.);
#3249=ORIENTED_EDGE('',*,*,#3248,.F.);
#3250=CARTESIAN_POINT('',(336.222378153,-10.422566515,1.561697185));
#3251=VERTEX_POINT('',#3250);
#3252=CARTESIAN_POINT('',(336.222378153,-10.422566515,1.561697185));
#3253=DIRECTION('',(0.,1.,0.));
#3254=VECTOR('',#3253,15.6);
#3255=LINE('',#3252,#3254);
#3256=EDGE_CURVE('',#3251,#3243,#3255,.T.);
#3257=ORIENTED_EDGE('',*,*,#3256,.F.);
#3258=CARTESIAN_POINT('',(336.222378153,-10.422566515,1.561697185));
#3259=DIRECTION('',(1.,0.,-0.));
#3260=VECTOR('',#3259,15.6);
#3261=LINE('',#3258,#3260);
#3262=EDGE_CURVE('',#3251,#3235,#3261,.T.);
#3263=ORIENTED_EDGE('',*,*,#3262,.T.);
#3264=EDGE_LOOP('',(#3241,#3249,#3257,#3263));
#3265=FACE_BOUND('',#3264,.T.);
#3266=CARTESIAN_POINT('',(361.982378153,-16.412566515,1.561697185));
#3267=VERTEX_POINT('',#3266);
#3268=CARTESIAN_POINT('',(361.982378153,-32.012566515,1.561697185));
#3269=VERTEX_POINT('',#3268);
#3270=CARTESIAN_POINT('',(361.982378153,-16.412566515,1.561697185));
#3271=DIRECTION('',(0.,-1.,0.));
#3272=VECTOR('',#3271,15.6);
#3273=LINE('',#3270,#3272);
#3274=EDGE_CURVE('',#3267,#3269,#3273,.T.);
#3275=ORIENTED_EDGE('',*,*,#3274,.F.);
#3276=CARTESIAN_POINT('',(346.382378153,-16.412566515,1.561697185));
#3277=VERTEX_POINT('',#3276);
#3278=CARTESIAN_POINT('',(346.382378153,-16.412566515,1.561697185));
#3279=DIRECTION('',(1.,0.,-0.));
#3280=VECTOR('',#3279,15.6);
#3281=LINE('',#3278,#3280);
#3282=EDGE_CURVE('',#3277,#3267,#3281,.T.);
#3283=ORIENTED_EDGE('',*,*,#3282,.F.);
#3284=CARTESIAN_POINT('',(346.382378153,-32.012566515,1.561697185));
#3285=VERTEX_POINT('',#3284);
#3286=CARTESIAN_POINT('',(346.382378153,-32.012566515,1.561697185));
#3287=DIRECTION('',(0.,1.,0.));
#3288=VECTOR('',#3287,15.6);
#3289=LINE('',#3286,#3288);
#3290=EDGE_CURVE('',#3285,#3277,#3289,.T.);
#3291=ORIENTED_EDGE('',*,*,#3290,.F.);
#3292=CARTESIAN_POINT('',(361.982378153,-32.012566515,1.561697185));
#3293=DIRECTION('',(-1.,0.,0.));
#3294=VECTOR('',#3293,15.6);
#3295=LINE('',#3292,#3294);
#3296=EDGE_CURVE('',#3269,#3285,#3295,.T.);
#3297=ORIENTED_EDGE('',*,*,#3296,.F.);
#3298=EDGE_LOOP('',(#3275,#3283,#3291,#3297));
#3299=FACE_BOUND('',#3298,.T.);
#3300=CARTESIAN_POINT('',(99.092378153,-82.452566515,1.561697185));
#3301=VERTEX_POINT('',#3300);
#3302=CARTESIAN_POINT('',(99.092378153,-98.052566515,1.561697185));
#3303=VERTEX_POINT('',#3302);
#3304=CARTESIAN_POINT('',(99.092378153,-82.452566515,1.561697185));
#3305=DIRECTION('',(0.,-1.,0.));
#3306=VECTOR('',#3305,15.6);
#3307=LINE('',#3304,#3306);
#3308=EDGE_CURVE('',#3301,#3303,#3307,.T.);
#3309=ORIENTED_EDGE('',*,*,#3308,.F.);
#3310=CARTESIAN_POINT('',(83.492378153,-82.452566515,1.561697185));
#3311=VERTEX_POINT('',#3310);
#3312=CARTESIAN_POINT('',(83.492378153,-82.452566515,1.561697185));
#3313=DIRECTION('',(1.,0.,-0.));
#3314=VECTOR('',#3313,15.6);
#3315=LINE('',#3312,#3314);
#3316=EDGE_CURVE('',#3311,#3301,#3315,.T.);
#3317=ORIENTED_EDGE('',*,*,#3316,.F.);
#3318=CARTESIAN_POINT('',(83.492378153,-98.052566515,1.561697185));
#3319=VERTEX_POINT('',#3318);
#3320=CARTESIAN_POINT('',(83.492378153,-98.052566515,1.561697185));
#3321=DIRECTION('',(0.,1.,0.));
#3322=VECTOR('',#3321,15.6);
#3323=LINE('',#3320,#3322);
#3324=EDGE_CURVE('',#3319,#3311,#3323,.T.);
#3325=ORIENTED_EDGE('',*,*,#3324,.F.);
#3326=CARTESIAN_POINT('',(83.492378153,-98.052566515,1.561697185));
#3327=DIRECTION('',(1.,0.,-0.));
#3328=VECTOR('',#3327,15.6);
#3329=LINE('',#3326,#3328);
#3330=EDGE_CURVE('',#3319,#3303,#3329,.T.);
#3331=ORIENTED_EDGE('',*,*,#3330,.T.);
#3332=EDGE_LOOP('',(#3309,#3317,#3325,#3331));
#3333=FACE_BOUND('',#3332,.T.);
#3334=CARTESIAN_POINT('',(331.502378153,-16.412566515,1.561697185));
#3335=VERTEX_POINT('',#3334);
#3336=CARTESIAN_POINT('',(331.502378153,-32.012566515,1.561697185));
#3337=VERTEX_POINT('',#3336);
#3338=CARTESIAN_POINT('',(331.502378153,-16.412566515,1.561697185));
#3339=DIRECTION('',(0.,-1.,0.));
#3340=VECTOR('',#3339,15.6);
#3341=LINE('',#3338,#3340);
#3342=EDGE_CURVE('',#3335,#3337,#3341,.T.);
#3343=ORIENTED_EDGE('',*,*,#3342,.F.);
#3344=CARTESIAN_POINT('',(315.902378153,-16.412566515,1.561697185));
#3345=VERTEX_POINT('',#3344);
#3346=CARTESIAN_POINT('',(315.902378153,-16.412566515,1.561697185));
#3347=DIRECTION('',(1.,0.,-0.));
#3348=VECTOR('',#3347,15.6);
#3349=LINE('',#3346,#3348);
#3350=EDGE_CURVE('',#3345,#3335,#3349,.T.);
#3351=ORIENTED_EDGE('',*,*,#3350,.F.);
#3352=CARTESIAN_POINT('',(315.902378153,-32.012566515,1.561697185));
#3353=VERTEX_POINT('',#3352);
#3354=CARTESIAN_POINT('',(315.902378153,-32.012566515,1.561697185));
#3355=DIRECTION('',(0.,1.,0.));
#3356=VECTOR('',#3355,15.6);
#3357=LINE('',#3354,#3356);
#3358=EDGE_CURVE('',#3353,#3345,#3357,.T.);
#3359=ORIENTED_EDGE('',*,*,#3358,.F.);
#3360=CARTESIAN_POINT('',(331.502378153,-32.012566515,1.561697185));
#3361=DIRECTION('',(-1.,0.,0.));
#3362=VECTOR('',#3361,15.6);
#3363=LINE('',#3360,#3362);
#3364=EDGE_CURVE('',#3337,#3353,#3363,.T.);
#3365=ORIENTED_EDGE('',*,*,#3364,.F.);
#3366=EDGE_LOOP('',(#3343,#3351,#3359,#3365));
#3367=FACE_BOUND('',#3366,.T.);
#3368=CARTESIAN_POINT('',(49.202378153,-97.417566515,1.561697185));
#3369=VERTEX_POINT('',#3368);
#3370=CARTESIAN_POINT('',(49.202378153,-81.817566515,1.561697185));
#3371=VERTEX_POINT('',#3370);
#3372=CARTESIAN_POINT('',(49.202378153,-97.417566515,1.561697185));
#3373=DIRECTION('',(0.,1.,0.));
#3374=VECTOR('',#3373,15.6);
#3375=LINE('',#3372,#3374);
#3376=EDGE_CURVE('',#3369,#3371,#3375,.T.);
#3377=ORIENTED_EDGE('',*,*,#3376,.F.);
#3378=CARTESIAN_POINT('',(64.802378153,-97.417566515,1.561697185));
#3379=VERTEX_POINT('',#3378);
#3380=CARTESIAN_POINT('',(49.202378153,-97.417566515,1.561697185));
#3381=DIRECTION('',(1.,0.,-0.));
#3382=VECTOR('',#3381,15.6);
#3383=LINE('',#3380,#3382);
#3384=EDGE_CURVE('',#3369,#3379,#3383,.T.);
#3385=ORIENTED_EDGE('',*,*,#3384,.T.);
#3386=CARTESIAN_POINT('',(64.802378153,-81.817566515,1.561697185));
#3387=VERTEX_POINT('',#3386);
#3388=CARTESIAN_POINT('',(64.802378153,-97.417566515,1.561697185));
#3389=DIRECTION('',(0.,1.,0.));
#3390=VECTOR('',#3389,15.6);
#3391=LINE('',#3388,#3390);
#3392=EDGE_CURVE('',#3379,#3387,#3391,.T.);
#3393=ORIENTED_EDGE('',*,*,#3392,.T.);
#3394=CARTESIAN_POINT('',(49.202378153,-81.817566515,1.561697185));
#3395=DIRECTION('',(1.,0.,-0.));
#3396=VECTOR('',#3395,15.6);
#3397=LINE('',#3394,#3396);
#3398=EDGE_CURVE('',#3371,#3387,#3397,.T.);
#3399=ORIENTED_EDGE('',*,*,#3398,.F.);
#3400=EDGE_LOOP('',(#3377,#3385,#3393,#3399));
#3401=FACE_BOUND('',#3400,.T.);
#3402=CARTESIAN_POINT('',(280.702378153,-103.407566515,1.561697185));
#3403=VERTEX_POINT('',#3402);
#3404=CARTESIAN_POINT('',(280.702378153,-119.007566515,1.561697185));
#3405=VERTEX_POINT('',#3404);
#3406=CARTESIAN_POINT('',(280.702378153,-103.407566515,1.561697185));
#3407=DIRECTION('',(0.,-1.,0.));
#3408=VECTOR('',#3407,15.6);
#3409=LINE('',#3406,#3408);
#3410=EDGE_CURVE('',#3403,#3405,#3409,.T.);
#3411=ORIENTED_EDGE('',*,*,#3410,.F.);
#3412=CARTESIAN_POINT('',(265.102378153,-103.407566515,1.561697185));
#3413=VERTEX_POINT('',#3412);
#3414=CARTESIAN_POINT('',(265.102378153,-103.407566515,1.561697185));
#3415=DIRECTION('',(1.,0.,-0.));
#3416=VECTOR('',#3415,15.6);
#3417=LINE('',#3414,#3416);
#3418=EDGE_CURVE('',#3413,#3403,#3417,.T.);
#3419=ORIENTED_EDGE('',*,*,#3418,.F.);
#3420=CARTESIAN_POINT('',(265.102378153,-119.007566515,1.561697185));
#3421=VERTEX_POINT('',#3420);
#3422=CARTESIAN_POINT('',(265.102378153,-119.007566515,1.561697185));
#3423=DIRECTION('',(0.,1.,0.));
#3424=VECTOR('',#3423,15.6);
#3425=LINE('',#3422,#3424);
#3426=EDGE_CURVE('',#3421,#3413,#3425,.T.);
#3427=ORIENTED_EDGE('',*,*,#3426,.F.);
#3428=CARTESIAN_POINT('',(280.702378153,-119.007566515,1.561697185));
#3429=DIRECTION('',(-1.,0.,0.));
#3430=VECTOR('',#3429,15.6);
#3431=LINE('',#3428,#3430);
#3432=EDGE_CURVE('',#3405,#3421,#3431,.T.);
#3433=ORIENTED_EDGE('',*,*,#3432,.F.);
#3434=EDGE_LOOP('',(#3411,#3419,#3427,#3433));
#3435=FACE_BOUND('',#3434,.T.);
#3436=CARTESIAN_POINT('',(328.962378153,5.177433485,1.561697185));
#3437=VERTEX_POINT('',#3436);
#3438=CARTESIAN_POINT('',(328.962378153,-10.422566515,1.561697185));
#3439=VERTEX_POINT('',#3438);
#3440=CARTESIAN_POINT('',(328.962378153,5.177433485,1.561697185));
#3441=DIRECTION('',(0.,-1.,0.));
#3442=VECTOR('',#3441,15.6);
#3443=LINE('',#3440,#3442);
#3444=EDGE_CURVE('',#3437,#3439,#3443,.T.);
#3445=ORIENTED_EDGE('',*,*,#3444,.F.);
#3446=CARTESIAN_POINT('',(313.362378153,5.177433485,1.561697185));
#3447=VERTEX_POINT('',#3446);
#3448=CARTESIAN_POINT('',(313.362378153,5.177433485,1.561697185));
#3449=DIRECTION('',(1.,0.,-0.));
#3450=VECTOR('',#3449,15.6);
#3451=LINE('',#3448,#3450);
#3452=EDGE_CURVE('',#3447,#3437,#3451,.T.);
#3453=ORIENTED_EDGE('',*,*,#3452,.F.);
#3454=CARTESIAN_POINT('',(313.362378153,-10.422566515,1.561697185));
#3455=VERTEX_POINT('',#3454);
#3456=CARTESIAN_POINT('',(313.362378153,-10.422566515,1.561697185));
#3457=DIRECTION('',(0.,1.,0.));
#3458=VECTOR('',#3457,15.6);
#3459=LINE('',#3456,#3458);
#3460=EDGE_CURVE('',#3455,#3447,#3459,.T.);
#3461=ORIENTED_EDGE('',*,*,#3460,.F.);
#3462=CARTESIAN_POINT('',(313.362378153,-10.422566515,1.561697185));
#3463=DIRECTION('',(1.,0.,-0.));
#3464=VECTOR('',#3463,15.6);
#3465=LINE('',#3462,#3464);
#3466=EDGE_CURVE('',#3455,#3439,#3465,.T.);
#3467=ORIENTED_EDGE('',*,*,#3466,.T.);
#3468=EDGE_LOOP('',(#3445,#3453,#3461,#3467));
#3469=FACE_BOUND('',#3468,.T.);
#3470=CARTESIAN_POINT('',(137.192378153,-16.412566515,1.561697185));
#3471=VERTEX_POINT('',#3470);
#3472=CARTESIAN_POINT('',(137.192378153,-32.012566515,1.561697185));
#3473=VERTEX_POINT('',#3472);
#3474=CARTESIAN_POINT('',(137.192378153,-16.412566515,1.561697185));
#3475=DIRECTION('',(0.,-1.,0.));
#3476=VECTOR('',#3475,15.6);
#3477=LINE('',#3474,#3476);
#3478=EDGE_CURVE('',#3471,#3473,#3477,.T.);
#3479=ORIENTED_EDGE('',*,*,#3478,.F.);
#3480=CARTESIAN_POINT('',(121.592378153,-16.412566515,1.561697185));
#3481=VERTEX_POINT('',#3480);
#3482=CARTESIAN_POINT('',(121.592378153,-16.412566515,1.561697185));
#3483=DIRECTION('',(1.,0.,-0.));
#3484=VECTOR('',#3483,15.6);
#3485=LINE('',#3482,#3484);
#3486=EDGE_CURVE('',#3481,#3471,#3485,.T.);
#3487=ORIENTED_EDGE('',*,*,#3486,.F.);
#3488=CARTESIAN_POINT('',(121.592378153,-32.012566515,1.561697185));
#3489=VERTEX_POINT('',#3488);
#3490=CARTESIAN_POINT('',(121.592378153,-32.012566515,1.561697185));
#3491=DIRECTION('',(0.,1.,0.));
#3492=VECTOR('',#3491,15.6);
#3493=LINE('',#3490,#3492);
#3494=EDGE_CURVE('',#3489,#3481,#3493,.T.);
#3495=ORIENTED_EDGE('',*,*,#3494,.F.);
#3496=CARTESIAN_POINT('',(121.592378153,-32.012566515,1.561697185));
#3497=DIRECTION('',(1.,0.,-0.));
#3498=VECTOR('',#3497,15.6);
#3499=LINE('',#3496,#3498);
#3500=EDGE_CURVE('',#3489,#3473,#3499,.T.);
#3501=ORIENTED_EDGE('',*,*,#3500,.T.);
#3502=EDGE_LOOP('',(#3479,#3487,#3495,#3501));
#3503=FACE_BOUND('',#3502,.T.);
#3504=CARTESIAN_POINT('',(259.112378153,-103.407566515,1.561697185));
#3505=VERTEX_POINT('',#3504);
#3506=CARTESIAN_POINT('',(259.112378153,-119.007566515,1.561697185));
#3507=VERTEX_POINT('',#3506);
#3508=CARTESIAN_POINT('',(259.112378153,-103.407566515,1.561697185));
#3509=DIRECTION('',(0.,-1.,0.));
#3510=VECTOR('',#3509,15.6);
#3511=LINE('',#3508,#3510);
#3512=EDGE_CURVE('',#3505,#3507,#3511,.T.);
#3513=ORIENTED_EDGE('',*,*,#3512,.F.);
#3514=CARTESIAN_POINT('',(243.512378153,-103.407566515,1.561697185));
#3515=VERTEX_POINT('',#3514);
#3516=CARTESIAN_POINT('',(243.512378153,-103.407566515,1.561697185));
#3517=DIRECTION('',(1.,0.,-0.));
#3518=VECTOR('',#3517,15.6);
#3519=LINE('',#3516,#3518);
#3520=EDGE_CURVE('',#3515,#3505,#3519,.T.);
#3521=ORIENTED_EDGE('',*,*,#3520,.F.);
#3522=CARTESIAN_POINT('',(243.512378153,-119.007566515,1.561697185));
#3523=VERTEX_POINT('',#3522);
#3524=CARTESIAN_POINT('',(243.512378153,-119.007566515,1.561697185));
#3525=DIRECTION('',(0.,1.,0.));
#3526=VECTOR('',#3525,15.6);
#3527=LINE('',#3524,#3526);
#3528=EDGE_CURVE('',#3523,#3515,#3527,.T.);
#3529=ORIENTED_EDGE('',*,*,#3528,.F.);
#3530=CARTESIAN_POINT('',(243.512378153,-119.007566515,1.561697185));
#3531=DIRECTION('',(1.,0.,-0.));
#3532=VECTOR('',#3531,15.6);
#3533=LINE('',#3530,#3532);
#3534=EDGE_CURVE('',#3523,#3507,#3533,.T.);
#3535=ORIENTED_EDGE('',*,*,#3534,.T.);
#3536=EDGE_LOOP('',(#3513,#3521,#3529,#3535));
#3537=FACE_BOUND('',#3536,.T.);
#3538=CARTESIAN_POINT('',(212.552378153,-101.532566515,1.561697185));
#3539=VERTEX_POINT('',#3538);
#3540=CARTESIAN_POINT('',(212.552378153,-121.532566515,1.561697185));
#3541=VERTEX_POINT('',#3540);
#3542=CARTESIAN_POINT('',(212.552378153,-101.532566515,1.561697185));
#3543=DIRECTION('',(0.,-1.,0.));
#3544=VECTOR('',#3543,20.);
#3545=LINE('',#3542,#3544);
#3546=EDGE_CURVE('',#3539,#3541,#3545,.T.);
#3547=ORIENTED_EDGE('',*,*,#3546,.F.);
#3548=CARTESIAN_POINT('',(207.552378153,-101.532566515,1.561697185));
#3549=VERTEX_POINT('',#3548);
#3550=CARTESIAN_POINT('',(207.552378153,-101.532566515,1.561697185));
#3551=DIRECTION('',(1.,-0.,0.));
#3552=VECTOR('',#3551,5.);
#3553=LINE('',#3550,#3552);
#3554=EDGE_CURVE('',#3549,#3539,#3553,.T.);
#3555=ORIENTED_EDGE('',*,*,#3554,.F.);
#3556=CARTESIAN_POINT('',(207.552378153,-121.532566515,1.561697185));
#3557=VERTEX_POINT('',#3556);
#3558=CARTESIAN_POINT('',(207.552378153,-121.532566515,1.561697185));
#3559=DIRECTION('',(0.,1.,0.));
#3560=VECTOR('',#3559,20.);
#3561=LINE('',#3558,#3560);
#3562=EDGE_CURVE('',#3557,#3549,#3561,.T.);
#3563=ORIENTED_EDGE('',*,*,#3562,.F.);
#3564=CARTESIAN_POINT('',(212.552378153,-121.532566515,1.561697185));
#3565=DIRECTION('',(-1.,0.,0.));
#3566=VECTOR('',#3565,5.);
#3567=LINE('',#3564,#3566);
#3568=EDGE_CURVE('',#3541,#3557,#3567,.T.);
#3569=ORIENTED_EDGE('',*,*,#3568,.F.);
#3570=EDGE_LOOP('',(#3547,#3555,#3563,#3569));
#3571=FACE_BOUND('',#3570,.T.);
#3572=CARTESIAN_POINT('',(188.902378153,-53.602566515,1.561697185));
#3573=VERTEX_POINT('',#3572);
#3574=CARTESIAN_POINT('',(188.902378153,-38.002566515,1.561697185));
#3575=VERTEX_POINT('',#3574);
#3576=CARTESIAN_POINT('',(188.902378153,-53.602566515,1.561697185));
#3577=DIRECTION('',(0.,1.,0.));
#3578=VECTOR('',#3577,15.6);
#3579=LINE('',#3576,#3578);
#3580=EDGE_CURVE('',#3573,#3575,#3579,.T.);
#3581=ORIENTED_EDGE('',*,*,#3580,.F.);
#3582=CARTESIAN_POINT('',(204.502378153,-53.602566515,1.561697185));
#3583=VERTEX_POINT('',#3582);
#3584=CARTESIAN_POINT('',(188.902378153,-53.602566515,1.561697185));
#3585=DIRECTION('',(1.,0.,-0.));
#3586=VECTOR('',#3585,15.6);
#3587=LINE('',#3584,#3586);
#3588=EDGE_CURVE('',#3573,#3583,#3587,.T.);
#3589=ORIENTED_EDGE('',*,*,#3588,.T.);
#3590=CARTESIAN_POINT('',(204.502378153,-38.002566515,1.561697185));
#3591=VERTEX_POINT('',#3590);
#3592=CARTESIAN_POINT('',(204.502378153,-53.602566515,1.561697185));
#3593=DIRECTION('',(0.,1.,0.));
#3594=VECTOR('',#3593,15.6);
#3595=LINE('',#3592,#3594);
#3596=EDGE_CURVE('',#3583,#3591,#3595,.T.);
#3597=ORIENTED_EDGE('',*,*,#3596,.T.);
#3598=CARTESIAN_POINT('',(204.502378153,-38.002566515,1.561697185));
#3599=DIRECTION('',(-1.,0.,0.));
#3600=VECTOR('',#3599,15.6);
#3601=LINE('',#3598,#3600);
#3602=EDGE_CURVE('',#3591,#3575,#3601,.T.);
#3603=ORIENTED_EDGE('',*,*,#3602,.T.);
#3604=EDGE_LOOP('',(#3581,#3589,#3597,#3603));
#3605=FACE_BOUND('',#3604,.T.);
#3606=CARTESIAN_POINT('',(274.352378153,-59.592566515,1.561697185));
#3607=VERTEX_POINT('',#3606);
#3608=CARTESIAN_POINT('',(274.352378153,-75.192566515,1.561697185));
#3609=VERTEX_POINT('',#3608);
#3610=CARTESIAN_POINT('',(274.352378153,-59.592566515,1.561697185));
#3611=DIRECTION('',(0.,-1.,0.));
#3612=VECTOR('',#3611,15.6);
#3613=LINE('',#3610,#3612);
#3614=EDGE_CURVE('',#3607,#3609,#3613,.T.);
#3615=ORIENTED_EDGE('',*,*,#3614,.F.);
#3616=CARTESIAN_POINT('',(258.752378153,-59.592566515,1.561697185));
#3617=VERTEX_POINT('',#3616);
#3618=CARTESIAN_POINT('',(258.752378153,-59.592566515,1.561697185));
#3619=DIRECTION('',(1.,0.,-0.));
#3620=VECTOR('',#3619,15.6);
#3621=LINE('',#3618,#3620);
#3622=EDGE_CURVE('',#3617,#3607,#3621,.T.);
#3623=ORIENTED_EDGE('',*,*,#3622,.F.);
#3624=CARTESIAN_POINT('',(258.752378153,-75.192566515,1.561697185));
#3625=VERTEX_POINT('',#3624);
#3626=CARTESIAN_POINT('',(258.752378153,-75.192566515,1.561697185));
#3627=DIRECTION('',(0.,1.,0.));
#3628=VECTOR('',#3627,15.6);
#3629=LINE('',#3626,#3628);
#3630=EDGE_CURVE('',#3625,#3617,#3629,.T.);
#3631=ORIENTED_EDGE('',*,*,#3630,.F.);
#3632=CARTESIAN_POINT('',(258.752378153,-75.192566515,1.561697185));
#3633=DIRECTION('',(1.,0.,-0.));
#3634=VECTOR('',#3633,15.6);
#3635=LINE('',#3632,#3634);
#3636=EDGE_CURVE('',#3625,#3609,#3635,.T.);
#3637=ORIENTED_EDGE('',*,*,#3636,.T.);
#3638=EDGE_LOOP('',(#3615,#3623,#3631,#3637));
#3639=FACE_BOUND('',#3638,.T.);
#3640=CARTESIAN_POINT('',(71.552378153,-79.532566515,1.561697185));
#3641=VERTEX_POINT('',#3640);
#3642=CARTESIAN_POINT('',(71.552378153,-100.532566515,1.561697185));
#3643=VERTEX_POINT('',#3642);
#3644=CARTESIAN_POINT('',(71.552378153,-79.532566515,1.561697185));
#3645=DIRECTION('',(0.,-1.,0.));
#3646=VECTOR('',#3645,21.);
#3647=LINE('',#3644,#3646);
#3648=EDGE_CURVE('',#3641,#3643,#3647,.T.);
#3649=ORIENTED_EDGE('',*,*,#3648,.F.);
#3650=CARTESIAN_POINT('',(65.552378153,-79.532566515,1.561697185));
#3651=VERTEX_POINT('',#3650);
#3652=CARTESIAN_POINT('',(65.552378153,-79.532566515,1.561697185));
#3653=DIRECTION('',(1.,0.,-0.));
#3654=VECTOR('',#3653,6.);
#3655=LINE('',#3652,#3654);
#3656=EDGE_CURVE('',#3651,#3641,#3655,.T.);
#3657=ORIENTED_EDGE('',*,*,#3656,.F.);
#3658=CARTESIAN_POINT('',(65.552378153,-100.532566515,1.561697185));
#3659=VERTEX_POINT('',#3658);
#3660=CARTESIAN_POINT('',(65.552378153,-100.532566515,1.561697185));
#3661=DIRECTION('',(0.,1.,0.));
#3662=VECTOR('',#3661,21.);
#3663=LINE('',#3660,#3662);
#3664=EDGE_CURVE('',#3659,#3651,#3663,.T.);
#3665=ORIENTED_EDGE('',*,*,#3664,.F.);
#3666=CARTESIAN_POINT('',(71.552378153,-100.532566515,1.561697185));
#3667=DIRECTION('',(-1.,-0.,0.));
#3668=VECTOR('',#3667,6.);
#3669=LINE('',#3666,#3668);
#3670=EDGE_CURVE('',#3643,#3659,#3669,.T.);
#3671=ORIENTED_EDGE('',*,*,#3670,.F.);
#3672=EDGE_LOOP('',(#3649,#3657,#3665,#3671));
#3673=FACE_BOUND('',#3672,.T.);
#3674=CARTESIAN_POINT('',(74.962378153,-103.407566515,1.561697185));
#3675=VERTEX_POINT('',#3674);
#3676=CARTESIAN_POINT('',(74.962378153,-119.007566515,1.561697185));
#3677=VERTEX_POINT('',#3676);
#3678=CARTESIAN_POINT('',(74.962378153,-103.407566515,1.561697185));
#3679=DIRECTION('',(0.,-1.,0.));
#3680=VECTOR('',#3679,15.6);
#3681=LINE('',#3678,#3680);
#3682=EDGE_CURVE('',#3675,#3677,#3681,.T.);
#3683=ORIENTED_EDGE('',*,*,#3682,.F.);
#3684=CARTESIAN_POINT('',(59.362378153,-103.407566515,1.561697185));
#3685=VERTEX_POINT('',#3684);
#3686=CARTESIAN_POINT('',(59.362378153,-103.407566515,1.561697185));
#3687=DIRECTION('',(1.,0.,-0.));
#3688=VECTOR('',#3687,15.6);
#3689=LINE('',#3686,#3688);
#3690=EDGE_CURVE('',#3685,#3675,#3689,.T.);
#3691=ORIENTED_EDGE('',*,*,#3690,.F.);
#3692=CARTESIAN_POINT('',(59.362378153,-119.007566515,1.561697185));
#3693=VERTEX_POINT('',#3692);
#3694=CARTESIAN_POINT('',(59.362378153,-119.007566515,1.561697185));
#3695=DIRECTION('',(0.,1.,0.));
#3696=VECTOR('',#3695,15.6);
#3697=LINE('',#3694,#3696);
#3698=EDGE_CURVE('',#3693,#3685,#3697,.T.);
#3699=ORIENTED_EDGE('',*,*,#3698,.F.);
#3700=CARTESIAN_POINT('',(74.962378153,-119.007566515,1.561697185));
#3701=DIRECTION('',(-1.,0.,0.));
#3702=VECTOR('',#3701,15.6);
#3703=LINE('',#3700,#3702);
#3704=EDGE_CURVE('',#3677,#3693,#3703,.T.);
#3705=ORIENTED_EDGE('',*,*,#3704,.F.);
#3706=EDGE_LOOP('',(#3683,#3691,#3699,#3705));
#3707=FACE_BOUND('',#3706,.T.);
#3708=CARTESIAN_POINT('',(52.737378153,-103.407566515,1.561697185));
#3709=VERTEX_POINT('',#3708);
#3710=CARTESIAN_POINT('',(52.737378153,-119.007566515,1.561697185));
#3711=VERTEX_POINT('',#3710);
#3712=CARTESIAN_POINT('',(52.737378153,-103.407566515,1.561697185));
#3713=DIRECTION('',(0.,-1.,0.));
#3714=VECTOR('',#3713,15.6);
#3715=LINE('',#3712,#3714);
#3716=EDGE_CURVE('',#3709,#3711,#3715,.T.);
#3717=ORIENTED_EDGE('',*,*,#3716,.F.);
#3718=CARTESIAN_POINT('',(37.137378153,-103.407566515,1.561697185));
#3719=VERTEX_POINT('',#3718);
#3720=CARTESIAN_POINT('',(37.137378153,-103.407566515,1.561697185));
#3721=DIRECTION('',(1.,0.,-0.));
#3722=VECTOR('',#3721,15.6);
#3723=LINE('',#3720,#3722);
#3724=EDGE_CURVE('',#3719,#3709,#3723,.T.);
#3725=ORIENTED_EDGE('',*,*,#3724,.F.);
#3726=CARTESIAN_POINT('',(37.137378153,-119.007566515,1.561697185));
#3727=VERTEX_POINT('',#3726);
#3728=CARTESIAN_POINT('',(37.137378153,-119.007566515,1.561697185));
#3729=DIRECTION('',(0.,1.,0.));
#3730=VECTOR('',#3729,15.6);
#3731=LINE('',#3728,#3730);
#3732=EDGE_CURVE('',#3727,#3719,#3731,.T.);
#3733=ORIENTED_EDGE('',*,*,#3732,.F.);
#3734=CARTESIAN_POINT('',(52.737378153,-119.007566515,1.561697185));
#3735=DIRECTION('',(-1.,0.,0.));
#3736=VECTOR('',#3735,15.6);
#3737=LINE('',#3734,#3736);
#3738=EDGE_CURVE('',#3711,#3727,#3737,.T.);
#3739=ORIENTED_EDGE('',*,*,#3738,.F.);
#3740=EDGE_LOOP('',(#3717,#3725,#3733,#3739));
#3741=FACE_BOUND('',#3740,.T.);
#3742=CARTESIAN_POINT('',(266.732378153,-16.412566515,1.561697185));
#3743=VERTEX_POINT('',#3742);
#3744=CARTESIAN_POINT('',(266.732378153,-32.012566515,1.561697185));
#3745=VERTEX_POINT('',#3744);
#3746=CARTESIAN_POINT('',(266.732378153,-16.412566515,1.561697185));
#3747=DIRECTION('',(0.,-1.,0.));
#3748=VECTOR('',#3747,15.6);
#3749=LINE('',#3746,#3748);
#3750=EDGE_CURVE('',#3743,#3745,#3749,.T.);
#3751=ORIENTED_EDGE('',*,*,#3750,.F.);
#3752=CARTESIAN_POINT('',(251.132378153,-16.412566515,1.561697185));
#3753=VERTEX_POINT('',#3752);
#3754=CARTESIAN_POINT('',(251.132378153,-16.412566515,1.561697185));
#3755=DIRECTION('',(1.,0.,-0.));
#3756=VECTOR('',#3755,15.6);
#3757=LINE('',#3754,#3756);
#3758=EDGE_CURVE('',#3753,#3743,#3757,.T.);
#3759=ORIENTED_EDGE('',*,*,#3758,.F.);
#3760=CARTESIAN_POINT('',(251.132378153,-32.012566515,1.561697185));
#3761=VERTEX_POINT('',#3760);
#3762=CARTESIAN_POINT('',(251.132378153,-16.412566515,1.561697185));
#3763=DIRECTION('',(0.,-1.,0.));
#3764=VECTOR('',#3763,15.6);
#3765=LINE('',#3762,#3764);
#3766=EDGE_CURVE('',#3753,#3761,#3765,.T.);
#3767=ORIENTED_EDGE('',*,*,#3766,.T.);
#3768=CARTESIAN_POINT('',(251.132378153,-32.012566515,1.561697185));
#3769=DIRECTION('',(1.,0.,-0.));
#3770=VECTOR('',#3769,15.6);
#3771=LINE('',#3768,#3770);
#3772=EDGE_CURVE('',#3761,#3745,#3771,.T.);
#3773=ORIENTED_EDGE('',*,*,#3772,.T.);
#3774=EDGE_LOOP('',(#3751,#3759,#3767,#3773));
#3775=FACE_BOUND('',#3774,.T.);
#3776=CARTESIAN_POINT('',(238.157378153,-103.407566515,1.561697185));
#3777=VERTEX_POINT('',#3776);
#3778=CARTESIAN_POINT('',(238.157378153,-119.007566515,1.561697185));
#3779=VERTEX_POINT('',#3778);
#3780=CARTESIAN_POINT('',(238.157378153,-103.407566515,1.561697185));
#3781=DIRECTION('',(0.,-1.,0.));
#3782=VECTOR('',#3781,15.6);
#3783=LINE('',#3780,#3782);
#3784=EDGE_CURVE('',#3777,#3779,#3783,.T.);
#3785=ORIENTED_EDGE('',*,*,#3784,.F.);
#3786=CARTESIAN_POINT('',(222.557378153,-103.407566515,1.561697185));
#3787=VERTEX_POINT('',#3786);
#3788=CARTESIAN_POINT('',(222.557378153,-103.407566515,1.561697185));
#3789=DIRECTION('',(1.,0.,-0.));
#3790=VECTOR('',#3789,15.6);
#3791=LINE('',#3788,#3790);
#3792=EDGE_CURVE('',#3787,#3777,#3791,.T.);
#3793=ORIENTED_EDGE('',*,*,#3792,.F.);
#3794=CARTESIAN_POINT('',(222.557378153,-119.007566515,1.561697185));
#3795=VERTEX_POINT('',#3794);
#3796=CARTESIAN_POINT('',(222.557378153,-103.407566515,1.561697185));
#3797=DIRECTION('',(0.,-1.,0.));
#3798=VECTOR('',#3797,15.6);
#3799=LINE('',#3796,#3798);
#3800=EDGE_CURVE('',#3787,#3795,#3799,.T.);
#3801=ORIENTED_EDGE('',*,*,#3800,.T.);
#3802=CARTESIAN_POINT('',(222.557378153,-119.007566515,1.561697185));
#3803=DIRECTION('',(1.,0.,-0.));
#3804=VECTOR('',#3803,15.6);
#3805=LINE('',#3802,#3804);
#3806=EDGE_CURVE('',#3795,#3779,#3805,.T.);
#3807=ORIENTED_EDGE('',*,*,#3806,.T.);
#3808=EDGE_LOOP('',(#3785,#3793,#3801,#3807));
#3809=FACE_BOUND('',#3808,.T.);
#3810=CARTESIAN_POINT('',(112.552378153,-101.532566515,1.561697185));
#3811=VERTEX_POINT('',#3810);
#3812=CARTESIAN_POINT('',(112.552378153,-121.532566515,1.561697185));
#3813=VERTEX_POINT('',#3812);
#3814=CARTESIAN_POINT('',(112.552378153,-101.532566515,1.561697185));
#3815=DIRECTION('',(0.,-1.,0.));
#3816=VECTOR('',#3815,20.);
#3817=LINE('',#3814,#3816);
#3818=EDGE_CURVE('',#3811,#3813,#3817,.T.);
#3819=ORIENTED_EDGE('',*,*,#3818,.F.);
#3820=CARTESIAN_POINT('',(106.552378153,-101.532566515,1.561697185));
#3821=VERTEX_POINT('',#3820);
#3822=CARTESIAN_POINT('',(106.552378153,-101.532566515,1.561697185));
#3823=DIRECTION('',(1.,-0.,0.));
#3824=VECTOR('',#3823,6.);
#3825=LINE('',#3822,#3824);
#3826=EDGE_CURVE('',#3821,#3811,#3825,.T.);
#3827=ORIENTED_EDGE('',*,*,#3826,.F.);
#3828=CARTESIAN_POINT('',(106.552378153,-121.532566515,1.561697185));
#3829=VERTEX_POINT('',#3828);
#3830=CARTESIAN_POINT('',(106.552378153,-121.532566515,1.561697185));
#3831=DIRECTION('',(0.,1.,0.));
#3832=VECTOR('',#3831,20.);
#3833=LINE('',#3830,#3832);
#3834=EDGE_CURVE('',#3829,#3821,#3833,.T.);
#3835=ORIENTED_EDGE('',*,*,#3834,.F.);
#3836=CARTESIAN_POINT('',(112.552378153,-121.532566515,1.561697185));
#3837=DIRECTION('',(-1.,0.,0.));
#3838=VECTOR('',#3837,6.);
#3839=LINE('',#3836,#3838);
#3840=EDGE_CURVE('',#3813,#3829,#3839,.T.);
#3841=ORIENTED_EDGE('',*,*,#3840,.F.);
#3842=EDGE_LOOP('',(#3819,#3827,#3835,#3841));
#3843=FACE_BOUND('',#3842,.T.);
#3844=CARTESIAN_POINT('',(374.682378153,5.177433485,1.561697185));
#3845=VERTEX_POINT('',#3844);
#3846=CARTESIAN_POINT('',(374.682378153,-10.422566515,1.561697185));
#3847=VERTEX_POINT('',#3846);
#3848=CARTESIAN_POINT('',(374.682378153,5.177433485,1.561697185));
#3849=DIRECTION('',(0.,-1.,0.));
#3850=VECTOR('',#3849,15.6);
#3851=LINE('',#3848,#3850);
#3852=EDGE_CURVE('',#3845,#3847,#3851,.T.);
#3853=ORIENTED_EDGE('',*,*,#3852,.F.);
#3854=CARTESIAN_POINT('',(359.082378153,5.177433485,1.561697185));
#3855=VERTEX_POINT('',#3854);
#3856=CARTESIAN_POINT('',(359.082378153,5.177433485,1.561697185));
#3857=DIRECTION('',(1.,0.,-0.));
#3858=VECTOR('',#3857,15.6);
#3859=LINE('',#3856,#3858);
#3860=EDGE_CURVE('',#3855,#3845,#3859,.T.);
#3861=ORIENTED_EDGE('',*,*,#3860,.F.);
#3862=CARTESIAN_POINT('',(359.082378153,-10.422566515,1.561697185));
#3863=VERTEX_POINT('',#3862);
#3864=CARTESIAN_POINT('',(359.082378153,-10.422566515,1.561697185));
#3865=DIRECTION('',(0.,1.,0.));
#3866=VECTOR('',#3865,15.6);
#3867=LINE('',#3864,#3866);
#3868=EDGE_CURVE('',#3863,#3855,#3867,.T.);
#3869=ORIENTED_EDGE('',*,*,#3868,.F.);
#3870=CARTESIAN_POINT('',(359.082378153,-10.422566515,1.561697185));
#3871=DIRECTION('',(1.,0.,-0.));
#3872=VECTOR('',#3871,15.6);
#3873=LINE('',#3870,#3872);
#3874=EDGE_CURVE('',#3863,#3847,#3873,.T.);
#3875=ORIENTED_EDGE('',*,*,#3874,.T.);
#3876=EDGE_LOOP('',(#3853,#3861,#3869,#3875));
#3877=FACE_BOUND('',#3876,.T.);
#3878=CARTESIAN_POINT('',(208.312378153,-82.452566515,1.561697185));
#3879=VERTEX_POINT('',#3878);
#3880=CARTESIAN_POINT('',(208.312378153,-98.052566515,1.561697185));
#3881=VERTEX_POINT('',#3880);
#3882=CARTESIAN_POINT('',(208.312378153,-82.452566515,1.561697185));
#3883=DIRECTION('',(0.,-1.,0.));
#3884=VECTOR('',#3883,15.6);
#3885=LINE('',#3882,#3884);
#3886=EDGE_CURVE('',#3879,#3881,#3885,.T.);
#3887=ORIENTED_EDGE('',*,*,#3886,.F.);
#3888=CARTESIAN_POINT('',(192.712378153,-82.452566515,1.561697185));
#3889=VERTEX_POINT('',#3888);
#3890=CARTESIAN_POINT('',(192.712378153,-82.452566515,1.561697185));
#3891=DIRECTION('',(1.,0.,-0.));
#3892=VECTOR('',#3891,15.6);
#3893=LINE('',#3890,#3892);
#3894=EDGE_CURVE('',#3889,#3879,#3893,.T.);
#3895=ORIENTED_EDGE('',*,*,#3894,.F.);
#3896=CARTESIAN_POINT('',(192.712378153,-98.052566515,1.561697185));
#3897=VERTEX_POINT('',#3896);
#3898=CARTESIAN_POINT('',(192.712378153,-98.052566515,1.561697185));
#3899=DIRECTION('',(0.,1.,0.));
#3900=VECTOR('',#3899,15.6);
#3901=LINE('',#3898,#3900);
#3902=EDGE_CURVE('',#3897,#3889,#3901,.T.);
#3903=ORIENTED_EDGE('',*,*,#3902,.F.);
#3904=CARTESIAN_POINT('',(208.312378153,-98.052566515,1.561697185));
#3905=DIRECTION('',(-1.,0.,0.));
#3906=VECTOR('',#3905,15.6);
#3907=LINE('',#3904,#3906);
#3908=EDGE_CURVE('',#3881,#3897,#3907,.T.);
#3909=ORIENTED_EDGE('',*,*,#3908,.F.);
#3910=EDGE_LOOP('',(#3887,#3895,#3903,#3909));
#3911=FACE_BOUND('',#3910,.T.);
#3912=CARTESIAN_POINT('',(135.922378153,5.177433485,1.561697185));
#3913=VERTEX_POINT('',#3912);
#3914=CARTESIAN_POINT('',(135.922378153,-10.422566515,1.561697185));
#3915=VERTEX_POINT('',#3914);
#3916=CARTESIAN_POINT('',(135.922378153,5.177433485,1.561697185));
#3917=DIRECTION('',(0.,-1.,0.));
#3918=VECTOR('',#3917,15.6);
#3919=LINE('',#3916,#3918);
#3920=EDGE_CURVE('',#3913,#3915,#3919,.T.);
#3921=ORIENTED_EDGE('',*,*,#3920,.F.);
#3922=CARTESIAN_POINT('',(120.322378153,5.177433485,1.561697185));
#3923=VERTEX_POINT('',#3922);
#3924=CARTESIAN_POINT('',(120.322378153,5.177433485,1.561697185));
#3925=DIRECTION('',(1.,0.,-0.));
#3926=VECTOR('',#3925,15.6);
#3927=LINE('',#3924,#3926);
#3928=EDGE_CURVE('',#3923,#3913,#3927,.T.);
#3929=ORIENTED_EDGE('',*,*,#3928,.F.);
#3930=CARTESIAN_POINT('',(120.322378153,-10.422566515,1.561697185));
#3931=VERTEX_POINT('',#3930);
#3932=CARTESIAN_POINT('',(120.322378153,-10.422566515,1.561697185));
#3933=DIRECTION('',(0.,1.,0.));
#3934=VECTOR('',#3933,15.6);
#3935=LINE('',#3932,#3934);
#3936=EDGE_CURVE('',#3931,#3923,#3935,.T.);
#3937=ORIENTED_EDGE('',*,*,#3936,.F.);
#3938=CARTESIAN_POINT('',(135.922378153,-10.422566515,1.561697185));
#3939=DIRECTION('',(-1.,0.,0.));
#3940=VECTOR('',#3939,15.6);
#3941=LINE('',#3938,#3940);
#3942=EDGE_CURVE('',#3915,#3931,#3941,.T.);
#3943=ORIENTED_EDGE('',*,*,#3942,.F.);
#3944=EDGE_LOOP('',(#3921,#3929,#3937,#3943));
#3945=FACE_BOUND('',#3944,.T.);
#3946=CARTESIAN_POINT('',(102.542378153,-53.602566515,1.561697185));
#3947=VERTEX_POINT('',#3946);
#3948=CARTESIAN_POINT('',(118.142378153,-53.602566515,1.561697185));
#3949=VERTEX_POINT('',#3948);
#3950=CARTESIAN_POINT('',(102.542378153,-53.602566515,1.561697185));
#3951=DIRECTION('',(1.,0.,-0.));
#3952=VECTOR('',#3951,15.6);
#3953=LINE('',#3950,#3952);
#3954=EDGE_CURVE('',#3947,#3949,#3953,.T.);
#3955=ORIENTED_EDGE('',*,*,#3954,.T.);
#3956=CARTESIAN_POINT('',(118.142378153,-38.002566515,1.561697185));
#3957=VERTEX_POINT('',#3956);
#3958=CARTESIAN_POINT('',(118.142378153,-53.602566515,1.561697185));
#3959=DIRECTION('',(0.,1.,0.));
#3960=VECTOR('',#3959,15.6);
#3961=LINE('',#3958,#3960);
#3962=EDGE_CURVE('',#3949,#3957,#3961,.T.);
#3963=ORIENTED_EDGE('',*,*,#3962,.T.);
#3964=CARTESIAN_POINT('',(102.542378153,-38.002566515,1.561697185));
#3965=VERTEX_POINT('',#3964);
#3966=CARTESIAN_POINT('',(102.542378153,-38.002566515,1.561697185));
#3967=DIRECTION('',(1.,0.,-0.));
#3968=VECTOR('',#3967,15.6);
#3969=LINE('',#3966,#3968);
#3970=EDGE_CURVE('',#3965,#3957,#3969,.T.);
#3971=ORIENTED_EDGE('',*,*,#3970,.F.);
#3972=CARTESIAN_POINT('',(102.542378153,-53.602566515,1.561697185));
#3973=DIRECTION('',(0.,1.,0.));
#3974=VECTOR('',#3973,15.6);
#3975=LINE('',#3972,#3974);
#3976=EDGE_CURVE('',#3947,#3965,#3975,.T.);
#3977=ORIENTED_EDGE('',*,*,#3976,.F.);
#3978=EDGE_LOOP('',(#3955,#3963,#3971,#3977));
#3979=FACE_BOUND('',#3978,.T.);
#3980=CARTESIAN_POINT('',(115.602378153,-16.412566515,1.561697185));
#3981=VERTEX_POINT('',#3980);
#3982=CARTESIAN_POINT('',(115.602378153,-32.012566515,1.561697185));
#3983=VERTEX_POINT('',#3982);
#3984=CARTESIAN_POINT('',(115.602378153,-16.412566515,1.561697185));
#3985=DIRECTION('',(0.,-1.,0.));
#3986=VECTOR('',#3985,15.6);
#3987=LINE('',#3984,#3986);
#3988=EDGE_CURVE('',#3981,#3983,#3987,.T.);
#3989=ORIENTED_EDGE('',*,*,#3988,.F.);
#3990=CARTESIAN_POINT('',(100.002378153,-16.412566515,1.561697185));
#3991=VERTEX_POINT('',#3990);
#3992=CARTESIAN_POINT('',(100.002378153,-16.412566515,1.561697185));
#3993=DIRECTION('',(1.,0.,-0.));
#3994=VECTOR('',#3993,15.6);
#3995=LINE('',#3992,#3994);
#3996=EDGE_CURVE('',#3991,#3981,#3995,.T.);
#3997=ORIENTED_EDGE('',*,*,#3996,.F.);
#3998=CARTESIAN_POINT('',(100.002378153,-32.012566515,1.561697185));
#3999=VERTEX_POINT('',#3998);
#4000=CARTESIAN_POINT('',(100.002378153,-32.012566515,1.561697185));
#4001=DIRECTION('',(0.,1.,0.));
#4002=VECTOR('',#4001,15.6);
#4003=LINE('',#4000,#4002);
#4004=EDGE_CURVE('',#3999,#3991,#4003,.T.);
#4005=ORIENTED_EDGE('',*,*,#4004,.F.);
#4006=CARTESIAN_POINT('',(100.002378153,-32.012566515,1.561697185));
#4007=DIRECTION('',(1.,0.,-0.));
#4008=VECTOR('',#4007,15.6);
#4009=LINE('',#4006,#4008);
#4010=EDGE_CURVE('',#3999,#3983,#4009,.T.);
#4011=ORIENTED_EDGE('',*,*,#4010,.T.);
#4012=EDGE_LOOP('',(#3989,#3997,#4005,#4011));
#4013=FACE_BOUND('',#4012,.T.);
#4014=CARTESIAN_POINT('',(309.912378153,-16.412566515,1.561697185));
#4015=VERTEX_POINT('',#4014);
#4016=CARTESIAN_POINT('',(309.912378153,-32.012566515,1.561697185));
#4017=VERTEX_POINT('',#4016);
#4018=CARTESIAN_POINT('',(309.912378153,-16.412566515,1.561697185));
#4019=DIRECTION('',(0.,-1.,0.));
#4020=VECTOR('',#4019,15.6);
#4021=LINE('',#4018,#4020);
#4022=EDGE_CURVE('',#4015,#4017,#4021,.T.);
#4023=ORIENTED_EDGE('',*,*,#4022,.F.);
#4024=CARTESIAN_POINT('',(294.312378153,-16.412566515,1.561697185));
#4025=VERTEX_POINT('',#4024);
#4026=CARTESIAN_POINT('',(294.312378153,-16.412566515,1.561697185));
#4027=DIRECTION('',(1.,0.,-0.));
#4028=VECTOR('',#4027,15.6);
#4029=LINE('',#4026,#4028);
#4030=EDGE_CURVE('',#4025,#4015,#4029,.T.);
#4031=ORIENTED_EDGE('',*,*,#4030,.F.);
#4032=CARTESIAN_POINT('',(294.312378153,-32.012566515,1.561697185));
#4033=VERTEX_POINT('',#4032);
#4034=CARTESIAN_POINT('',(294.312378153,-32.012566515,1.561697185));
#4035=DIRECTION('',(0.,1.,0.));
#4036=VECTOR('',#4035,15.6);
#4037=LINE('',#4034,#4036);
#4038=EDGE_CURVE('',#4033,#4025,#4037,.T.);
#4039=ORIENTED_EDGE('',*,*,#4038,.F.);
#4040=CARTESIAN_POINT('',(294.312378153,-32.012566515,1.561697185));
#4041=DIRECTION('',(1.,0.,-0.));
#4042=VECTOR('',#4041,15.6);
#4043=LINE('',#4040,#4042);
#4044=EDGE_CURVE('',#4033,#4017,#4043,.T.);
#4045=ORIENTED_EDGE('',*,*,#4044,.T.);
#4046=EDGE_LOOP('',(#4023,#4031,#4039,#4045));
#4047=FACE_BOUND('',#4046,.T.);
#4048=CARTESIAN_POINT('',(354.552378153,-58.532566515,1.561697185));
#4049=VERTEX_POINT('',#4048);
#4050=CARTESIAN_POINT('',(354.552378153,-78.532566515,1.561697185));
#4051=VERTEX_POINT('',#4050);
#4052=CARTESIAN_POINT('',(354.552378153,-58.532566515,1.561697185));
#4053=DIRECTION('',(0.,-1.,0.));
#4054=VECTOR('',#4053,20.);
#4055=LINE('',#4052,#4054);
#4056=EDGE_CURVE('',#4049,#4051,#4055,.T.);
#4057=ORIENTED_EDGE('',*,*,#4056,.T.);
#4058=CARTESIAN_POINT('',(359.552378153,-78.532566515,1.561697185));
#4059=VERTEX_POINT('',#4058);
#4060=CARTESIAN_POINT('',(354.552378153,-78.532566515,1.561697185));
#4061=DIRECTION('',(1.,0.,-0.));
#4062=VECTOR('',#4061,5.);
#4063=LINE('',#4060,#4062);
#4064=EDGE_CURVE('',#4051,#4059,#4063,.T.);
#4065=ORIENTED_EDGE('',*,*,#4064,.T.);
#4066=CARTESIAN_POINT('',(359.552378153,-58.532566515,1.561697185));
#4067=VERTEX_POINT('',#4066);
#4068=CARTESIAN_POINT('',(359.552378153,-78.532566515,1.561697185));
#4069=DIRECTION('',(0.,1.,0.));
#4070=VECTOR('',#4069,20.);
#4071=LINE('',#4068,#4070);
#4072=EDGE_CURVE('',#4059,#4067,#4071,.T.);
#4073=ORIENTED_EDGE('',*,*,#4072,.T.);
#4074=CARTESIAN_POINT('',(359.552378153,-58.532566515,1.561697185));
#4075=DIRECTION('',(-1.,0.,0.));
#4076=VECTOR('',#4075,5.);
#4077=LINE('',#4074,#4076);
#4078=EDGE_CURVE('',#4067,#4049,#4077,.T.);
#4079=ORIENTED_EDGE('',*,*,#4078,.T.);
#4080=EDGE_LOOP('',(#4057,#4065,#4073,#4079));
#4081=FACE_BOUND('',#4080,.T.);
#4082=CARTESIAN_POINT('',(335.312378153,-102.772566515,1.561697185));
#4083=VERTEX_POINT('',#4082);
#4084=CARTESIAN_POINT('',(335.312378153,-118.372566515,1.561697185));
#4085=VERTEX_POINT('',#4084);
#4086=CARTESIAN_POINT('',(335.312378153,-102.772566515,1.561697185));
#4087=DIRECTION('',(0.,-1.,0.));
#4088=VECTOR('',#4087,15.6);
#4089=LINE('',#4086,#4088);
#4090=EDGE_CURVE('',#4083,#4085,#4089,.T.);
#4091=ORIENTED_EDGE('',*,*,#4090,.F.);
#4092=CARTESIAN_POINT('',(319.712378153,-102.772566515,1.561697185));
#4093=VERTEX_POINT('',#4092);
#4094=CARTESIAN_POINT('',(319.712378153,-102.772566515,1.561697185));
#4095=DIRECTION('',(1.,0.,-0.));
#4096=VECTOR('',#4095,15.6);
#4097=LINE('',#4094,#4096);
#4098=EDGE_CURVE('',#4093,#4083,#4097,.T.);
#4099=ORIENTED_EDGE('',*,*,#4098,.F.);
#4100=CARTESIAN_POINT('',(319.712378153,-118.372566515,1.561697185));
#4101=VERTEX_POINT('',#4100);
#4102=CARTESIAN_POINT('',(319.712378153,-118.372566515,1.561697185));
#4103=DIRECTION('',(0.,1.,0.));
#4104=VECTOR('',#4103,15.6);
#4105=LINE('',#4102,#4104);
#4106=EDGE_CURVE('',#4101,#4093,#4105,.T.);
#4107=ORIENTED_EDGE('',*,*,#4106,.F.);
#4108=CARTESIAN_POINT('',(319.712378153,-118.372566515,1.561697185));
#4109=DIRECTION('',(1.,0.,-0.));
#4110=VECTOR('',#4109,15.6);
#4111=LINE('',#4108,#4110);
#4112=EDGE_CURVE('',#4101,#4085,#4111,.T.);
#4113=ORIENTED_EDGE('',*,*,#4112,.T.);
#4114=EDGE_LOOP('',(#4091,#4099,#4107,#4113));
#4115=FACE_BOUND('',#4114,.T.);
#4116=CARTESIAN_POINT('',(166.402378153,-59.592566515,1.561697185));
#4117=VERTEX_POINT('',#4116);
#4118=CARTESIAN_POINT('',(166.402378153,-75.192566515,1.561697185));
#4119=VERTEX_POINT('',#4118);
#4120=CARTESIAN_POINT('',(166.402378153,-59.592566515,1.561697185));
#4121=DIRECTION('',(0.,-1.,0.));
#4122=VECTOR('',#4121,15.6);
#4123=LINE('',#4120,#4122);
#4124=EDGE_CURVE('',#4117,#4119,#4123,.T.);
#4125=ORIENTED_EDGE('',*,*,#4124,.F.);
#4126=CARTESIAN_POINT('',(150.802378153,-59.592566515,1.561697185));
#4127=VERTEX_POINT('',#4126);
#4128=CARTESIAN_POINT('',(150.802378153,-59.592566515,1.561697185));
#4129=DIRECTION('',(1.,0.,-0.));
#4130=VECTOR('',#4129,15.6);
#4131=LINE('',#4128,#4130);
#4132=EDGE_CURVE('',#4127,#4117,#4131,.T.);
#4133=ORIENTED_EDGE('',*,*,#4132,.F.);
#4134=CARTESIAN_POINT('',(150.802378153,-75.192566515,1.561697185));
#4135=VERTEX_POINT('',#4134);
#4136=CARTESIAN_POINT('',(150.802378153,-75.192566515,1.561697185));
#4137=DIRECTION('',(0.,1.,0.));
#4138=VECTOR('',#4137,15.6);
#4139=LINE('',#4136,#4138);
#4140=EDGE_CURVE('',#4135,#4127,#4139,.T.);
#4141=ORIENTED_EDGE('',*,*,#4140,.F.);
#4142=CARTESIAN_POINT('',(150.802378153,-75.192566515,1.561697185));
#4143=DIRECTION('',(1.,0.,-0.));
#4144=VECTOR('',#4143,15.6);
#4145=LINE('',#4142,#4144);
#4146=EDGE_CURVE('',#4135,#4119,#4145,.T.);
#4147=ORIENTED_EDGE('',*,*,#4146,.T.);
#4148=EDGE_LOOP('',(#4125,#4133,#4141,#4147));
#4149=FACE_BOUND('',#4148,.T.);
#4150=CARTESIAN_POINT('',(76.232378153,-59.592566515,1.561697185));
#4151=VERTEX_POINT('',#4150);
#4152=CARTESIAN_POINT('',(76.232378153,-75.192566515,1.561697185));
#4153=VERTEX_POINT('',#4152);
#4154=CARTESIAN_POINT('',(76.232378153,-59.592566515,1.561697185));
#4155=DIRECTION('',(0.,-1.,0.));
#4156=VECTOR('',#4155,15.6);
#4157=LINE('',#4154,#4156);
#4158=EDGE_CURVE('',#4151,#4153,#4157,.T.);
#4159=ORIENTED_EDGE('',*,*,#4158,.F.);
#4160=CARTESIAN_POINT('',(60.632378153,-59.592566515,1.561697185));
#4161=VERTEX_POINT('',#4160);
#4162=CARTESIAN_POINT('',(60.632378153,-59.592566515,1.561697185));
#4163=DIRECTION('',(1.,0.,-0.));
#4164=VECTOR('',#4163,15.6);
#4165=LINE('',#4162,#4164);
#4166=EDGE_CURVE('',#4161,#4151,#4165,.T.);
#4167=ORIENTED_EDGE('',*,*,#4166,.F.);
#4168=CARTESIAN_POINT('',(60.632378153,-75.192566515,1.561697185));
#4169=VERTEX_POINT('',#4168);
#4170=CARTESIAN_POINT('',(60.632378153,-59.592566515,1.561697185));
#4171=DIRECTION('',(0.,-1.,0.));
#4172=VECTOR('',#4171,15.6);
#4173=LINE('',#4170,#4172);
#4174=EDGE_CURVE('',#4161,#4169,#4173,.T.);
#4175=ORIENTED_EDGE('',*,*,#4174,.T.);
#4176=CARTESIAN_POINT('',(76.232378153,-75.192566515,1.561697185));
#4177=DIRECTION('',(-1.,0.,0.));
#4178=VECTOR('',#4177,15.6);
#4179=LINE('',#4176,#4178);
#4180=EDGE_CURVE('',#4153,#4169,#4179,.T.);
#4181=ORIENTED_EDGE('',*,*,#4180,.F.);
#4182=EDGE_LOOP('',(#4159,#4167,#4175,#4181));
#4183=FACE_BOUND('',#4182,.T.);
#4184=CARTESIAN_POINT('',(306.102378153,5.177433485,1.561697185));
#4185=VERTEX_POINT('',#4184);
#4186=CARTESIAN_POINT('',(306.102378153,-10.422566515,1.561697185));
#4187=VERTEX_POINT('',#4186);
#4188=CARTESIAN_POINT('',(306.102378153,5.177433485,1.561697185));
#4189=DIRECTION('',(0.,-1.,0.));
#4190=VECTOR('',#4189,15.6);
#4191=LINE('',#4188,#4190);
#4192=EDGE_CURVE('',#4185,#4187,#4191,.T.);
#4193=ORIENTED_EDGE('',*,*,#4192,.F.);
#4194=CARTESIAN_POINT('',(290.502378153,5.177433485,1.561697185));
#4195=VERTEX_POINT('',#4194);
#4196=CARTESIAN_POINT('',(290.502378153,5.177433485,1.561697185));
#4197=DIRECTION('',(1.,0.,-0.));
#4198=VECTOR('',#4197,15.6);
#4199=LINE('',#4196,#4198);
#4200=EDGE_CURVE('',#4195,#4185,#4199,.T.);
#4201=ORIENTED_EDGE('',*,*,#4200,.F.);
#4202=CARTESIAN_POINT('',(290.502378153,-10.422566515,1.561697185));
#4203=VERTEX_POINT('',#4202);
#4204=CARTESIAN_POINT('',(290.502378153,-10.422566515,1.561697185));
#4205=DIRECTION('',(0.,1.,0.));
#4206=VECTOR('',#4205,15.6);
#4207=LINE('',#4204,#4206);
#4208=EDGE_CURVE('',#4203,#4195,#4207,.T.);
#4209=ORIENTED_EDGE('',*,*,#4208,.F.);
#4210=CARTESIAN_POINT('',(306.102378153,-10.422566515,1.561697185));
#4211=DIRECTION('',(-1.,0.,0.));
#4212=VECTOR('',#4211,15.6);
#4213=LINE('',#4210,#4212);
#4214=EDGE_CURVE('',#4187,#4203,#4213,.T.);
#4215=ORIENTED_EDGE('',*,*,#4214,.F.);
#4216=EDGE_LOOP('',(#4193,#4201,#4209,#4215));
#4217=FACE_BOUND('',#4216,.T.);
#4218=CARTESIAN_POINT('',(215.572378153,-98.052566515,1.561697185));
#4219=VERTEX_POINT('',#4218);
#4220=CARTESIAN_POINT('',(231.172378153,-98.052566515,1.561697185));
#4221=VERTEX_POINT('',#4220);
#4222=CARTESIAN_POINT('',(215.572378153,-98.052566515,1.561697185));
#4223=DIRECTION('',(1.,0.,-0.));
#4224=VECTOR('',#4223,15.6);
#4225=LINE('',#4222,#4224);
#4226=EDGE_CURVE('',#4219,#4221,#4225,.T.);
#4227=ORIENTED_EDGE('',*,*,#4226,.T.);
#4228=CARTESIAN_POINT('',(231.172378153,-82.452566515,1.561697185));
#4229=VERTEX_POINT('',#4228);
#4230=CARTESIAN_POINT('',(231.172378153,-98.052566515,1.561697185));
#4231=DIRECTION('',(0.,1.,0.));
#4232=VECTOR('',#4231,15.6);
#4233=LINE('',#4230,#4232);
#4234=EDGE_CURVE('',#4221,#4229,#4233,.T.);
#4235=ORIENTED_EDGE('',*,*,#4234,.T.);
#4236=CARTESIAN_POINT('',(215.572378153,-82.452566515,1.561697185));
#4237=VERTEX_POINT('',#4236);
#4238=CARTESIAN_POINT('',(231.172378153,-82.452566515,1.561697185));
#4239=DIRECTION('',(-1.,0.,0.));
#4240=VECTOR('',#4239,15.6);
#4241=LINE('',#4238,#4240);
#4242=EDGE_CURVE('',#4229,#4237,#4241,.T.);
#4243=ORIENTED_EDGE('',*,*,#4242,.T.);
#4244=CARTESIAN_POINT('',(215.572378153,-98.052566515,1.561697185));
#4245=DIRECTION('',(0.,1.,0.));
#4246=VECTOR('',#4245,15.6);
#4247=LINE('',#4244,#4246);
#4248=EDGE_CURVE('',#4219,#4237,#4247,.T.);
#4249=ORIENTED_EDGE('',*,*,#4248,.F.);
#4250=EDGE_LOOP('',(#4227,#4235,#4243,#4249));
#4251=FACE_BOUND('',#4250,.T.);
#4252=CARTESIAN_POINT('',(339.552378153,-14.532566515,1.561697185));
#4253=VERTEX_POINT('',#4252);
#4254=CARTESIAN_POINT('',(339.552378153,-35.532566515,1.561697185));
#4255=VERTEX_POINT('',#4254);
#4256=CARTESIAN_POINT('',(339.552378153,-14.532566515,1.561697185));
#4257=DIRECTION('',(0.,-1.,0.));
#4258=VECTOR('',#4257,21.);
#4259=LINE('',#4256,#4258);
#4260=EDGE_CURVE('',#4253,#4255,#4259,.T.);
#4261=ORIENTED_EDGE('',*,*,#4260,.T.);
#4262=CARTESIAN_POINT('',(344.552378153,-35.532566515,1.561697185));
#4263=VERTEX_POINT('',#4262);
#4264=CARTESIAN_POINT('',(339.552378153,-35.532566515,1.561697185));
#4265=DIRECTION('',(1.,0.,-0.));
#4266=VECTOR('',#4265,5.);
#4267=LINE('',#4264,#4266);
#4268=EDGE_CURVE('',#4255,#4263,#4267,.T.);
#4269=ORIENTED_EDGE('',*,*,#4268,.T.);
#4270=CARTESIAN_POINT('',(344.552378153,-14.532566515,1.561697185));
#4271=VERTEX_POINT('',#4270);
#4272=CARTESIAN_POINT('',(344.552378153,-35.532566515,1.561697185));
#4273=DIRECTION('',(0.,1.,0.));
#4274=VECTOR('',#4273,21.);
#4275=LINE('',#4272,#4274);
#4276=EDGE_CURVE('',#4263,#4271,#4275,.T.);
#4277=ORIENTED_EDGE('',*,*,#4276,.T.);
#4278=CARTESIAN_POINT('',(344.552378153,-14.532566515,1.561697185));
#4279=DIRECTION('',(-1.,0.,0.));
#4280=VECTOR('',#4279,5.);
#4281=LINE('',#4278,#4280);
#4282=EDGE_CURVE('',#4271,#4253,#4281,.T.);
#4283=ORIENTED_EDGE('',*,*,#4282,.T.);
#4284=EDGE_LOOP('',(#4261,#4269,#4277,#4283));
#4285=FACE_BOUND('',#4284,.T.);
#4286=CARTESIAN_POINT('',(124.132378153,-53.602566515,1.561697185));
#4287=VERTEX_POINT('',#4286);
#4288=CARTESIAN_POINT('',(124.132378153,-38.002566515,1.561697185));
#4289=VERTEX_POINT('',#4288);
#4290=CARTESIAN_POINT('',(124.132378153,-53.602566515,1.561697185));
#4291=DIRECTION('',(0.,1.,0.));
#4292=VECTOR('',#4291,15.6);
#4293=LINE('',#4290,#4292);
#4294=EDGE_CURVE('',#4287,#4289,#4293,.T.);
#4295=ORIENTED_EDGE('',*,*,#4294,.F.);
#4296=CARTESIAN_POINT('',(139.732378153,-53.602566515,1.561697185));
#4297=VERTEX_POINT('',#4296);
#4298=CARTESIAN_POINT('',(124.132378153,-53.602566515,1.561697185));
#4299=DIRECTION('',(1.,0.,-0.));
#4300=VECTOR('',#4299,15.6);
#4301=LINE('',#4298,#4300);
#4302=EDGE_CURVE('',#4287,#4297,#4301,.T.);
#4303=ORIENTED_EDGE('',*,*,#4302,.T.);
#4304=CARTESIAN_POINT('',(139.732378153,-38.002566515,1.561697185));
#4305=VERTEX_POINT('',#4304);
#4306=CARTESIAN_POINT('',(139.732378153,-53.602566515,1.561697185));
#4307=DIRECTION('',(0.,1.,0.));
#4308=VECTOR('',#4307,15.6);
#4309=LINE('',#4306,#4308);
#4310=EDGE_CURVE('',#4297,#4305,#4309,.T.);
#4311=ORIENTED_EDGE('',*,*,#4310,.T.);
#4312=CARTESIAN_POINT('',(139.732378153,-38.002566515,1.561697185));
#4313=DIRECTION('',(-1.,0.,0.));
#4314=VECTOR('',#4313,15.6);
#4315=LINE('',#4312,#4314);
#4316=EDGE_CURVE('',#4305,#4289,#4315,.T.);
#4317=ORIENTED_EDGE('',*,*,#4316,.T.);
#4318=EDGE_LOOP('',(#4295,#4303,#4311,#4317));
#4319=FACE_BOUND('',#4318,.T.);
#4320=CARTESIAN_POINT('',(158.782378153,5.177433485,1.561697185));
#4321=VERTEX_POINT('',#4320);
#4322=CARTESIAN_POINT('',(158.782378153,-10.422566515,1.561697185));
#4323=VERTEX_POINT('',#4322);
#4324=CARTESIAN_POINT('',(158.782378153,5.177433485,1.561697185));
#4325=DIRECTION('',(0.,-1.,0.));
#4326=VECTOR('',#4325,15.6);
#4327=LINE('',#4324,#4326);
#4328=EDGE_CURVE('',#4321,#4323,#4327,.T.);
#4329=ORIENTED_EDGE('',*,*,#4328,.F.);
#4330=CARTESIAN_POINT('',(143.182378153,5.177433485,1.561697185));
#4331=VERTEX_POINT('',#4330);
#4332=CARTESIAN_POINT('',(143.182378153,5.177433485,1.561697185));
#4333=DIRECTION('',(1.,0.,-0.));
#4334=VECTOR('',#4333,15.6);
#4335=LINE('',#4332,#4334);
#4336=EDGE_CURVE('',#4331,#4321,#4335,.T.);
#4337=ORIENTED_EDGE('',*,*,#4336,.F.);
#4338=CARTESIAN_POINT('',(143.182378153,-10.422566515,1.561697185));
#4339=VERTEX_POINT('',#4338);
#4340=CARTESIAN_POINT('',(143.182378153,-10.422566515,1.561697185));
#4341=DIRECTION('',(0.,1.,0.));
#4342=VECTOR('',#4341,15.6);
#4343=LINE('',#4340,#4342);
#4344=EDGE_CURVE('',#4339,#4331,#4343,.T.);
#4345=ORIENTED_EDGE('',*,*,#4344,.F.);
#4346=CARTESIAN_POINT('',(143.182378153,-10.422566515,1.561697185));
#4347=DIRECTION('',(1.,0.,-0.));
#4348=VECTOR('',#4347,15.6);
#4349=LINE('',#4346,#4348);
#4350=EDGE_CURVE('',#4339,#4323,#4349,.T.);
#4351=ORIENTED_EDGE('',*,*,#4350,.T.);
#4352=EDGE_LOOP('',(#4329,#4337,#4345,#4351));
#4353=FACE_BOUND('',#4352,.T.);
#4354=CARTESIAN_POINT('',(167.312378153,-38.002566515,1.561697185));
#4355=VERTEX_POINT('',#4354);
#4356=CARTESIAN_POINT('',(167.312378153,-53.602566515,1.561697185));
#4357=VERTEX_POINT('',#4356);
#4358=CARTESIAN_POINT('',(167.312378153,-38.002566515,1.561697185));
#4359=DIRECTION('',(0.,-1.,0.));
#4360=VECTOR('',#4359,15.6);
#4361=LINE('',#4358,#4360);
#4362=EDGE_CURVE('',#4355,#4357,#4361,.T.);
#4363=ORIENTED_EDGE('',*,*,#4362,.T.);
#4364=CARTESIAN_POINT('',(182.912378153,-53.602566515,1.561697185));
#4365=VERTEX_POINT('',#4364);
#4366=CARTESIAN_POINT('',(167.312378153,-53.602566515,1.561697185));
#4367=DIRECTION('',(1.,0.,-0.));
#4368=VECTOR('',#4367,15.6);
#4369=LINE('',#4366,#4368);
#4370=EDGE_CURVE('',#4357,#4365,#4369,.T.);
#4371=ORIENTED_EDGE('',*,*,#4370,.T.);
#4372=CARTESIAN_POINT('',(182.912378153,-38.002566515,1.561697185));
#4373=VERTEX_POINT('',#4372);
#4374=CARTESIAN_POINT('',(182.912378153,-53.602566515,1.561697185));
#4375=DIRECTION('',(0.,1.,0.));
#4376=VECTOR('',#4375,15.6);
#4377=LINE('',#4374,#4376);
#4378=EDGE_CURVE('',#4365,#4373,#4377,.T.);
#4379=ORIENTED_EDGE('',*,*,#4378,.T.);
#4380=CARTESIAN_POINT('',(167.312378153,-38.002566515,1.561697185));
#4381=DIRECTION('',(1.,0.,-0.));
#4382=VECTOR('',#4381,15.6);
#4383=LINE('',#4380,#4382);
#4384=EDGE_CURVE('',#4355,#4373,#4383,.T.);
#4385=ORIENTED_EDGE('',*,*,#4384,.F.);
#4386=EDGE_LOOP('',(#4363,#4371,#4379,#4385));
#4387=FACE_BOUND('',#4386,.T.);
#4388=CARTESIAN_POINT('',(280.342378153,-98.052566515,1.561697185));
#4389=VERTEX_POINT('',#4388);
#4390=CARTESIAN_POINT('',(295.942378153,-98.052566515,1.561697185));
#4391=VERTEX_POINT('',#4390);
#4392=CARTESIAN_POINT('',(280.342378153,-98.052566515,1.561697185));
#4393=DIRECTION('',(1.,0.,-0.));
#4394=VECTOR('',#4393,15.6);
#4395=LINE('',#4392,#4394);
#4396=EDGE_CURVE('',#4389,#4391,#4395,.T.);
#4397=ORIENTED_EDGE('',*,*,#4396,.T.);
#4398=CARTESIAN_POINT('',(295.942378153,-82.452566515,1.561697185));
#4399=VERTEX_POINT('',#4398);
#4400=CARTESIAN_POINT('',(295.942378153,-98.052566515,1.561697185));
#4401=DIRECTION('',(0.,1.,0.));
#4402=VECTOR('',#4401,15.6);
#4403=LINE('',#4400,#4402);
#4404=EDGE_CURVE('',#4391,#4399,#4403,.T.);
#4405=ORIENTED_EDGE('',*,*,#4404,.T.);
#4406=CARTESIAN_POINT('',(280.342378153,-82.452566515,1.561697185));
#4407=VERTEX_POINT('',#4406);
#4408=CARTESIAN_POINT('',(295.942378153,-82.452566515,1.561697185));
#4409=DIRECTION('',(-1.,0.,0.));
#4410=VECTOR('',#4409,15.6);
#4411=LINE('',#4408,#4410);
#4412=EDGE_CURVE('',#4399,#4407,#4411,.T.);
#4413=ORIENTED_EDGE('',*,*,#4412,.T.);
#4414=CARTESIAN_POINT('',(280.342378153,-82.452566515,1.561697185));
#4415=DIRECTION('',(0.,-1.,0.));
#4416=VECTOR('',#4415,15.6);
#4417=LINE('',#4414,#4416);
#4418=EDGE_CURVE('',#4407,#4389,#4417,.T.);
#4419=ORIENTED_EDGE('',*,*,#4418,.T.);
#4420=EDGE_LOOP('',(#4397,#4405,#4413,#4419));
#4421=FACE_BOUND('',#4420,.T.);
#4422=CARTESIAN_POINT('',(72.422378153,-16.412566515,1.561697185));
#4423=VERTEX_POINT('',#4422);
#4424=CARTESIAN_POINT('',(72.422378153,-32.012566515,1.561697185));
#4425=VERTEX_POINT('',#4424);
#4426=CARTESIAN_POINT('',(72.422378153,-16.412566515,1.561697185));
#4427=DIRECTION('',(0.,-1.,0.));
#4428=VECTOR('',#4427,15.6);
#4429=LINE('',#4426,#4428);
#4430=EDGE_CURVE('',#4423,#4425,#4429,.T.);
#4431=ORIENTED_EDGE('',*,*,#4430,.F.);
#4432=CARTESIAN_POINT('',(56.822378153,-16.412566515,1.561697185));
#4433=VERTEX_POINT('',#4432);
#4434=CARTESIAN_POINT('',(56.822378153,-16.412566515,1.561697185));
#4435=DIRECTION('',(1.,0.,-0.));
#4436=VECTOR('',#4435,15.6);
#4437=LINE('',#4434,#4436);
#4438=EDGE_CURVE('',#4433,#4423,#4437,.T.);
#4439=ORIENTED_EDGE('',*,*,#4438,.F.);
#4440=CARTESIAN_POINT('',(56.822378153,-32.012566515,1.561697185));
#4441=VERTEX_POINT('',#4440);
#4442=CARTESIAN_POINT('',(56.822378153,-32.012566515,1.561697185));
#4443=DIRECTION('',(0.,1.,0.));
#4444=VECTOR('',#4443,15.6);
#4445=LINE('',#4442,#4444);
#4446=EDGE_CURVE('',#4441,#4433,#4445,.T.);
#4447=ORIENTED_EDGE('',*,*,#4446,.F.);
#4448=CARTESIAN_POINT('',(56.822378153,-32.012566515,1.561697185));
#4449=DIRECTION('',(1.,0.,-0.));
#4450=VECTOR('',#4449,15.6);
#4451=LINE('',#4448,#4450);
#4452=EDGE_CURVE('',#4441,#4425,#4451,.T.);
#4453=ORIENTED_EDGE('',*,*,#4452,.T.);
#4454=EDGE_LOOP('',(#4431,#4439,#4447,#4453));
#4455=FACE_BOUND('',#4454,.T.);
#4456=CARTESIAN_POINT('',(274.352378153,-82.452566515,1.561697185));
#4457=VERTEX_POINT('',#4456);
#4458=CARTESIAN_POINT('',(274.352378153,-98.052566515,1.561697185));
#4459=VERTEX_POINT('',#4458);
#4460=CARTESIAN_POINT('',(274.352378153,-82.452566515,1.561697185));
#4461=DIRECTION('',(0.,-1.,0.));
#4462=VECTOR('',#4461,15.6);
#4463=LINE('',#4460,#4462);
#4464=EDGE_CURVE('',#4457,#4459,#4463,.T.);
#4465=ORIENTED_EDGE('',*,*,#4464,.F.);
#4466=CARTESIAN_POINT('',(258.752378153,-82.452566515,1.561697185));
#4467=VERTEX_POINT('',#4466);
#4468=CARTESIAN_POINT('',(258.752378153,-82.452566515,1.561697185));
#4469=DIRECTION('',(1.,0.,-0.));
#4470=VECTOR('',#4469,15.6);
#4471=LINE('',#4468,#4470);
#4472=EDGE_CURVE('',#4467,#4457,#4471,.T.);
#4473=ORIENTED_EDGE('',*,*,#4472,.F.);
#4474=CARTESIAN_POINT('',(258.752378153,-98.052566515,1.561697185));
#4475=VERTEX_POINT('',#4474);
#4476=CARTESIAN_POINT('',(258.752378153,-98.052566515,1.561697185));
#4477=DIRECTION('',(0.,1.,0.));
#4478=VECTOR('',#4477,15.6);
#4479=LINE('',#4476,#4478);
#4480=EDGE_CURVE('',#4475,#4467,#4479,.T.);
#4481=ORIENTED_EDGE('',*,*,#4480,.F.);
#4482=CARTESIAN_POINT('',(258.752378153,-98.052566515,1.561697185));
#4483=DIRECTION('',(1.,0.,-0.));
#4484=VECTOR('',#4483,15.6);
#4485=LINE('',#4482,#4484);
#4486=EDGE_CURVE('',#4475,#4459,#4485,.T.);
#4487=ORIENTED_EDGE('',*,*,#4486,.T.);
#4488=EDGE_LOOP('',(#4465,#4473,#4481,#4487));
#4489=FACE_BOUND('',#4488,.T.);
#4490=CARTESIAN_POINT('',(142.272378153,-82.452566515,1.561697185));
#4491=VERTEX_POINT('',#4490);
#4492=CARTESIAN_POINT('',(142.272378153,-98.052566515,1.561697185));
#4493=VERTEX_POINT('',#4492);
#4494=CARTESIAN_POINT('',(142.272378153,-82.452566515,1.561697185));
#4495=DIRECTION('',(0.,-1.,0.));
#4496=VECTOR('',#4495,15.6);
#4497=LINE('',#4494,#4496);
#4498=EDGE_CURVE('',#4491,#4493,#4497,.T.);
#4499=ORIENTED_EDGE('',*,*,#4498,.F.);
#4500=CARTESIAN_POINT('',(126.672378153,-82.452566515,1.561697185));
#4501=VERTEX_POINT('',#4500);
#4502=CARTESIAN_POINT('',(126.672378153,-82.452566515,1.561697185));
#4503=DIRECTION('',(1.,0.,-0.));
#4504=VECTOR('',#4503,15.6);
#4505=LINE('',#4502,#4504);
#4506=EDGE_CURVE('',#4501,#4491,#4505,.T.);
#4507=ORIENTED_EDGE('',*,*,#4506,.F.);
#4508=CARTESIAN_POINT('',(126.672378153,-98.052566515,1.561697185));
#4509=VERTEX_POINT('',#4508);
#4510=CARTESIAN_POINT('',(126.672378153,-98.052566515,1.561697185));
#4511=DIRECTION('',(0.,1.,0.));
#4512=VECTOR('',#4511,15.6);
#4513=LINE('',#4510,#4512);
#4514=EDGE_CURVE('',#4509,#4501,#4513,.T.);
#4515=ORIENTED_EDGE('',*,*,#4514,.F.);
#4516=CARTESIAN_POINT('',(126.672378153,-98.052566515,1.561697185));
#4517=DIRECTION('',(1.,0.,-0.));
#4518=VECTOR('',#4517,15.6);
#4519=LINE('',#4516,#4518);
#4520=EDGE_CURVE('',#4509,#4493,#4519,.T.);
#4521=ORIENTED_EDGE('',*,*,#4520,.T.);
#4522=EDGE_LOOP('',(#4499,#4507,#4515,#4521));
#4523=FACE_BOUND('',#4522,.T.);
#4524=CARTESIAN_POINT('',(167.672378153,-103.407566515,1.561697185));
#4525=VERTEX_POINT('',#4524);
#4526=CARTESIAN_POINT('',(167.672378153,-119.007566515,1.561697185));
#4527=VERTEX_POINT('',#4526);
#4528=CARTESIAN_POINT('',(167.672378153,-103.407566515,1.561697185));
#4529=DIRECTION('',(0.,-1.,0.));
#4530=VECTOR('',#4529,15.6);
#4531=LINE('',#4528,#4530);
#4532=EDGE_CURVE('',#4525,#4527,#4531,.T.);
#4533=ORIENTED_EDGE('',*,*,#4532,.F.);
#4534=CARTESIAN_POINT('',(152.072378153,-103.407566515,1.561697185));
#4535=VERTEX_POINT('',#4534);
#4536=CARTESIAN_POINT('',(152.072378153,-103.407566515,1.561697185));
#4537=DIRECTION('',(1.,0.,-0.));
#4538=VECTOR('',#4537,15.6);
#4539=LINE('',#4536,#4538);
#4540=EDGE_CURVE('',#4535,#4525,#4539,.T.);
#4541=ORIENTED_EDGE('',*,*,#4540,.F.);
#4542=CARTESIAN_POINT('',(152.072378153,-119.007566515,1.561697185));
#4543=VERTEX_POINT('',#4542);
#4544=CARTESIAN_POINT('',(152.072378153,-119.007566515,1.561697185));
#4545=DIRECTION('',(0.,1.,0.));
#4546=VECTOR('',#4545,15.6);
#4547=LINE('',#4544,#4546);
#4548=EDGE_CURVE('',#4543,#4535,#4547,.T.);
#4549=ORIENTED_EDGE('',*,*,#4548,.F.);
#4550=CARTESIAN_POINT('',(152.072378153,-119.007566515,1.561697185));
#4551=DIRECTION('',(1.,0.,-0.));
#4552=VECTOR('',#4551,15.6);
#4553=LINE('',#4550,#4552);
#4554=EDGE_CURVE('',#4543,#4527,#4553,.T.);
#4555=ORIENTED_EDGE('',*,*,#4554,.T.);
#4556=EDGE_LOOP('',(#4533,#4541,#4549,#4555));
#4557=FACE_BOUND('',#4556,.T.);
#4558=CARTESIAN_POINT('',(252.762378153,-59.592566515,1.561697185));
#4559=VERTEX_POINT('',#4558);
#4560=CARTESIAN_POINT('',(252.762378153,-75.192566515,1.561697185));
#4561=VERTEX_POINT('',#4560);
#4562=CARTESIAN_POINT('',(252.762378153,-59.592566515,1.561697185));
#4563=DIRECTION('',(0.,-1.,0.));
#4564=VECTOR('',#4563,15.6);
#4565=LINE('',#4562,#4564);
#4566=EDGE_CURVE('',#4559,#4561,#4565,.T.);
#4567=ORIENTED_EDGE('',*,*,#4566,.F.);
#4568=CARTESIAN_POINT('',(237.162378153,-59.592566515,1.561697185));
#4569=VERTEX_POINT('',#4568);
#4570=CARTESIAN_POINT('',(237.162378153,-59.592566515,1.561697185));
#4571=DIRECTION('',(1.,0.,-0.));
#4572=VECTOR('',#4571,15.6);
#4573=LINE('',#4570,#4572);
#4574=EDGE_CURVE('',#4569,#4559,#4573,.T.);
#4575=ORIENTED_EDGE('',*,*,#4574,.F.);
#4576=CARTESIAN_POINT('',(237.162378153,-75.192566515,1.561697185));
#4577=VERTEX_POINT('',#4576);
#4578=CARTESIAN_POINT('',(237.162378153,-59.592566515,1.561697185));
#4579=DIRECTION('',(0.,-1.,0.));
#4580=VECTOR('',#4579,15.6);
#4581=LINE('',#4578,#4580);
#4582=EDGE_CURVE('',#4569,#4577,#4581,.T.);
#4583=ORIENTED_EDGE('',*,*,#4582,.T.);
#4584=CARTESIAN_POINT('',(237.162378153,-75.192566515,1.561697185));
#4585=DIRECTION('',(1.,0.,-0.));
#4586=VECTOR('',#4585,15.6);
#4587=LINE('',#4584,#4586);
#4588=EDGE_CURVE('',#4577,#4561,#4587,.T.);
#4589=ORIENTED_EDGE('',*,*,#4588,.T.);
#4590=EDGE_LOOP('',(#4567,#4575,#4583,#4589));
#4591=FACE_BOUND('',#4590,.T.);
#4592=CARTESIAN_POINT('',(145.722378153,-53.602566515,1.561697185));
#4593=VERTEX_POINT('',#4592);
#4594=CARTESIAN_POINT('',(161.322378153,-53.602566515,1.561697185));
#4595=VERTEX_POINT('',#4594);
#4596=CARTESIAN_POINT('',(145.722378153,-53.602566515,1.561697185));
#4597=DIRECTION('',(1.,0.,-0.));
#4598=VECTOR('',#4597,15.6);
#4599=LINE('',#4596,#4598);
#4600=EDGE_CURVE('',#4593,#4595,#4599,.T.);
#4601=ORIENTED_EDGE('',*,*,#4600,.T.);
#4602=CARTESIAN_POINT('',(161.322378153,-38.002566515,1.561697185));
#4603=VERTEX_POINT('',#4602);
#4604=CARTESIAN_POINT('',(161.322378153,-53.602566515,1.561697185));
#4605=DIRECTION('',(0.,1.,0.));
#4606=VECTOR('',#4605,15.6);
#4607=LINE('',#4604,#4606);
#4608=EDGE_CURVE('',#4595,#4603,#4607,.T.);
#4609=ORIENTED_EDGE('',*,*,#4608,.T.);
#4610=CARTESIAN_POINT('',(145.722378153,-38.002566515,1.561697185));
#4611=VERTEX_POINT('',#4610);
#4612=CARTESIAN_POINT('',(161.322378153,-38.002566515,1.561697185));
#4613=DIRECTION('',(-1.,0.,0.));
#4614=VECTOR('',#4613,15.6);
#4615=LINE('',#4612,#4614);
#4616=EDGE_CURVE('',#4603,#4611,#4615,.T.);
#4617=ORIENTED_EDGE('',*,*,#4616,.T.);
#4618=CARTESIAN_POINT('',(145.722378153,-53.602566515,1.561697185));
#4619=DIRECTION('',(0.,1.,0.));
#4620=VECTOR('',#4619,15.6);
#4621=LINE('',#4618,#4620);
#4622=EDGE_CURVE('',#4593,#4611,#4621,.T.);
#4623=ORIENTED_EDGE('',*,*,#4622,.F.);
#4624=EDGE_LOOP('',(#4601,#4609,#4617,#4623));
#4625=FACE_BOUND('',#4624,.T.);
#4626=CARTESIAN_POINT('',(53.372378153,-59.592566515,1.561697185));
#4627=VERTEX_POINT('',#4626);
#4628=CARTESIAN_POINT('',(53.372378153,-75.192566515,1.561697185));
#4629=VERTEX_POINT('',#4628);
#4630=CARTESIAN_POINT('',(53.372378153,-59.592566515,1.561697185));
#4631=DIRECTION('',(0.,-1.,0.));
#4632=VECTOR('',#4631,15.6);
#4633=LINE('',#4630,#4632);
#4634=EDGE_CURVE('',#4627,#4629,#4633,.T.);
#4635=ORIENTED_EDGE('',*,*,#4634,.F.);
#4636=CARTESIAN_POINT('',(37.772378153,-59.592566515,1.561697185));
#4637=VERTEX_POINT('',#4636);
#4638=CARTESIAN_POINT('',(37.772378153,-59.592566515,1.561697185));
#4639=DIRECTION('',(1.,0.,-0.));
#4640=VECTOR('',#4639,15.6);
#4641=LINE('',#4638,#4640);
#4642=EDGE_CURVE('',#4637,#4627,#4641,.T.);
#4643=ORIENTED_EDGE('',*,*,#4642,.F.);
#4644=CARTESIAN_POINT('',(37.772378153,-75.192566515,1.561697185));
#4645=VERTEX_POINT('',#4644);
#4646=CARTESIAN_POINT('',(37.772378153,-75.192566515,1.561697185));
#4647=DIRECTION('',(0.,1.,0.));
#4648=VECTOR('',#4647,15.6);
#4649=LINE('',#4646,#4648);
#4650=EDGE_CURVE('',#4645,#4637,#4649,.T.);
#4651=ORIENTED_EDGE('',*,*,#4650,.F.);
#4652=CARTESIAN_POINT('',(53.372378153,-75.192566515,1.561697185));
#4653=DIRECTION('',(-1.,0.,0.));
#4654=VECTOR('',#4653,15.6);
#4655=LINE('',#4652,#4654);
#4656=EDGE_CURVE('',#4629,#4645,#4655,.T.);
#4657=ORIENTED_EDGE('',*,*,#4656,.F.);
#4658=EDGE_LOOP('',(#4635,#4643,#4651,#4657));
#4659=FACE_BOUND('',#4658,.T.);
#4660=CARTESIAN_POINT('',(433.682378153,-139.382566515,1.561697185));
#4661=VERTEX_POINT('',#4660);
#4662=CARTESIAN_POINT('',(433.682378153,34.90974031,1.561697185));
#4663=VERTEX_POINT('',#4662);
#4664=CARTESIAN_POINT('',(433.682378153,-139.382566515,1.561697185));
#4665=DIRECTION('',(0.,1.,0.));
#4666=VECTOR('',#4665,174.292306825);
#4667=LINE('',#4664,#4666);
#4668=EDGE_CURVE('',#4661,#4663,#4667,.T.);
#4669=ORIENTED_EDGE('',*,*,#4668,.F.);
#4670=CARTESIAN_POINT('',(430.682378153,-142.382566515,1.561697185));
#4671=VERTEX_POINT('',#4670);
#4672=CARTESIAN_POINT('',(430.682378153,-139.382566515,1.561697185));
#4673=DIRECTION('',(-0.,-0.,-1.));
#4674=DIRECTION('',(1.,0.,-0.));
#4675=AXIS2_PLACEMENT_3D('',#4672,#4673,#4674);
#4676=CIRCLE('',#4675,3.);
#4677=EDGE_CURVE('',#4661,#4671,#4676,.T.);
#4678=ORIENTED_EDGE('',*,*,#4677,.T.);
#4679=CARTESIAN_POINT('',(19.020225101,-142.382566515,1.561697185));
#4680=VERTEX_POINT('',#4679);
#4681=CARTESIAN_POINT('',(19.020225101,-142.382566515,1.561697185));
#4682=DIRECTION('',(1.,0.,-0.));
#4683=VECTOR('',#4682,411.662153052);
#4684=LINE('',#4681,#4683);
#4685=EDGE_CURVE('',#4680,#4671,#4684,.T.);
#4686=ORIENTED_EDGE('',*,*,#4685,.F.);
#4687=CARTESIAN_POINT('',(16.020243555,-139.372043945,1.561697185));
#4688=VERTEX_POINT('',#4687);
#4689=CARTESIAN_POINT('',(19.020225101,-139.382566515,1.561697185));
#4690=DIRECTION('',(-0.,-0.,-1.));
#4691=DIRECTION('',(1.,0.,-0.));
#4692=AXIS2_PLACEMENT_3D('',#4689,#4690,#4691);
#4693=CIRCLE('',#4692,3.);
#4694=EDGE_CURVE('',#4680,#4688,#4693,.T.);
#4695=ORIENTED_EDGE('',*,*,#4694,.T.);
#4696=CARTESIAN_POINT('',(16.636638679,36.362024307,1.561697185));
#4697=VERTEX_POINT('',#4696);
#4698=CARTESIAN_POINT('',(16.020243555,-139.372043945,1.561697185));
#4699=DIRECTION('',(0.003507523,0.999993849,0.));
#4700=VECTOR('',#4699,175.735149265);
#4701=LINE('',#4698,#4700);
#4702=EDGE_CURVE('',#4688,#4697,#4701,.T.);
#4703=ORIENTED_EDGE('',*,*,#4702,.T.);
#4704=CARTESIAN_POINT('',(19.647142795,39.351483283,1.561697185));
#4705=VERTEX_POINT('',#4704);
#4706=CARTESIAN_POINT('',(19.636620225,36.351501737,1.561697185));
#4707=DIRECTION('',(-0.,-0.,-1.));
#4708=DIRECTION('',(1.,0.,-0.));
#4709=AXIS2_PLACEMENT_3D('',#4706,#4707,#4708);
#4710=CIRCLE('',#4709,3.);
#4711=EDGE_CURVE('',#4697,#4705,#4710,.T.);
#4712=ORIENTED_EDGE('',*,*,#4711,.T.);
#4713=CARTESIAN_POINT('',(430.692900723,37.909721856,1.561697185));
#4714=VERTEX_POINT('',#4713);
#4715=CARTESIAN_POINT('',(430.692900723,37.909721856,1.561697185));
#4716=DIRECTION('',(-0.999993849,0.003507523,0.));
#4717=VECTOR('',#4716,411.048286442);
#4718=LINE('',#4715,#4717);
#4719=EDGE_CURVE('',#4714,#4705,#4718,.T.);
#4720=ORIENTED_EDGE('',*,*,#4719,.F.);
#4721=CARTESIAN_POINT('',(430.682378153,34.90974031,1.561697185));
#4722=DIRECTION('',(-0.,-0.,-1.));
#4723=DIRECTION('',(1.,0.,-0.));
#4724=AXIS2_PLACEMENT_3D('',#4721,#4722,#4723);
#4725=CIRCLE('',#4724,3.);
#4726=EDGE_CURVE('',#4714,#4663,#4725,.T.);
#4727=ORIENTED_EDGE('',*,*,#4726,.T.);
#4728=EDGE_LOOP('',(#4669,#4678,#4686,#4695,#4703,#4712,#4720,#4727));
#4729=FACE_BOUND('',#4728,.T.);
#4730=CARTESIAN_POINT('',(148.262378153,-98.052566515,1.561697185));
#4731=VERTEX_POINT('',#4730);
#4732=CARTESIAN_POINT('',(163.862378153,-98.052566515,1.561697185));
#4733=VERTEX_POINT('',#4732);
#4734=CARTESIAN_POINT('',(148.262378153,-98.052566515,1.561697185));
#4735=DIRECTION('',(1.,0.,-0.));
#4736=VECTOR('',#4735,15.6);
#4737=LINE('',#4734,#4736);
#4738=EDGE_CURVE('',#4731,#4733,#4737,.T.);
#4739=ORIENTED_EDGE('',*,*,#4738,.T.);
#4740=CARTESIAN_POINT('',(163.862378153,-82.452566515,1.561697185));
#4741=VERTEX_POINT('',#4740);
#4742=CARTESIAN_POINT('',(163.862378153,-98.052566515,1.561697185));
#4743=DIRECTION('',(0.,1.,0.));
#4744=VECTOR('',#4743,15.6);
#4745=LINE('',#4742,#4744);
#4746=EDGE_CURVE('',#4733,#4741,#4745,.T.);
#4747=ORIENTED_EDGE('',*,*,#4746,.T.);
#4748=CARTESIAN_POINT('',(148.262378153,-82.452566515,1.561697185));
#4749=VERTEX_POINT('',#4748);
#4750=CARTESIAN_POINT('',(163.862378153,-82.452566515,1.561697185));
#4751=DIRECTION('',(-1.,0.,0.));
#4752=VECTOR('',#4751,15.6);
#4753=LINE('',#4750,#4752);
#4754=EDGE_CURVE('',#4741,#4749,#4753,.T.);
#4755=ORIENTED_EDGE('',*,*,#4754,.T.);
#4756=CARTESIAN_POINT('',(148.262378153,-98.052566515,1.561697185));
#4757=DIRECTION('',(0.,1.,0.));
#4758=VECTOR('',#4757,15.6);
#4759=LINE('',#4756,#4758);
#4760=EDGE_CURVE('',#4731,#4749,#4759,.T.);
#4761=ORIENTED_EDGE('',*,*,#4760,.F.);
#4762=EDGE_LOOP('',(#4739,#4747,#4755,#4761));
#4763=FACE_BOUND('',#4762,.T.);
#4764=CARTESIAN_POINT('',(352.616128153,-59.602566515,1.561697185));
#4765=VERTEX_POINT('',#4764);
#4766=CARTESIAN_POINT('',(352.616128153,-75.202566515,1.561697185));
#4767=VERTEX_POINT('',#4766);
#4768=CARTESIAN_POINT('',(352.616128153,-59.602566515,1.561697185));
#4769=DIRECTION('',(0.,-1.,0.));
#4770=VECTOR('',#4769,15.6);
#4771=LINE('',#4768,#4770);
#4772=EDGE_CURVE('',#4765,#4767,#4771,.T.);
#4773=ORIENTED_EDGE('',*,*,#4772,.F.);
#4774=CARTESIAN_POINT('',(337.016128153,-59.602566515,1.561697185));
#4775=VERTEX_POINT('',#4774);
#4776=CARTESIAN_POINT('',(337.016128153,-59.602566515,1.561697185));
#4777=DIRECTION('',(1.,0.,-0.));
#4778=VECTOR('',#4777,15.6);
#4779=LINE('',#4776,#4778);
#4780=EDGE_CURVE('',#4775,#4765,#4779,.T.);
#4781=ORIENTED_EDGE('',*,*,#4780,.F.);
#4782=CARTESIAN_POINT('',(337.016128153,-75.202566515,1.561697185));
#4783=VERTEX_POINT('',#4782);
#4784=CARTESIAN_POINT('',(337.016128153,-75.202566515,1.561697185));
#4785=DIRECTION('',(0.,1.,0.));
#4786=VECTOR('',#4785,15.6);
#4787=LINE('',#4784,#4786);
#4788=EDGE_CURVE('',#4783,#4775,#4787,.T.);
#4789=ORIENTED_EDGE('',*,*,#4788,.F.);
#4790=CARTESIAN_POINT('',(337.016128153,-75.202566515,1.561697185));
#4791=DIRECTION('',(1.,0.,-0.));
#4792=VECTOR('',#4791,15.6);
#4793=LINE('',#4790,#4792);
#4794=EDGE_CURVE('',#4783,#4767,#4793,.T.);
#4795=ORIENTED_EDGE('',*,*,#4794,.T.);
#4796=EDGE_LOOP('',(#4773,#4781,#4789,#4795));
#4797=FACE_BOUND('',#4796,.T.);
#4798=CARTESIAN_POINT('',(269.272378153,-38.002566515,1.561697185));
#4799=VERTEX_POINT('',#4798);
#4800=CARTESIAN_POINT('',(269.272378153,-53.602566515,1.561697185));
#4801=VERTEX_POINT('',#4800);
#4802=CARTESIAN_POINT('',(269.272378153,-38.002566515,1.561697185));
#4803=DIRECTION('',(0.,-1.,0.));
#4804=VECTOR('',#4803,15.6);
#4805=LINE('',#4802,#4804);
#4806=EDGE_CURVE('',#4799,#4801,#4805,.T.);
#4807=ORIENTED_EDGE('',*,*,#4806,.F.);
#4808=CARTESIAN_POINT('',(253.672378153,-38.002566515,1.561697185));
#4809=VERTEX_POINT('',#4808);
#4810=CARTESIAN_POINT('',(269.272378153,-38.002566515,1.561697185));
#4811=DIRECTION('',(-1.,0.,0.));
#4812=VECTOR('',#4811,15.6);
#4813=LINE('',#4810,#4812);
#4814=EDGE_CURVE('',#4799,#4809,#4813,.T.);
#4815=ORIENTED_EDGE('',*,*,#4814,.T.);
#4816=CARTESIAN_POINT('',(253.672378153,-53.602566515,1.561697185));
#4817=VERTEX_POINT('',#4816);
#4818=CARTESIAN_POINT('',(253.672378153,-53.602566515,1.561697185));
#4819=DIRECTION('',(0.,1.,0.));
#4820=VECTOR('',#4819,15.6);
#4821=LINE('',#4818,#4820);
#4822=EDGE_CURVE('',#4817,#4809,#4821,.T.);
#4823=ORIENTED_EDGE('',*,*,#4822,.F.);
#4824=CARTESIAN_POINT('',(253.672378153,-53.602566515,1.561697185));
#4825=DIRECTION('',(1.,0.,-0.));
#4826=VECTOR('',#4825,15.6);
#4827=LINE('',#4824,#4826);
#4828=EDGE_CURVE('',#4817,#4801,#4827,.T.);
#4829=ORIENTED_EDGE('',*,*,#4828,.T.);
#4830=EDGE_LOOP('',(#4807,#4815,#4823,#4829));
#4831=FACE_BOUND('',#4830,.T.);
#4832=CARTESIAN_POINT('',(37.772378153,-38.002566515,1.561697185));
#4833=VERTEX_POINT('',#4832);
#4834=CARTESIAN_POINT('',(37.772378153,-53.602566515,1.561697185));
#4835=VERTEX_POINT('',#4834);
#4836=CARTESIAN_POINT('',(37.772378153,-38.002566515,1.561697185));
#4837=DIRECTION('',(0.,-1.,0.));
#4838=VECTOR('',#4837,15.6);
#4839=LINE('',#4836,#4838);
#4840=EDGE_CURVE('',#4833,#4835,#4839,.T.);
#4841=ORIENTED_EDGE('',*,*,#4840,.T.);
#4842=CARTESIAN_POINT('',(53.372378153,-53.602566515,1.561697185));
#4843=VERTEX_POINT('',#4842);
#4844=CARTESIAN_POINT('',(37.772378153,-53.602566515,1.561697185));
#4845=DIRECTION('',(1.,0.,-0.));
#4846=VECTOR('',#4845,15.6);
#4847=LINE('',#4844,#4846);
#4848=EDGE_CURVE('',#4835,#4843,#4847,.T.);
#4849=ORIENTED_EDGE('',*,*,#4848,.T.);
#4850=CARTESIAN_POINT('',(53.372378153,-38.002566515,1.561697185));
#4851=VERTEX_POINT('',#4850);
#4852=CARTESIAN_POINT('',(53.372378153,-53.602566515,1.561697185));
#4853=DIRECTION('',(0.,1.,0.));
#4854=VECTOR('',#4853,15.6);
#4855=LINE('',#4852,#4854);
#4856=EDGE_CURVE('',#4843,#4851,#4855,.T.);
#4857=ORIENTED_EDGE('',*,*,#4856,.T.);
#4858=CARTESIAN_POINT('',(37.772378153,-38.002566515,1.561697185));
#4859=DIRECTION('',(1.,0.,-0.));
#4860=VECTOR('',#4859,15.6);
#4861=LINE('',#4858,#4860);
#4862=EDGE_CURVE('',#4833,#4851,#4861,.T.);
#4863=ORIENTED_EDGE('',*,*,#4862,.F.);
#4864=EDGE_LOOP('',(#4841,#4849,#4857,#4863));
#4865=FACE_BOUND('',#4864,.T.);
#4866=CARTESIAN_POINT('',(219.742378153,5.177433485,1.561697185));
#4867=VERTEX_POINT('',#4866);
#4868=CARTESIAN_POINT('',(219.742378153,-10.422566515,1.561697185));
#4869=VERTEX_POINT('',#4868);
#4870=CARTESIAN_POINT('',(219.742378153,5.177433485,1.561697185));
#4871=DIRECTION('',(0.,-1.,0.));
#4872=VECTOR('',#4871,15.6);
#4873=LINE('',#4870,#4872);
#4874=EDGE_CURVE('',#4867,#4869,#4873,.T.);
#4875=ORIENTED_EDGE('',*,*,#4874,.F.);
#4876=CARTESIAN_POINT('',(204.142378153,5.177433485,1.561697185));
#4877=VERTEX_POINT('',#4876);
#4878=CARTESIAN_POINT('',(204.142378153,5.177433485,1.561697185));
#4879=DIRECTION('',(1.,0.,-0.));
#4880=VECTOR('',#4879,15.6);
#4881=LINE('',#4878,#4880);
#4882=EDGE_CURVE('',#4877,#4867,#4881,.T.);
#4883=ORIENTED_EDGE('',*,*,#4882,.F.);
#4884=CARTESIAN_POINT('',(204.142378153,-10.422566515,1.561697185));
#4885=VERTEX_POINT('',#4884);
#4886=CARTESIAN_POINT('',(204.142378153,-10.422566515,1.561697185));
#4887=DIRECTION('',(0.,1.,0.));
#4888=VECTOR('',#4887,15.6);
#4889=LINE('',#4886,#4888);
#4890=EDGE_CURVE('',#4885,#4877,#4889,.T.);
#4891=ORIENTED_EDGE('',*,*,#4890,.F.);
#4892=CARTESIAN_POINT('',(204.142378153,-10.422566515,1.561697185));
#4893=DIRECTION('',(1.,0.,-0.));
#4894=VECTOR('',#4893,15.6);
#4895=LINE('',#4892,#4894);
#4896=EDGE_CURVE('',#4885,#4869,#4895,.T.);
#4897=ORIENTED_EDGE('',*,*,#4896,.T.);
#4898=EDGE_LOOP('',(#4875,#4883,#4891,#4897));
#4899=FACE_BOUND('',#4898,.T.);
#4900=CARTESIAN_POINT('',(231.172378153,-59.592566515,1.561697185));
#4901=VERTEX_POINT('',#4900);
#4902=CARTESIAN_POINT('',(231.172378153,-75.192566515,1.561697185));
#4903=VERTEX_POINT('',#4902);
#4904=CARTESIAN_POINT('',(231.172378153,-59.592566515,1.561697185));
#4905=DIRECTION('',(0.,-1.,0.));
#4906=VECTOR('',#4905,15.6);
#4907=LINE('',#4904,#4906);
#4908=EDGE_CURVE('',#4901,#4903,#4907,.T.);
#4909=ORIENTED_EDGE('',*,*,#4908,.F.);
#4910=CARTESIAN_POINT('',(215.572378153,-59.592566515,1.561697185));
#4911=VERTEX_POINT('',#4910);
#4912=CARTESIAN_POINT('',(215.572378153,-59.592566515,1.561697185));
#4913=DIRECTION('',(1.,0.,-0.));
#4914=VECTOR('',#4913,15.6);
#4915=LINE('',#4912,#4914);
#4916=EDGE_CURVE('',#4911,#4901,#4915,.T.);
#4917=ORIENTED_EDGE('',*,*,#4916,.F.);
#4918=CARTESIAN_POINT('',(215.572378153,-75.192566515,1.561697185));
#4919=VERTEX_POINT('',#4918);
#4920=CARTESIAN_POINT('',(215.572378153,-75.192566515,1.561697185));
#4921=DIRECTION('',(0.,1.,0.));
#4922=VECTOR('',#4921,15.6);
#4923=LINE('',#4920,#4922);
#4924=EDGE_CURVE('',#4919,#4911,#4923,.T.);
#4925=ORIENTED_EDGE('',*,*,#4924,.F.);
#4926=CARTESIAN_POINT('',(231.172378153,-75.192566515,1.561697185));
#4927=DIRECTION('',(-1.,0.,0.));
#4928=VECTOR('',#4927,15.6);
#4929=LINE('',#4926,#4928);
#4930=EDGE_CURVE('',#4903,#4919,#4929,.T.);
#4931=ORIENTED_EDGE('',*,*,#4930,.F.);
#4932=EDGE_LOOP('',(#4909,#4917,#4925,#4931));
#4933=FACE_BOUND('',#4932,.T.);
#4934=CARTESIAN_POINT('',(295.942378153,-59.592566515,1.561697185));
#4935=VERTEX_POINT('',#4934);
#4936=CARTESIAN_POINT('',(295.942378153,-75.192566515,1.561697185));
#4937=VERTEX_POINT('',#4936);
#4938=CARTESIAN_POINT('',(295.942378153,-59.592566515,1.561697185));
#4939=DIRECTION('',(0.,-1.,0.));
#4940=VECTOR('',#4939,15.6);
#4941=LINE('',#4938,#4940);
#4942=EDGE_CURVE('',#4935,#4937,#4941,.T.);
#4943=ORIENTED_EDGE('',*,*,#4942,.F.);
#4944=CARTESIAN_POINT('',(280.342378153,-59.592566515,1.561697185));
#4945=VERTEX_POINT('',#4944);
#4946=CARTESIAN_POINT('',(280.342378153,-59.592566515,1.561697185));
#4947=DIRECTION('',(1.,0.,-0.));
#4948=VECTOR('',#4947,15.6);
#4949=LINE('',#4946,#4948);
#4950=EDGE_CURVE('',#4945,#4935,#4949,.T.);
#4951=ORIENTED_EDGE('',*,*,#4950,.F.);
#4952=CARTESIAN_POINT('',(280.342378153,-75.192566515,1.561697185));
#4953=VERTEX_POINT('',#4952);
#4954=CARTESIAN_POINT('',(280.342378153,-75.192566515,1.561697185));
#4955=DIRECTION('',(0.,1.,0.));
#4956=VECTOR('',#4955,15.6);
#4957=LINE('',#4954,#4956);
#4958=EDGE_CURVE('',#4953,#4945,#4957,.T.);
#4959=ORIENTED_EDGE('',*,*,#4958,.F.);
#4960=CARTESIAN_POINT('',(280.342378153,-75.192566515,1.561697185));
#4961=DIRECTION('',(1.,0.,-0.));
#4962=VECTOR('',#4961,15.6);
#4963=LINE('',#4960,#4962);
#4964=EDGE_CURVE('',#4953,#4937,#4963,.T.);
#4965=ORIENTED_EDGE('',*,*,#4964,.T.);
#4966=EDGE_LOOP('',(#4943,#4951,#4959,#4965));
#4967=FACE_BOUND('',#4966,.T.);
#4968=CARTESIAN_POINT('',(288.322378153,-16.412566515,1.561697185));
#4969=VERTEX_POINT('',#4968);
#4970=CARTESIAN_POINT('',(288.322378153,-32.012566515,1.561697185));
#4971=VERTEX_POINT('',#4970);
#4972=CARTESIAN_POINT('',(288.322378153,-16.412566515,1.561697185));
#4973=DIRECTION('',(0.,-1.,0.));
#4974=VECTOR('',#4973,15.6);
#4975=LINE('',#4972,#4974);
#4976=EDGE_CURVE('',#4969,#4971,#4975,.T.);
#4977=ORIENTED_EDGE('',*,*,#4976,.F.);
#4978=CARTESIAN_POINT('',(272.722378153,-16.412566515,1.561697185));
#4979=VERTEX_POINT('',#4978);
#4980=CARTESIAN_POINT('',(272.722378153,-16.412566515,1.561697185));
#4981=DIRECTION('',(1.,0.,-0.));
#4982=VECTOR('',#4981,15.6);
#4983=LINE('',#4980,#4982);
#4984=EDGE_CURVE('',#4979,#4969,#4983,.T.);
#4985=ORIENTED_EDGE('',*,*,#4984,.F.);
#4986=CARTESIAN_POINT('',(272.722378153,-32.012566515,1.561697185));
#4987=VERTEX_POINT('',#4986);
#4988=CARTESIAN_POINT('',(272.722378153,-32.012566515,1.561697185));
#4989=DIRECTION('',(0.,1.,0.));
#4990=VECTOR('',#4989,15.6);
#4991=LINE('',#4988,#4990);
#4992=EDGE_CURVE('',#4987,#4979,#4991,.T.);
#4993=ORIENTED_EDGE('',*,*,#4992,.F.);
#4994=CARTESIAN_POINT('',(288.322378153,-32.012566515,1.561697185));
#4995=DIRECTION('',(-1.,0.,0.));
#4996=VECTOR('',#4995,15.6);
#4997=LINE('',#4994,#4996);
#4998=EDGE_CURVE('',#4971,#4987,#4997,.T.);
#4999=ORIENTED_EDGE('',*,*,#4998,.F.);
#5000=EDGE_LOOP('',(#4977,#4985,#4993,#4999));
#5001=FACE_BOUND('',#5000,.T.);
#5002=CARTESIAN_POINT('',(357.537378153,-80.547566515,1.561697185));
#5003=VERTEX_POINT('',#5002);
#5004=CARTESIAN_POINT('',(357.537378153,-96.147566515,1.561697185));
#5005=VERTEX_POINT('',#5004);
#5006=CARTESIAN_POINT('',(357.537378153,-80.547566515,1.561697185));
#5007=DIRECTION('',(0.,-1.,0.));
#5008=VECTOR('',#5007,15.6);
#5009=LINE('',#5006,#5008);
#5010=EDGE_CURVE('',#5003,#5005,#5009,.T.);
#5011=ORIENTED_EDGE('',*,*,#5010,.F.);
#5012=CARTESIAN_POINT('',(341.937378153,-80.547566515,1.561697185));
#5013=VERTEX_POINT('',#5012);
#5014=CARTESIAN_POINT('',(341.937378153,-80.547566515,1.561697185));
#5015=DIRECTION('',(1.,0.,-0.));
#5016=VECTOR('',#5015,15.6);
#5017=LINE('',#5014,#5016);
#5018=EDGE_CURVE('',#5013,#5003,#5017,.T.);
#5019=ORIENTED_EDGE('',*,*,#5018,.F.);
#5020=CARTESIAN_POINT('',(341.937378153,-96.147566515,1.561697185));
#5021=VERTEX_POINT('',#5020);
#5022=CARTESIAN_POINT('',(341.937378153,-96.147566515,1.561697185));
#5023=DIRECTION('',(0.,1.,0.));
#5024=VECTOR('',#5023,15.6);
#5025=LINE('',#5022,#5024);
#5026=EDGE_CURVE('',#5021,#5013,#5025,.T.);
#5027=ORIENTED_EDGE('',*,*,#5026,.F.);
#5028=CARTESIAN_POINT('',(341.937378153,-96.147566515,1.561697185));
#5029=DIRECTION('',(1.,0.,-0.));
#5030=VECTOR('',#5029,15.6);
#5031=LINE('',#5028,#5030);
#5032=EDGE_CURVE('',#5021,#5005,#5031,.T.);
#5033=ORIENTED_EDGE('',*,*,#5032,.T.);
#5034=EDGE_LOOP('',(#5011,#5019,#5027,#5033));
#5035=FACE_BOUND('',#5034,.T.);
#5036=CARTESIAN_POINT('',(143.542378153,-59.592566515,1.561697185));
#5037=VERTEX_POINT('',#5036);
#5038=CARTESIAN_POINT('',(143.542378153,-75.192566515,1.561697185));
#5039=VERTEX_POINT('',#5038);
#5040=CARTESIAN_POINT('',(143.542378153,-59.592566515,1.561697185));
#5041=DIRECTION('',(0.,-1.,0.));
#5042=VECTOR('',#5041,15.6);
#5043=LINE('',#5040,#5042);
#5044=EDGE_CURVE('',#5037,#5039,#5043,.T.);
#5045=ORIENTED_EDGE('',*,*,#5044,.F.);
#5046=CARTESIAN_POINT('',(127.942378153,-59.592566515,1.561697185));
#5047=VERTEX_POINT('',#5046);
#5048=CARTESIAN_POINT('',(127.942378153,-59.592566515,1.561697185));
#5049=DIRECTION('',(1.,0.,-0.));
#5050=VECTOR('',#5049,15.6);
#5051=LINE('',#5048,#5050);
#5052=EDGE_CURVE('',#5047,#5037,#5051,.T.);
#5053=ORIENTED_EDGE('',*,*,#5052,.F.);
#5054=CARTESIAN_POINT('',(127.942378153,-75.192566515,1.561697185));
#5055=VERTEX_POINT('',#5054);
#5056=CARTESIAN_POINT('',(127.942378153,-75.192566515,1.561697185));
#5057=DIRECTION('',(0.,1.,0.));
#5058=VECTOR('',#5057,15.6);
#5059=LINE('',#5056,#5058);
#5060=EDGE_CURVE('',#5055,#5047,#5059,.T.);
#5061=ORIENTED_EDGE('',*,*,#5060,.F.);
#5062=CARTESIAN_POINT('',(127.942378153,-75.192566515,1.561697185));
#5063=DIRECTION('',(1.,0.,-0.));
#5064=VECTOR('',#5063,15.6);
#5065=LINE('',#5062,#5064);
#5066=EDGE_CURVE('',#5055,#5039,#5065,.T.);
#5067=ORIENTED_EDGE('',*,*,#5066,.T.);
#5068=EDGE_LOOP('',(#5045,#5053,#5061,#5067));
#5069=FACE_BOUND('',#5068,.T.);
#5070=CARTESIAN_POINT('',(348.922378153,-38.002566515,1.561697185));
#5071=VERTEX_POINT('',#5070);
#5072=CARTESIAN_POINT('',(348.922378153,-53.602566515,1.561697185));
#5073=VERTEX_POINT('',#5072);
#5074=CARTESIAN_POINT('',(348.922378153,-38.002566515,1.561697185));
#5075=DIRECTION('',(0.,-1.,0.));
#5076=VECTOR('',#5075,15.6);
#5077=LINE('',#5074,#5076);
#5078=EDGE_CURVE('',#5071,#5073,#5077,.T.);
#5079=ORIENTED_EDGE('',*,*,#5078,.T.);
#5080=CARTESIAN_POINT('',(364.522378153,-53.602566515,1.561697185));
#5081=VERTEX_POINT('',#5080);
#5082=CARTESIAN_POINT('',(348.922378153,-53.602566515,1.561697185));
#5083=DIRECTION('',(1.,0.,-0.));
#5084=VECTOR('',#5083,15.6);
#5085=LINE('',#5082,#5084);
#5086=EDGE_CURVE('',#5073,#5081,#5085,.T.);
#5087=ORIENTED_EDGE('',*,*,#5086,.T.);
#5088=CARTESIAN_POINT('',(364.522378153,-38.002566515,1.561697185));
#5089=VERTEX_POINT('',#5088);
#5090=CARTESIAN_POINT('',(364.522378153,-53.602566515,1.561697185));
#5091=DIRECTION('',(0.,1.,0.));
#5092=VECTOR('',#5091,15.6);
#5093=LINE('',#5090,#5092);
#5094=EDGE_CURVE('',#5081,#5089,#5093,.T.);
#5095=ORIENTED_EDGE('',*,*,#5094,.T.);
#5096=CARTESIAN_POINT('',(348.922378153,-38.002566515,1.561697185));
#5097=DIRECTION('',(1.,0.,-0.));
#5098=VECTOR('',#5097,15.6);
#5099=LINE('',#5096,#5098);
#5100=EDGE_CURVE('',#5071,#5089,#5099,.T.);
#5101=ORIENTED_EDGE('',*,*,#5100,.F.);
#5102=EDGE_LOOP('',(#5079,#5087,#5095,#5101));
#5103=FACE_BOUND('',#5102,.T.);
#5104=CARTESIAN_POINT('',(158.782378153,-16.412566515,1.561697185));
#5105=VERTEX_POINT('',#5104);
#5106=CARTESIAN_POINT('',(158.782378153,-32.012566515,1.561697185));
#5107=VERTEX_POINT('',#5106);
#5108=CARTESIAN_POINT('',(158.782378153,-16.412566515,1.561697185));
#5109=DIRECTION('',(0.,-1.,0.));
#5110=VECTOR('',#5109,15.6);
#5111=LINE('',#5108,#5110);
#5112=EDGE_CURVE('',#5105,#5107,#5111,.T.);
#5113=ORIENTED_EDGE('',*,*,#5112,.F.);
#5114=CARTESIAN_POINT('',(143.182378153,-16.412566515,1.561697185));
#5115=VERTEX_POINT('',#5114);
#5116=CARTESIAN_POINT('',(143.182378153,-16.412566515,1.561697185));
#5117=DIRECTION('',(1.,0.,-0.));
#5118=VECTOR('',#5117,15.6);
#5119=LINE('',#5116,#5118);
#5120=EDGE_CURVE('',#5115,#5105,#5119,.T.);
#5121=ORIENTED_EDGE('',*,*,#5120,.F.);
#5122=CARTESIAN_POINT('',(143.182378153,-32.012566515,1.561697185));
#5123=VERTEX_POINT('',#5122);
#5124=CARTESIAN_POINT('',(143.182378153,-16.412566515,1.561697185));
#5125=DIRECTION('',(0.,-1.,0.));
#5126=VECTOR('',#5125,15.6);
#5127=LINE('',#5124,#5126);
#5128=EDGE_CURVE('',#5115,#5123,#5127,.T.);
#5129=ORIENTED_EDGE('',*,*,#5128,.T.);
#5130=CARTESIAN_POINT('',(143.182378153,-32.012566515,1.561697185));
#5131=DIRECTION('',(1.,0.,-0.));
#5132=VECTOR('',#5131,15.6);
#5133=LINE('',#5130,#5132);
#5134=EDGE_CURVE('',#5123,#5107,#5133,.T.);
#5135=ORIENTED_EDGE('',*,*,#5134,.T.);
#5136=EDGE_LOOP('',(#5113,#5121,#5129,#5135));
#5137=FACE_BOUND('',#5136,.T.);
#5138=CARTESIAN_POINT('',(318.802378153,-59.592566515,1.561697185));
#5139=VERTEX_POINT('',#5138);
#5140=CARTESIAN_POINT('',(318.802378153,-75.192566515,1.561697185));
#5141=VERTEX_POINT('',#5140);
#5142=CARTESIAN_POINT('',(318.802378153,-59.592566515,1.561697185));
#5143=DIRECTION('',(0.,-1.,0.));
#5144=VECTOR('',#5143,15.6);
#5145=LINE('',#5142,#5144);
#5146=EDGE_CURVE('',#5139,#5141,#5145,.T.);
#5147=ORIENTED_EDGE('',*,*,#5146,.F.);
#5148=CARTESIAN_POINT('',(303.202378153,-59.592566515,1.561697185));
#5149=VERTEX_POINT('',#5148);
#5150=CARTESIAN_POINT('',(303.202378153,-59.592566515,1.561697185));
#5151=DIRECTION('',(1.,0.,-0.));
#5152=VECTOR('',#5151,15.6);
#5153=LINE('',#5150,#5152);
#5154=EDGE_CURVE('',#5149,#5139,#5153,.T.);
#5155=ORIENTED_EDGE('',*,*,#5154,.F.);
#5156=CARTESIAN_POINT('',(303.202378153,-75.192566515,1.561697185));
#5157=VERTEX_POINT('',#5156);
#5158=CARTESIAN_POINT('',(303.202378153,-75.192566515,1.561697185));
#5159=DIRECTION('',(0.,1.,0.));
#5160=VECTOR('',#5159,15.6);
#5161=LINE('',#5158,#5160);
#5162=EDGE_CURVE('',#5157,#5149,#5161,.T.);
#5163=ORIENTED_EDGE('',*,*,#5162,.F.);
#5164=CARTESIAN_POINT('',(318.802378153,-75.192566515,1.561697185));
#5165=DIRECTION('',(-1.,0.,0.));
#5166=VECTOR('',#5165,15.6);
#5167=LINE('',#5164,#5166);
#5168=EDGE_CURVE('',#5141,#5157,#5167,.T.);
#5169=ORIENTED_EDGE('',*,*,#5168,.F.);
#5170=EDGE_LOOP('',(#5147,#5155,#5163,#5169));
#5171=FACE_BOUND('',#5170,.T.);
#5172=CARTESIAN_POINT('',(296.852378153,-53.602566515,1.561697185));
#5173=VERTEX_POINT('',#5172);
#5174=CARTESIAN_POINT('',(312.452378153,-53.602566515,1.561697185));
#5175=VERTEX_POINT('',#5174);
#5176=CARTESIAN_POINT('',(296.852378153,-53.602566515,1.561697185));
#5177=DIRECTION('',(1.,0.,-0.));
#5178=VECTOR('',#5177,15.6);
#5179=LINE('',#5176,#5178);
#5180=EDGE_CURVE('',#5173,#5175,#5179,.T.);
#5181=ORIENTED_EDGE('',*,*,#5180,.T.);
#5182=CARTESIAN_POINT('',(312.452378153,-38.002566515,1.561697185));
#5183=VERTEX_POINT('',#5182);
#5184=CARTESIAN_POINT('',(312.452378153,-53.602566515,1.561697185));
#5185=DIRECTION('',(0.,1.,0.));
#5186=VECTOR('',#5185,15.6);
#5187=LINE('',#5184,#5186);
#5188=EDGE_CURVE('',#5175,#5183,#5187,.T.);
#5189=ORIENTED_EDGE('',*,*,#5188,.T.);
#5190=CARTESIAN_POINT('',(296.852378153,-38.002566515,1.561697185));
#5191=VERTEX_POINT('',#5190);
#5192=CARTESIAN_POINT('',(296.852378153,-38.002566515,1.561697185));
#5193=DIRECTION('',(1.,0.,-0.));
#5194=VECTOR('',#5193,15.6);
#5195=LINE('',#5192,#5194);
#5196=EDGE_CURVE('',#5191,#5183,#5195,.T.);
#5197=ORIENTED_EDGE('',*,*,#5196,.F.);
#5198=CARTESIAN_POINT('',(296.852378153,-53.602566515,1.561697185));
#5199=DIRECTION('',(0.,1.,0.));
#5200=VECTOR('',#5199,15.6);
#5201=LINE('',#5198,#5200);
#5202=EDGE_CURVE('',#5173,#5191,#5201,.T.);
#5203=ORIENTED_EDGE('',*,*,#5202,.F.);
#5204=EDGE_LOOP('',(#5181,#5189,#5197,#5203));
#5205=FACE_BOUND('',#5204,.T.);
#5206=CARTESIAN_POINT('',(223.552378153,-16.412566515,1.561697185));
#5207=VERTEX_POINT('',#5206);
#5208=CARTESIAN_POINT('',(223.552378153,-32.012566515,1.561697185));
#5209=VERTEX_POINT('',#5208);
#5210=CARTESIAN_POINT('',(223.552378153,-16.412566515,1.561697185));
#5211=DIRECTION('',(0.,-1.,0.));
#5212=VECTOR('',#5211,15.6);
#5213=LINE('',#5210,#5212);
#5214=EDGE_CURVE('',#5207,#5209,#5213,.T.);
#5215=ORIENTED_EDGE('',*,*,#5214,.F.);
#5216=CARTESIAN_POINT('',(207.952378153,-16.412566515,1.561697185));
#5217=VERTEX_POINT('',#5216);
#5218=CARTESIAN_POINT('',(207.952378153,-16.412566515,1.561697185));
#5219=DIRECTION('',(1.,0.,-0.));
#5220=VECTOR('',#5219,15.6);
#5221=LINE('',#5218,#5220);
#5222=EDGE_CURVE('',#5217,#5207,#5221,.T.);
#5223=ORIENTED_EDGE('',*,*,#5222,.F.);
#5224=CARTESIAN_POINT('',(207.952378153,-32.012566515,1.561697185));
#5225=VERTEX_POINT('',#5224);
#5226=CARTESIAN_POINT('',(207.952378153,-32.012566515,1.561697185));
#5227=DIRECTION('',(0.,1.,0.));
#5228=VECTOR('',#5227,15.6);
#5229=LINE('',#5226,#5228);
#5230=EDGE_CURVE('',#5225,#5217,#5229,.T.);
#5231=ORIENTED_EDGE('',*,*,#5230,.F.);
#5232=CARTESIAN_POINT('',(223.552378153,-32.012566515,1.561697185));
#5233=DIRECTION('',(-1.,0.,0.));
#5234=VECTOR('',#5233,15.6);
#5235=LINE('',#5232,#5234);
#5236=EDGE_CURVE('',#5209,#5225,#5235,.T.);
#5237=ORIENTED_EDGE('',*,*,#5236,.F.);
#5238=EDGE_LOOP('',(#5215,#5223,#5231,#5237));
#5239=FACE_BOUND('',#5238,.T.);
#5240=CARTESIAN_POINT('',(252.762378153,-82.452566515,1.561697185));
#5241=VERTEX_POINT('',#5240);
#5242=CARTESIAN_POINT('',(252.762378153,-98.052566515,1.561697185));
#5243=VERTEX_POINT('',#5242);
#5244=CARTESIAN_POINT('',(252.762378153,-82.452566515,1.561697185));
#5245=DIRECTION('',(0.,-1.,0.));
#5246=VECTOR('',#5245,15.6);
#5247=LINE('',#5244,#5246);
#5248=EDGE_CURVE('',#5241,#5243,#5247,.T.);
#5249=ORIENTED_EDGE('',*,*,#5248,.F.);
#5250=CARTESIAN_POINT('',(237.162378153,-82.452566515,1.561697185));
#5251=VERTEX_POINT('',#5250);
#5252=CARTESIAN_POINT('',(237.162378153,-82.452566515,1.561697185));
#5253=DIRECTION('',(1.,0.,-0.));
#5254=VECTOR('',#5253,15.6);
#5255=LINE('',#5252,#5254);
#5256=EDGE_CURVE('',#5251,#5241,#5255,.T.);
#5257=ORIENTED_EDGE('',*,*,#5256,.F.);
#5258=CARTESIAN_POINT('',(237.162378153,-98.052566515,1.561697185));
#5259=VERTEX_POINT('',#5258);
#5260=CARTESIAN_POINT('',(237.162378153,-98.052566515,1.561697185));
#5261=DIRECTION('',(0.,1.,0.));
#5262=VECTOR('',#5261,15.6);
#5263=LINE('',#5260,#5262);
#5264=EDGE_CURVE('',#5259,#5251,#5263,.T.);
#5265=ORIENTED_EDGE('',*,*,#5264,.F.);
#5266=CARTESIAN_POINT('',(252.762378153,-98.052566515,1.561697185));
#5267=DIRECTION('',(-1.,0.,0.));
#5268=VECTOR('',#5267,15.6);
#5269=LINE('',#5266,#5268);
#5270=EDGE_CURVE('',#5243,#5259,#5269,.T.);
#5271=ORIENTED_EDGE('',*,*,#5270,.F.);
#5272=EDGE_LOOP('',(#5249,#5257,#5265,#5271));
#5273=FACE_BOUND('',#5272,.T.);
#5274=CARTESIAN_POINT('',(405.552378153,-47.532566515,1.561697185));
#5275=VERTEX_POINT('',#5274);
#5276=CARTESIAN_POINT('',(405.552378153,-66.532566515,1.561697185));
#5277=VERTEX_POINT('',#5276);
#5278=CARTESIAN_POINT('',(405.552378153,-47.532566515,1.561697185));
#5279=DIRECTION('',(0.,-1.,0.));
#5280=VECTOR('',#5279,19.);
#5281=LINE('',#5278,#5280);
#5282=EDGE_CURVE('',#5275,#5277,#5281,.T.);
#5283=ORIENTED_EDGE('',*,*,#5282,.F.);
#5284=CARTESIAN_POINT('',(387.552378153,-47.532566515,1.561697185));
#5285=VERTEX_POINT('',#5284);
#5286=CARTESIAN_POINT('',(387.552378153,-47.532566515,1.561697185));
#5287=DIRECTION('',(1.,0.,-0.));
#5288=VECTOR('',#5287,18.);
#5289=LINE('',#5286,#5288);
#5290=EDGE_CURVE('',#5285,#5275,#5289,.T.);
#5291=ORIENTED_EDGE('',*,*,#5290,.F.);
#5292=CARTESIAN_POINT('',(387.552378153,-66.532566515,1.561697185));
#5293=VERTEX_POINT('',#5292);
#5294=CARTESIAN_POINT('',(387.552378153,-66.532566515,1.561697185));
#5295=DIRECTION('',(0.,1.,0.));
#5296=VECTOR('',#5295,19.);
#5297=LINE('',#5294,#5296);
#5298=EDGE_CURVE('',#5293,#5285,#5297,.T.);
#5299=ORIENTED_EDGE('',*,*,#5298,.F.);
#5300=CARTESIAN_POINT('',(405.552378153,-66.532566515,1.561697185));
#5301=DIRECTION('',(-1.,0.,0.));
#5302=VECTOR('',#5301,18.);
#5303=LINE('',#5300,#5302);
#5304=EDGE_CURVE('',#5277,#5293,#5303,.T.);
#5305=ORIENTED_EDGE('',*,*,#5304,.F.);
#5306=EDGE_LOOP('',(#5283,#5291,#5299,#5305));
#5307=FACE_BOUND('',#5306,.T.);
#5308=CARTESIAN_POINT('',(121.952378153,-59.592566515,1.561697185));
#5309=VERTEX_POINT('',#5308);
#5310=CARTESIAN_POINT('',(121.952378153,-75.192566515,1.561697185));
#5311=VERTEX_POINT('',#5310);
#5312=CARTESIAN_POINT('',(121.952378153,-59.592566515,1.561697185));
#5313=DIRECTION('',(0.,-1.,0.));
#5314=VECTOR('',#5313,15.6);
#5315=LINE('',#5312,#5314);
#5316=EDGE_CURVE('',#5309,#5311,#5315,.T.);
#5317=ORIENTED_EDGE('',*,*,#5316,.F.);
#5318=CARTESIAN_POINT('',(106.352378153,-59.592566515,1.561697185));
#5319=VERTEX_POINT('',#5318);
#5320=CARTESIAN_POINT('',(106.352378153,-59.592566515,1.561697185));
#5321=DIRECTION('',(1.,0.,-0.));
#5322=VECTOR('',#5321,15.6);
#5323=LINE('',#5320,#5322);
#5324=EDGE_CURVE('',#5319,#5309,#5323,.T.);
#5325=ORIENTED_EDGE('',*,*,#5324,.F.);
#5326=CARTESIAN_POINT('',(106.352378153,-75.192566515,1.561697185));
#5327=VERTEX_POINT('',#5326);
#5328=CARTESIAN_POINT('',(106.352378153,-75.192566515,1.561697185));
#5329=DIRECTION('',(0.,1.,0.));
#5330=VECTOR('',#5329,15.6);
#5331=LINE('',#5328,#5330);
#5332=EDGE_CURVE('',#5327,#5319,#5331,.T.);
#5333=ORIENTED_EDGE('',*,*,#5332,.F.);
#5334=CARTESIAN_POINT('',(106.352378153,-75.192566515,1.561697185));
#5335=DIRECTION('',(1.,0.,-0.));
#5336=VECTOR('',#5335,15.6);
#5337=LINE('',#5334,#5336);
#5338=EDGE_CURVE('',#5327,#5311,#5337,.T.);
#5339=ORIENTED_EDGE('',*,*,#5338,.T.);
#5340=EDGE_LOOP('',(#5317,#5325,#5333,#5339));
#5341=FACE_BOUND('',#5340,.T.);
#5342=CARTESIAN_POINT('',(59.362378153,-53.602566515,1.561697185));
#5343=VERTEX_POINT('',#5342);
#5344=CARTESIAN_POINT('',(74.962378153,-53.602566515,1.561697185));
#5345=VERTEX_POINT('',#5344);
#5346=CARTESIAN_POINT('',(59.362378153,-53.602566515,1.561697185));
#5347=DIRECTION('',(1.,0.,-0.));
#5348=VECTOR('',#5347,15.6);
#5349=LINE('',#5346,#5348);
#5350=EDGE_CURVE('',#5343,#5345,#5349,.T.);
#5351=ORIENTED_EDGE('',*,*,#5350,.T.);
#5352=CARTESIAN_POINT('',(74.962378153,-38.002566515,1.561697185));
#5353=VERTEX_POINT('',#5352);
#5354=CARTESIAN_POINT('',(74.962378153,-53.602566515,1.561697185));
#5355=DIRECTION('',(0.,1.,0.));
#5356=VECTOR('',#5355,15.6);
#5357=LINE('',#5354,#5356);
#5358=EDGE_CURVE('',#5345,#5353,#5357,.T.);
#5359=ORIENTED_EDGE('',*,*,#5358,.T.);
#5360=CARTESIAN_POINT('',(59.362378153,-38.002566515,1.561697185));
#5361=VERTEX_POINT('',#5360);
#5362=CARTESIAN_POINT('',(74.962378153,-38.002566515,1.561697185));
#5363=DIRECTION('',(-1.,0.,0.));
#5364=VECTOR('',#5363,15.6);
#5365=LINE('',#5362,#5364);
#5366=EDGE_CURVE('',#5353,#5361,#5365,.T.);
#5367=ORIENTED_EDGE('',*,*,#5366,.T.);
#5368=CARTESIAN_POINT('',(59.362378153,-53.602566515,1.561697185));
#5369=DIRECTION('',(0.,1.,0.));
#5370=VECTOR('',#5369,15.6);
#5371=LINE('',#5368,#5370);
#5372=EDGE_CURVE('',#5343,#5361,#5371,.T.);
#5373=ORIENTED_EDGE('',*,*,#5372,.F.);
#5374=EDGE_LOOP('',(#5351,#5359,#5367,#5373));
#5375=FACE_BOUND('',#5374,.T.);
#5376=CARTESIAN_POINT('',(232.082378153,-38.002566515,1.561697185));
#5377=VERTEX_POINT('',#5376);
#5378=CARTESIAN_POINT('',(232.082378153,-53.602566515,1.561697185));
#5379=VERTEX_POINT('',#5378);
#5380=CARTESIAN_POINT('',(232.082378153,-38.002566515,1.561697185));
#5381=DIRECTION('',(0.,-1.,0.));
#5382=VECTOR('',#5381,15.6);
#5383=LINE('',#5380,#5382);
#5384=EDGE_CURVE('',#5377,#5379,#5383,.T.);
#5385=ORIENTED_EDGE('',*,*,#5384,.T.);
#5386=CARTESIAN_POINT('',(247.682378153,-53.602566515,1.561697185));
#5387=VERTEX_POINT('',#5386);
#5388=CARTESIAN_POINT('',(232.082378153,-53.602566515,1.561697185));
#5389=DIRECTION('',(1.,0.,-0.));
#5390=VECTOR('',#5389,15.6);
#5391=LINE('',#5388,#5390);
#5392=EDGE_CURVE('',#5379,#5387,#5391,.T.);
#5393=ORIENTED_EDGE('',*,*,#5392,.T.);
#5394=CARTESIAN_POINT('',(247.682378153,-38.002566515,1.561697185));
#5395=VERTEX_POINT('',#5394);
#5396=CARTESIAN_POINT('',(247.682378153,-53.602566515,1.561697185));
#5397=DIRECTION('',(0.,1.,0.));
#5398=VECTOR('',#5397,15.6);
#5399=LINE('',#5396,#5398);
#5400=EDGE_CURVE('',#5387,#5395,#5399,.T.);
#5401=ORIENTED_EDGE('',*,*,#5400,.T.);
#5402=CARTESIAN_POINT('',(232.082378153,-38.002566515,1.561697185));
#5403=DIRECTION('',(1.,0.,-0.));
#5404=VECTOR('',#5403,15.6);
#5405=LINE('',#5402,#5404);
#5406=EDGE_CURVE('',#5377,#5395,#5405,.T.);
#5407=ORIENTED_EDGE('',*,*,#5406,.F.);
#5408=EDGE_LOOP('',(#5385,#5393,#5401,#5407));
#5409=FACE_BOUND('',#5408,.T.);
#5410=CARTESIAN_POINT('',(180.372378153,-16.412566515,1.561697185));
#5411=VERTEX_POINT('',#5410);
#5412=CARTESIAN_POINT('',(180.372378153,-32.012566515,1.561697185));
#5413=VERTEX_POINT('',#5412);
#5414=CARTESIAN_POINT('',(180.372378153,-16.412566515,1.561697185));
#5415=DIRECTION('',(0.,-1.,0.));
#5416=VECTOR('',#5415,15.6);
#5417=LINE('',#5414,#5416);
#5418=EDGE_CURVE('',#5411,#5413,#5417,.T.);
#5419=ORIENTED_EDGE('',*,*,#5418,.F.);
#5420=CARTESIAN_POINT('',(164.772378153,-16.412566515,1.561697185));
#5421=VERTEX_POINT('',#5420);
#5422=CARTESIAN_POINT('',(164.772378153,-16.412566515,1.561697185));
#5423=DIRECTION('',(1.,0.,-0.));
#5424=VECTOR('',#5423,15.6);
#5425=LINE('',#5422,#5424);
#5426=EDGE_CURVE('',#5421,#5411,#5425,.T.);
#5427=ORIENTED_EDGE('',*,*,#5426,.F.);
#5428=CARTESIAN_POINT('',(164.772378153,-32.012566515,1.561697185));
#5429=VERTEX_POINT('',#5428);
#5430=CARTESIAN_POINT('',(164.772378153,-32.012566515,1.561697185));
#5431=DIRECTION('',(0.,1.,0.));
#5432=VECTOR('',#5431,15.6);
#5433=LINE('',#5430,#5432);
#5434=EDGE_CURVE('',#5429,#5421,#5433,.T.);
#5435=ORIENTED_EDGE('',*,*,#5434,.F.);
#5436=CARTESIAN_POINT('',(164.772378153,-32.012566515,1.561697185));
#5437=DIRECTION('',(1.,0.,-0.));
#5438=VECTOR('',#5437,15.6);
#5439=LINE('',#5436,#5438);
#5440=EDGE_CURVE('',#5429,#5413,#5439,.T.);
#5441=ORIENTED_EDGE('',*,*,#5440,.T.);
#5442=EDGE_LOOP('',(#5419,#5427,#5435,#5441));
#5443=FACE_BOUND('',#5442,.T.);
#5444=CARTESIAN_POINT('',(290.862378153,-38.002566515,1.561697185));
#5445=VERTEX_POINT('',#5444);
#5446=CARTESIAN_POINT('',(290.862378153,-53.602566515,1.561697185));
#5447=VERTEX_POINT('',#5446);
#5448=CARTESIAN_POINT('',(290.862378153,-38.002566515,1.561697185));
#5449=DIRECTION('',(0.,-1.,0.));
#5450=VECTOR('',#5449,15.6);
#5451=LINE('',#5448,#5450);
#5452=EDGE_CURVE('',#5445,#5447,#5451,.T.);
#5453=ORIENTED_EDGE('',*,*,#5452,.F.);
#5454=CARTESIAN_POINT('',(275.262378153,-38.002566515,1.561697185));
#5455=VERTEX_POINT('',#5454);
#5456=CARTESIAN_POINT('',(290.862378153,-38.002566515,1.561697185));
#5457=DIRECTION('',(-1.,0.,0.));
#5458=VECTOR('',#5457,15.6);
#5459=LINE('',#5456,#5458);
#5460=EDGE_CURVE('',#5445,#5455,#5459,.T.);
#5461=ORIENTED_EDGE('',*,*,#5460,.T.);
#5462=CARTESIAN_POINT('',(275.262378153,-53.602566515,1.561697185));
#5463=VERTEX_POINT('',#5462);
#5464=CARTESIAN_POINT('',(275.262378153,-53.602566515,1.561697185));
#5465=DIRECTION('',(0.,1.,0.));
#5466=VECTOR('',#5465,15.6);
#5467=LINE('',#5464,#5466);
#5468=EDGE_CURVE('',#5463,#5455,#5467,.T.);
#5469=ORIENTED_EDGE('',*,*,#5468,.F.);
#5470=CARTESIAN_POINT('',(275.262378153,-53.602566515,1.561697185));
#5471=DIRECTION('',(1.,0.,-0.));
#5472=VECTOR('',#5471,15.6);
#5473=LINE('',#5470,#5472);
#5474=EDGE_CURVE('',#5463,#5447,#5473,.T.);
#5475=ORIENTED_EDGE('',*,*,#5474,.T.);
#5476=EDGE_LOOP('',(#5453,#5461,#5469,#5475));
#5477=FACE_BOUND('',#5476,.T.);
#5478=CARTESIAN_POINT('',(120.682378153,-82.452566515,1.561697185));
#5479=VERTEX_POINT('',#5478);
#5480=CARTESIAN_POINT('',(120.682378153,-98.052566515,1.561697185));
#5481=VERTEX_POINT('',#5480);
#5482=CARTESIAN_POINT('',(120.682378153,-82.452566515,1.561697185));
#5483=DIRECTION('',(0.,-1.,0.));
#5484=VECTOR('',#5483,15.6);
#5485=LINE('',#5482,#5484);
#5486=EDGE_CURVE('',#5479,#5481,#5485,.T.);
#5487=ORIENTED_EDGE('',*,*,#5486,.F.);
#5488=CARTESIAN_POINT('',(105.082378153,-82.452566515,1.561697185));
#5489=VERTEX_POINT('',#5488);
#5490=CARTESIAN_POINT('',(105.082378153,-82.452566515,1.561697185));
#5491=DIRECTION('',(1.,0.,-0.));
#5492=VECTOR('',#5491,15.6);
#5493=LINE('',#5490,#5492);
#5494=EDGE_CURVE('',#5489,#5479,#5493,.T.);
#5495=ORIENTED_EDGE('',*,*,#5494,.F.);
#5496=CARTESIAN_POINT('',(105.082378153,-98.052566515,1.561697185));
#5497=VERTEX_POINT('',#5496);
#5498=CARTESIAN_POINT('',(105.082378153,-98.052566515,1.561697185));
#5499=DIRECTION('',(0.,1.,0.));
#5500=VECTOR('',#5499,15.6);
#5501=LINE('',#5498,#5500);
#5502=EDGE_CURVE('',#5497,#5489,#5501,.T.);
#5503=ORIENTED_EDGE('',*,*,#5502,.F.);
#5504=CARTESIAN_POINT('',(120.682378153,-98.052566515,1.561697185));
#5505=DIRECTION('',(-1.,0.,0.));
#5506=VECTOR('',#5505,15.6);
#5507=LINE('',#5504,#5506);
#5508=EDGE_CURVE('',#5481,#5497,#5507,.T.);
#5509=ORIENTED_EDGE('',*,*,#5508,.F.);
#5510=EDGE_LOOP('',(#5487,#5495,#5503,#5509));
#5511=FACE_BOUND('',#5510,.T.);
#5512=CARTESIAN_POINT('',(335.552378153,-57.532566515,1.561697185));
#5513=VERTEX_POINT('',#5512);
#5514=CARTESIAN_POINT('',(335.552378153,-78.532566515,1.561697185));
#5515=VERTEX_POINT('',#5514);
#5516=CARTESIAN_POINT('',(335.552378153,-57.532566515,1.561697185));
#5517=DIRECTION('',(0.,-1.,0.));
#5518=VECTOR('',#5517,21.);
#5519=LINE('',#5516,#5518);
#5520=EDGE_CURVE('',#5513,#5515,#5519,.T.);
#5521=ORIENTED_EDGE('',*,*,#5520,.F.);
#5522=CARTESIAN_POINT('',(329.552378153,-57.532566515,1.561697185));
#5523=VERTEX_POINT('',#5522);
#5524=CARTESIAN_POINT('',(329.552378153,-57.532566515,1.561697185));
#5525=DIRECTION('',(1.,-0.,0.));
#5526=VECTOR('',#5525,6.);
#5527=LINE('',#5524,#5526);
#5528=EDGE_CURVE('',#5523,#5513,#5527,.T.);
#5529=ORIENTED_EDGE('',*,*,#5528,.F.);
#5530=CARTESIAN_POINT('',(329.552378153,-78.532566515,1.561697185));
#5531=VERTEX_POINT('',#5530);
#5532=CARTESIAN_POINT('',(329.552378153,-78.532566515,1.561697185));
#5533=DIRECTION('',(0.,1.,0.));
#5534=VECTOR('',#5533,21.);
#5535=LINE('',#5532,#5534);
#5536=EDGE_CURVE('',#5531,#5523,#5535,.T.);
#5537=ORIENTED_EDGE('',*,*,#5536,.F.);
#5538=CARTESIAN_POINT('',(335.552378153,-78.532566515,1.561697185));
#5539=DIRECTION('',(-1.,0.,0.));
#5540=VECTOR('',#5539,6.);
#5541=LINE('',#5538,#5540);
#5542=EDGE_CURVE('',#5515,#5531,#5541,.T.);
#5543=ORIENTED_EDGE('',*,*,#5542,.F.);
#5544=EDGE_LOOP('',(#5521,#5529,#5537,#5543));
#5545=FACE_BOUND('',#5544,.T.);
#5546=CARTESIAN_POINT('',(363.552378153,-14.532566515,1.561697185));
#5547=VERTEX_POINT('',#5546);
#5548=CARTESIAN_POINT('',(363.552378153,-34.532566515,1.561697185));
#5549=VERTEX_POINT('',#5548);
#5550=CARTESIAN_POINT('',(363.552378153,-14.532566515,1.561697185));
#5551=DIRECTION('',(0.,-1.,0.));
#5552=VECTOR('',#5551,20.);
#5553=LINE('',#5550,#5552);
#5554=EDGE_CURVE('',#5547,#5549,#5553,.T.);
#5555=ORIENTED_EDGE('',*,*,#5554,.T.);
#5556=CARTESIAN_POINT('',(368.552378153,-34.532566515,1.561697185));
#5557=VERTEX_POINT('',#5556);
#5558=CARTESIAN_POINT('',(363.552378153,-34.532566515,1.561697185));
#5559=DIRECTION('',(1.,0.,-0.));
#5560=VECTOR('',#5559,5.);
#5561=LINE('',#5558,#5560);
#5562=EDGE_CURVE('',#5549,#5557,#5561,.T.);
#5563=ORIENTED_EDGE('',*,*,#5562,.T.);
#5564=CARTESIAN_POINT('',(368.552378153,-14.532566515,1.561697185));
#5565=VERTEX_POINT('',#5564);
#5566=CARTESIAN_POINT('',(368.552378153,-34.532566515,1.561697185));
#5567=DIRECTION('',(0.,1.,0.));
#5568=VECTOR('',#5567,20.);
#5569=LINE('',#5566,#5568);
#5570=EDGE_CURVE('',#5557,#5565,#5569,.T.);
#5571=ORIENTED_EDGE('',*,*,#5570,.T.);
#5572=CARTESIAN_POINT('',(368.552378153,-14.532566515,1.561697185));
#5573=DIRECTION('',(-1.,0.,0.));
#5574=VECTOR('',#5573,5.);
#5575=LINE('',#5572,#5574);
#5576=EDGE_CURVE('',#5565,#5547,#5575,.T.);
#5577=ORIENTED_EDGE('',*,*,#5576,.T.);
#5578=EDGE_LOOP('',(#5555,#5563,#5571,#5577));
#5579=FACE_BOUND('',#5578,.T.);
#5580=CARTESIAN_POINT('',(226.092378153,-38.002566515,1.561697185));
#5581=VERTEX_POINT('',#5580);
#5582=CARTESIAN_POINT('',(226.092378153,-53.602566515,1.561697185));
#5583=VERTEX_POINT('',#5582);
#5584=CARTESIAN_POINT('',(226.092378153,-38.002566515,1.561697185));
#5585=DIRECTION('',(0.,-1.,0.));
#5586=VECTOR('',#5585,15.6);
#5587=LINE('',#5584,#5586);
#5588=EDGE_CURVE('',#5581,#5583,#5587,.T.);
#5589=ORIENTED_EDGE('',*,*,#5588,.F.);
#5590=CARTESIAN_POINT('',(210.492378153,-38.002566515,1.561697185));
#5591=VERTEX_POINT('',#5590);
#5592=CARTESIAN_POINT('',(210.492378153,-38.002566515,1.561697185));
#5593=DIRECTION('',(1.,0.,-0.));
#5594=VECTOR('',#5593,15.6);
#5595=LINE('',#5592,#5594);
#5596=EDGE_CURVE('',#5591,#5581,#5595,.T.);
#5597=ORIENTED_EDGE('',*,*,#5596,.F.);
#5598=CARTESIAN_POINT('',(210.492378153,-53.602566515,1.561697185));
#5599=VERTEX_POINT('',#5598);
#5600=CARTESIAN_POINT('',(210.492378153,-53.602566515,1.561697185));
#5601=DIRECTION('',(0.,1.,0.));
#5602=VECTOR('',#5601,15.6);
#5603=LINE('',#5600,#5602);
#5604=EDGE_CURVE('',#5599,#5591,#5603,.T.);
#5605=ORIENTED_EDGE('',*,*,#5604,.F.);
#5606=CARTESIAN_POINT('',(226.092378153,-53.602566515,1.561697185));
#5607=DIRECTION('',(-1.,0.,0.));
#5608=VECTOR('',#5607,15.6);
#5609=LINE('',#5606,#5608);
#5610=EDGE_CURVE('',#5583,#5599,#5609,.T.);
#5611=ORIENTED_EDGE('',*,*,#5610,.F.);
#5612=EDGE_LOOP('',(#5589,#5597,#5605,#5611));
#5613=FACE_BOUND('',#5612,.T.);
#5614=CARTESIAN_POINT('',(187.992378153,-59.592566515,1.561697185));
#5615=VERTEX_POINT('',#5614);
#5616=CARTESIAN_POINT('',(187.992378153,-75.192566515,1.561697185));
#5617=VERTEX_POINT('',#5616);
#5618=CARTESIAN_POINT('',(187.992378153,-59.592566515,1.561697185));
#5619=DIRECTION('',(0.,-1.,0.));
#5620=VECTOR('',#5619,15.6);
#5621=LINE('',#5618,#5620);
#5622=EDGE_CURVE('',#5615,#5617,#5621,.T.);
#5623=ORIENTED_EDGE('',*,*,#5622,.F.);
#5624=CARTESIAN_POINT('',(172.392378153,-59.592566515,1.561697185));
#5625=VERTEX_POINT('',#5624);
#5626=CARTESIAN_POINT('',(172.392378153,-59.592566515,1.561697185));
#5627=DIRECTION('',(1.,0.,-0.));
#5628=VECTOR('',#5627,15.6);
#5629=LINE('',#5626,#5628);
#5630=EDGE_CURVE('',#5625,#5615,#5629,.T.);
#5631=ORIENTED_EDGE('',*,*,#5630,.F.);
#5632=CARTESIAN_POINT('',(172.392378153,-75.192566515,1.561697185));
#5633=VERTEX_POINT('',#5632);
#5634=CARTESIAN_POINT('',(172.392378153,-59.592566515,1.561697185));
#5635=DIRECTION('',(0.,-1.,0.));
#5636=VECTOR('',#5635,15.6);
#5637=LINE('',#5634,#5636);
#5638=EDGE_CURVE('',#5625,#5633,#5637,.T.);
#5639=ORIENTED_EDGE('',*,*,#5638,.T.);
#5640=CARTESIAN_POINT('',(172.392378153,-75.192566515,1.561697185));
#5641=DIRECTION('',(1.,0.,-0.));
#5642=VECTOR('',#5641,15.6);
#5643=LINE('',#5640,#5642);
#5644=EDGE_CURVE('',#5633,#5617,#5643,.T.);
#5645=ORIENTED_EDGE('',*,*,#5644,.T.);
#5646=EDGE_LOOP('',(#5623,#5631,#5639,#5645));
#5647=FACE_BOUND('',#5646,.T.);
#5648=CARTESIAN_POINT('',(80.952378153,-38.002566515,1.561697185));
#5649=VERTEX_POINT('',#5648);
#5650=CARTESIAN_POINT('',(80.952378153,-53.602566515,1.561697185));
#5651=VERTEX_POINT('',#5650);
#5652=CARTESIAN_POINT('',(80.952378153,-38.002566515,1.561697185));
#5653=DIRECTION('',(0.,-1.,0.));
#5654=VECTOR('',#5653,15.6);
#5655=LINE('',#5652,#5654);
#5656=EDGE_CURVE('',#5649,#5651,#5655,.T.);
#5657=ORIENTED_EDGE('',*,*,#5656,.T.);
#5658=CARTESIAN_POINT('',(96.552378153,-53.602566515,1.561697185));
#5659=VERTEX_POINT('',#5658);
#5660=CARTESIAN_POINT('',(80.952378153,-53.602566515,1.561697185));
#5661=DIRECTION('',(1.,0.,-0.));
#5662=VECTOR('',#5661,15.6);
#5663=LINE('',#5660,#5662);
#5664=EDGE_CURVE('',#5651,#5659,#5663,.T.);
#5665=ORIENTED_EDGE('',*,*,#5664,.T.);
#5666=CARTESIAN_POINT('',(96.552378153,-38.002566515,1.561697185));
#5667=VERTEX_POINT('',#5666);
#5668=CARTESIAN_POINT('',(96.552378153,-53.602566515,1.561697185));
#5669=DIRECTION('',(0.,1.,0.));
#5670=VECTOR('',#5669,15.6);
#5671=LINE('',#5668,#5670);
#5672=EDGE_CURVE('',#5659,#5667,#5671,.T.);
#5673=ORIENTED_EDGE('',*,*,#5672,.T.);
#5674=CARTESIAN_POINT('',(80.952378153,-38.002566515,1.561697185));
#5675=DIRECTION('',(1.,0.,-0.));
#5676=VECTOR('',#5675,15.6);
#5677=LINE('',#5674,#5676);
#5678=EDGE_CURVE('',#5649,#5667,#5677,.T.);
#5679=ORIENTED_EDGE('',*,*,#5678,.F.);
#5680=EDGE_LOOP('',(#5657,#5665,#5673,#5679));
#5681=FACE_BOUND('',#5680,.T.);
#5682=CARTESIAN_POINT('',(94.012378153,-16.412566515,1.561697185));
#5683=VERTEX_POINT('',#5682);
#5684=CARTESIAN_POINT('',(94.012378153,-32.012566515,1.561697185));
#5685=VERTEX_POINT('',#5684);
#5686=CARTESIAN_POINT('',(94.012378153,-16.412566515,1.561697185));
#5687=DIRECTION('',(0.,-1.,0.));
#5688=VECTOR('',#5687,15.6);
#5689=LINE('',#5686,#5688);
#5690=EDGE_CURVE('',#5683,#5685,#5689,.T.);
#5691=ORIENTED_EDGE('',*,*,#5690,.F.);
#5692=CARTESIAN_POINT('',(78.412378153,-16.412566515,1.561697185));
#5693=VERTEX_POINT('',#5692);
#5694=CARTESIAN_POINT('',(78.412378153,-16.412566515,1.561697185));
#5695=DIRECTION('',(1.,0.,-0.));
#5696=VECTOR('',#5695,15.6);
#5697=LINE('',#5694,#5696);
#5698=EDGE_CURVE('',#5693,#5683,#5697,.T.);
#5699=ORIENTED_EDGE('',*,*,#5698,.F.);
#5700=CARTESIAN_POINT('',(78.412378153,-32.012566515,1.561697185));
#5701=VERTEX_POINT('',#5700);
#5702=CARTESIAN_POINT('',(78.412378153,-32.012566515,1.561697185));
#5703=DIRECTION('',(0.,1.,0.));
#5704=VECTOR('',#5703,15.6);
#5705=LINE('',#5702,#5704);
#5706=EDGE_CURVE('',#5701,#5693,#5705,.T.);
#5707=ORIENTED_EDGE('',*,*,#5706,.F.);
#5708=CARTESIAN_POINT('',(94.012378153,-32.012566515,1.561697185));
#5709=DIRECTION('',(-1.,0.,0.));
#5710=VECTOR('',#5709,15.6);
#5711=LINE('',#5708,#5710);
#5712=EDGE_CURVE('',#5685,#5701,#5711,.T.);
#5713=ORIENTED_EDGE('',*,*,#5712,.F.);
#5714=EDGE_LOOP('',(#5691,#5699,#5707,#5713));
#5715=FACE_BOUND('',#5714,.T.);
#5716=CARTESIAN_POINT('',(265.462378153,5.177433485,1.561697185));
#5717=VERTEX_POINT('',#5716);
#5718=CARTESIAN_POINT('',(265.462378153,-10.422566515,1.561697185));
#5719=VERTEX_POINT('',#5718);
#5720=CARTESIAN_POINT('',(265.462378153,5.177433485,1.561697185));
#5721=DIRECTION('',(0.,-1.,0.));
#5722=VECTOR('',#5721,15.6);
#5723=LINE('',#5720,#5722);
#5724=EDGE_CURVE('',#5717,#5719,#5723,.T.);
#5725=ORIENTED_EDGE('',*,*,#5724,.F.);
#5726=CARTESIAN_POINT('',(249.862378153,5.177433485,1.561697185));
#5727=VERTEX_POINT('',#5726);
#5728=CARTESIAN_POINT('',(249.862378153,5.177433485,1.561697185));
#5729=DIRECTION('',(1.,0.,-0.));
#5730=VECTOR('',#5729,15.6);
#5731=LINE('',#5728,#5730);
#5732=EDGE_CURVE('',#5727,#5717,#5731,.T.);
#5733=ORIENTED_EDGE('',*,*,#5732,.F.);
#5734=CARTESIAN_POINT('',(249.862378153,-10.422566515,1.561697185));
#5735=VERTEX_POINT('',#5734);
#5736=CARTESIAN_POINT('',(249.862378153,5.177433485,1.561697185));
#5737=DIRECTION('',(0.,-1.,0.));
#5738=VECTOR('',#5737,15.6);
#5739=LINE('',#5736,#5738);
#5740=EDGE_CURVE('',#5727,#5735,#5739,.T.);
#5741=ORIENTED_EDGE('',*,*,#5740,.T.);
#5742=CARTESIAN_POINT('',(249.862378153,-10.422566515,1.561697185));
#5743=DIRECTION('',(1.,0.,-0.));
#5744=VECTOR('',#5743,15.6);
#5745=LINE('',#5742,#5744);
#5746=EDGE_CURVE('',#5735,#5719,#5745,.T.);
#5747=ORIENTED_EDGE('',*,*,#5746,.T.);
#5748=EDGE_LOOP('',(#5725,#5733,#5741,#5747));
#5749=FACE_BOUND('',#5748,.T.);
#5750=CARTESIAN_POINT('',(245.142378153,-16.412566515,1.561697185));
#5751=VERTEX_POINT('',#5750);
#5752=CARTESIAN_POINT('',(245.142378153,-32.012566515,1.561697185));
#5753=VERTEX_POINT('',#5752);
#5754=CARTESIAN_POINT('',(245.142378153,-16.412566515,1.561697185));
#5755=DIRECTION('',(0.,-1.,0.));
#5756=VECTOR('',#5755,15.6);
#5757=LINE('',#5754,#5756);
#5758=EDGE_CURVE('',#5751,#5753,#5757,.T.);
#5759=ORIENTED_EDGE('',*,*,#5758,.F.);
#5760=CARTESIAN_POINT('',(229.542378153,-16.412566515,1.561697185));
#5761=VERTEX_POINT('',#5760);
#5762=CARTESIAN_POINT('',(229.542378153,-16.412566515,1.561697185));
#5763=DIRECTION('',(1.,0.,-0.));
#5764=VECTOR('',#5763,15.6);
#5765=LINE('',#5762,#5764);
#5766=EDGE_CURVE('',#5761,#5751,#5765,.T.);
#5767=ORIENTED_EDGE('',*,*,#5766,.F.);
#5768=CARTESIAN_POINT('',(229.542378153,-32.012566515,1.561697185));
#5769=VERTEX_POINT('',#5768);
#5770=CARTESIAN_POINT('',(229.542378153,-32.012566515,1.561697185));
#5771=DIRECTION('',(0.,1.,0.));
#5772=VECTOR('',#5771,15.6);
#5773=LINE('',#5770,#5772);
#5774=EDGE_CURVE('',#5769,#5761,#5773,.T.);
#5775=ORIENTED_EDGE('',*,*,#5774,.F.);
#5776=CARTESIAN_POINT('',(229.542378153,-32.012566515,1.561697185));
#5777=DIRECTION('',(1.,0.,-0.));
#5778=VECTOR('',#5777,15.6);
#5779=LINE('',#5776,#5778);
#5780=EDGE_CURVE('',#5769,#5753,#5779,.T.);
#5781=ORIENTED_EDGE('',*,*,#5780,.T.);
#5782=EDGE_LOOP('',(#5759,#5767,#5775,#5781));
#5783=FACE_BOUND('',#5782,.T.);
#5784=CARTESIAN_POINT('',(196.882378153,5.177433485,1.561697185));
#5785=VERTEX_POINT('',#5784);
#5786=CARTESIAN_POINT('',(196.882378153,-10.422566515,1.561697185));
#5787=VERTEX_POINT('',#5786);
#5788=CARTESIAN_POINT('',(196.882378153,5.177433485,1.561697185));
#5789=DIRECTION('',(0.,-1.,0.));
#5790=VECTOR('',#5789,15.6);
#5791=LINE('',#5788,#5790);
#5792=EDGE_CURVE('',#5785,#5787,#5791,.T.);
#5793=ORIENTED_EDGE('',*,*,#5792,.F.);
#5794=CARTESIAN_POINT('',(181.282378153,5.177433485,1.561697185));
#5795=VERTEX_POINT('',#5794);
#5796=CARTESIAN_POINT('',(181.282378153,5.177433485,1.561697185));
#5797=DIRECTION('',(1.,0.,-0.));
#5798=VECTOR('',#5797,15.6);
#5799=LINE('',#5796,#5798);
#5800=EDGE_CURVE('',#5795,#5785,#5799,.T.);
#5801=ORIENTED_EDGE('',*,*,#5800,.F.);
#5802=CARTESIAN_POINT('',(181.282378153,-10.422566515,1.561697185));
#5803=VERTEX_POINT('',#5802);
#5804=CARTESIAN_POINT('',(181.282378153,-10.422566515,1.561697185));
#5805=DIRECTION('',(0.,1.,0.));
#5806=VECTOR('',#5805,15.6);
#5807=LINE('',#5804,#5806);
#5808=EDGE_CURVE('',#5803,#5795,#5807,.T.);
#5809=ORIENTED_EDGE('',*,*,#5808,.F.);
#5810=CARTESIAN_POINT('',(181.282378153,-10.422566515,1.561697185));
#5811=DIRECTION('',(1.,0.,-0.));
#5812=VECTOR('',#5811,15.6);
#5813=LINE('',#5810,#5812);
#5814=EDGE_CURVE('',#5803,#5787,#5813,.T.);
#5815=ORIENTED_EDGE('',*,*,#5814,.T.);
#5816=EDGE_LOOP('',(#5793,#5801,#5809,#5815));
#5817=FACE_BOUND('',#5816,.T.);
#5818=CARTESIAN_POINT('',(50.832378153,5.177433485,1.561697185));
#5819=VERTEX_POINT('',#5818);
#5820=CARTESIAN_POINT('',(50.832378153,-10.422566515,1.561697185));
#5821=VERTEX_POINT('',#5820);
#5822=CARTESIAN_POINT('',(50.832378153,5.177433485,1.561697185));
#5823=DIRECTION('',(0.,-1.,0.));
#5824=VECTOR('',#5823,15.6);
#5825=LINE('',#5822,#5824);
#5826=EDGE_CURVE('',#5819,#5821,#5825,.T.);
#5827=ORIENTED_EDGE('',*,*,#5826,.F.);
#5828=CARTESIAN_POINT('',(35.232378153,5.177433485,1.561697185));
#5829=VERTEX_POINT('',#5828);
#5830=CARTESIAN_POINT('',(35.232378153,5.177433485,1.561697185));
#5831=DIRECTION('',(1.,0.,-0.));
#5832=VECTOR('',#5831,15.6);
#5833=LINE('',#5830,#5832);
#5834=EDGE_CURVE('',#5829,#5819,#5833,.T.);
#5835=ORIENTED_EDGE('',*,*,#5834,.F.);
#5836=CARTESIAN_POINT('',(35.232378153,-10.422566515,1.561697185));
#5837=VERTEX_POINT('',#5836);
#5838=CARTESIAN_POINT('',(35.232378153,-10.422566515,1.561697185));
#5839=DIRECTION('',(0.,1.,0.));
#5840=VECTOR('',#5839,15.6);
#5841=LINE('',#5838,#5840);
#5842=EDGE_CURVE('',#5837,#5829,#5841,.T.);
#5843=ORIENTED_EDGE('',*,*,#5842,.F.);
#5844=CARTESIAN_POINT('',(50.832378153,-10.422566515,1.561697185));
#5845=DIRECTION('',(-1.,0.,0.));
#5846=VECTOR('',#5845,15.6);
#5847=LINE('',#5844,#5846);
#5848=EDGE_CURVE('',#5821,#5837,#5847,.T.);
#5849=ORIENTED_EDGE('',*,*,#5848,.F.);
#5850=EDGE_LOOP('',(#5827,#5835,#5843,#5849));
#5851=FACE_BOUND('',#5850,.T.);
#5852=CARTESIAN_POINT('',(186.722378153,-82.452566515,1.561697185));
#5853=VERTEX_POINT('',#5852);
#5854=CARTESIAN_POINT('',(186.722378153,-98.052566515,1.561697185));
#5855=VERTEX_POINT('',#5854);
#5856=CARTESIAN_POINT('',(186.722378153,-82.452566515,1.561697185));
#5857=DIRECTION('',(0.,-1.,0.));
#5858=VECTOR('',#5857,15.6);
#5859=LINE('',#5856,#5858);
#5860=EDGE_CURVE('',#5853,#5855,#5859,.T.);
#5861=ORIENTED_EDGE('',*,*,#5860,.F.);
#5862=CARTESIAN_POINT('',(171.122378153,-82.452566515,1.561697185));
#5863=VERTEX_POINT('',#5862);
#5864=CARTESIAN_POINT('',(171.122378153,-82.452566515,1.561697185));
#5865=DIRECTION('',(1.,0.,-0.));
#5866=VECTOR('',#5865,15.6);
#5867=LINE('',#5864,#5866);
#5868=EDGE_CURVE('',#5863,#5853,#5867,.T.);
#5869=ORIENTED_EDGE('',*,*,#5868,.F.);
#5870=CARTESIAN_POINT('',(171.122378153,-98.052566515,1.561697185));
#5871=VERTEX_POINT('',#5870);
#5872=CARTESIAN_POINT('',(171.122378153,-98.052566515,1.561697185));
#5873=DIRECTION('',(0.,1.,0.));
#5874=VECTOR('',#5873,15.6);
#5875=LINE('',#5872,#5874);
#5876=EDGE_CURVE('',#5871,#5863,#5875,.T.);
#5877=ORIENTED_EDGE('',*,*,#5876,.F.);
#5878=CARTESIAN_POINT('',(171.122378153,-98.052566515,1.561697185));
#5879=DIRECTION('',(1.,0.,-0.));
#5880=VECTOR('',#5879,15.6);
#5881=LINE('',#5878,#5880);
#5882=EDGE_CURVE('',#5871,#5855,#5881,.T.);
#5883=ORIENTED_EDGE('',*,*,#5882,.T.);
#5884=EDGE_LOOP('',(#5861,#5869,#5877,#5883));
#5885=FACE_BOUND('',#5884,.T.);
#5886=CARTESIAN_POINT('',(317.532378153,-82.452566515,1.561697185));
#5887=VERTEX_POINT('',#5886);
#5888=CARTESIAN_POINT('',(317.532378153,-98.052566515,1.561697185));
#5889=VERTEX_POINT('',#5888);
#5890=CARTESIAN_POINT('',(317.532378153,-82.452566515,1.561697185));
#5891=DIRECTION('',(0.,-1.,0.));
#5892=VECTOR('',#5891,15.6);
#5893=LINE('',#5890,#5892);
#5894=EDGE_CURVE('',#5887,#5889,#5893,.T.);
#5895=ORIENTED_EDGE('',*,*,#5894,.F.);
#5896=CARTESIAN_POINT('',(301.932378153,-82.452566515,1.561697185));
#5897=VERTEX_POINT('',#5896);
#5898=CARTESIAN_POINT('',(301.932378153,-82.452566515,1.561697185));
#5899=DIRECTION('',(1.,0.,-0.));
#5900=VECTOR('',#5899,15.6);
#5901=LINE('',#5898,#5900);
#5902=EDGE_CURVE('',#5897,#5887,#5901,.T.);
#5903=ORIENTED_EDGE('',*,*,#5902,.F.);
#5904=CARTESIAN_POINT('',(301.932378153,-98.052566515,1.561697185));
#5905=VERTEX_POINT('',#5904);
#5906=CARTESIAN_POINT('',(301.932378153,-98.052566515,1.561697185));
#5907=DIRECTION('',(0.,1.,0.));
#5908=VECTOR('',#5907,15.6);
#5909=LINE('',#5906,#5908);
#5910=EDGE_CURVE('',#5905,#5897,#5909,.T.);
#5911=ORIENTED_EDGE('',*,*,#5910,.F.);
#5912=CARTESIAN_POINT('',(301.932378153,-98.052566515,1.561697185));
#5913=DIRECTION('',(1.,0.,-0.));
#5914=VECTOR('',#5913,15.6);
#5915=LINE('',#5912,#5914);
#5916=EDGE_CURVE('',#5905,#5889,#5915,.T.);
#5917=ORIENTED_EDGE('',*,*,#5916,.T.);
#5918=EDGE_LOOP('',(#5895,#5903,#5911,#5917));
#5919=FACE_BOUND('',#5918,.T.);
#5920=CARTESIAN_POINT('',(209.582378153,-59.592566515,1.561697185));
#5921=VERTEX_POINT('',#5920);
#5922=CARTESIAN_POINT('',(209.582378153,-75.192566515,1.561697185));
#5923=VERTEX_POINT('',#5922);
#5924=CARTESIAN_POINT('',(209.582378153,-59.592566515,1.561697185));
#5925=DIRECTION('',(0.,-1.,0.));
#5926=VECTOR('',#5925,15.6);
#5927=LINE('',#5924,#5926);
#5928=EDGE_CURVE('',#5921,#5923,#5927,.T.);
#5929=ORIENTED_EDGE('',*,*,#5928,.F.);
#5930=CARTESIAN_POINT('',(193.982378153,-59.592566515,1.561697185));
#5931=VERTEX_POINT('',#5930);
#5932=CARTESIAN_POINT('',(193.982378153,-59.592566515,1.561697185));
#5933=DIRECTION('',(1.,0.,-0.));
#5934=VECTOR('',#5933,15.6);
#5935=LINE('',#5932,#5934);
#5936=EDGE_CURVE('',#5931,#5921,#5935,.T.);
#5937=ORIENTED_EDGE('',*,*,#5936,.F.);
#5938=CARTESIAN_POINT('',(193.982378153,-75.192566515,1.561697185));
#5939=VERTEX_POINT('',#5938);
#5940=CARTESIAN_POINT('',(193.982378153,-75.192566515,1.561697185));
#5941=DIRECTION('',(0.,1.,0.));
#5942=VECTOR('',#5941,15.6);
#5943=LINE('',#5940,#5942);
#5944=EDGE_CURVE('',#5939,#5931,#5943,.T.);
#5945=ORIENTED_EDGE('',*,*,#5944,.F.);
#5946=CARTESIAN_POINT('',(193.982378153,-75.192566515,1.561697185));
#5947=DIRECTION('',(1.,0.,-0.));
#5948=VECTOR('',#5947,15.6);
#5949=LINE('',#5946,#5948);
#5950=EDGE_CURVE('',#5939,#5923,#5949,.T.);
#5951=ORIENTED_EDGE('',*,*,#5950,.T.);
#5952=EDGE_LOOP('',(#5929,#5937,#5945,#5951));
#5953=FACE_BOUND('',#5952,.T.);
#5954=CARTESIAN_POINT('',(318.272378153,-53.602566515,1.561697185));
#5955=VERTEX_POINT('',#5954);
#5956=CARTESIAN_POINT('',(333.872378153,-53.602566515,1.561697185));
#5957=VERTEX_POINT('',#5956);
#5958=CARTESIAN_POINT('',(318.272378153,-53.602566515,1.561697185));
#5959=DIRECTION('',(1.,0.,-0.));
#5960=VECTOR('',#5959,15.6);
#5961=LINE('',#5958,#5960);
#5962=EDGE_CURVE('',#5955,#5957,#5961,.T.);
#5963=ORIENTED_EDGE('',*,*,#5962,.T.);
#5964=CARTESIAN_POINT('',(333.872378153,-38.002566515,1.561697185));
#5965=VERTEX_POINT('',#5964);
#5966=CARTESIAN_POINT('',(333.872378153,-53.602566515,1.561697185));
#5967=DIRECTION('',(0.,1.,0.));
#5968=VECTOR('',#5967,15.6);
#5969=LINE('',#5966,#5968);
#5970=EDGE_CURVE('',#5957,#5965,#5969,.T.);
#5971=ORIENTED_EDGE('',*,*,#5970,.T.);
#5972=CARTESIAN_POINT('',(318.272378153,-38.002566515,1.561697185));
#5973=VERTEX_POINT('',#5972);
#5974=CARTESIAN_POINT('',(318.272378153,-38.002566515,1.561697185));
#5975=DIRECTION('',(1.,0.,-0.));
#5976=VECTOR('',#5975,15.6);
#5977=LINE('',#5974,#5976);
#5978=EDGE_CURVE('',#5973,#5965,#5977,.T.);
#5979=ORIENTED_EDGE('',*,*,#5978,.F.);
#5980=CARTESIAN_POINT('',(318.272378153,-53.602566515,1.561697185));
#5981=DIRECTION('',(0.,1.,0.));
#5982=VECTOR('',#5981,15.6);
#5983=LINE('',#5980,#5982);
#5984=EDGE_CURVE('',#5955,#5973,#5983,.T.);
#5985=ORIENTED_EDGE('',*,*,#5984,.F.);
#5986=EDGE_LOOP('',(#5963,#5971,#5979,#5985));
#5987=FACE_BOUND('',#5986,.T.);
#5988=CARTESIAN_POINT('',(96.552378153,-103.407566515,1.561697185));
#5989=VERTEX_POINT('',#5988);
#5990=CARTESIAN_POINT('',(96.552378153,-119.007566515,1.561697185));
#5991=VERTEX_POINT('',#5990);
#5992=CARTESIAN_POINT('',(96.552378153,-103.407566515,1.561697185));
#5993=DIRECTION('',(0.,-1.,0.));
#5994=VECTOR('',#5993,15.6);
#5995=LINE('',#5992,#5994);
#5996=EDGE_CURVE('',#5989,#5991,#5995,.T.);
#5997=ORIENTED_EDGE('',*,*,#5996,.F.);
#5998=CARTESIAN_POINT('',(80.952378153,-103.407566515,1.561697185));
#5999=VERTEX_POINT('',#5998);
#6000=CARTESIAN_POINT('',(80.952378153,-103.407566515,1.561697185));
#6001=DIRECTION('',(1.,0.,-0.));
#6002=VECTOR('',#6001,15.6);
#6003=LINE('',#6000,#6002);
#6004=EDGE_CURVE('',#5999,#5989,#6003,.T.);
#6005=ORIENTED_EDGE('',*,*,#6004,.F.);
#6006=CARTESIAN_POINT('',(80.952378153,-119.007566515,1.561697185));
#6007=VERTEX_POINT('',#6006);
#6008=CARTESIAN_POINT('',(80.952378153,-119.007566515,1.561697185));
#6009=DIRECTION('',(0.,1.,0.));
#6010=VECTOR('',#6009,15.6);
#6011=LINE('',#6008,#6010);
#6012=EDGE_CURVE('',#6007,#5999,#6011,.T.);
#6013=ORIENTED_EDGE('',*,*,#6012,.F.);
#6014=CARTESIAN_POINT('',(96.552378153,-119.007566515,1.561697185));
#6015=DIRECTION('',(-1.,0.,0.));
#6016=VECTOR('',#6015,15.6);
#6017=LINE('',#6014,#6016);
#6018=EDGE_CURVE('',#5991,#6007,#6017,.T.);
#6019=ORIENTED_EDGE('',*,*,#6018,.F.);
#6020=EDGE_LOOP('',(#5997,#6005,#6013,#6019));
#6021=FACE_BOUND('',#6020,.T.);
#6022=CARTESIAN_POINT('',(47.552378153,-79.532566515,1.561697185));
#6023=VERTEX_POINT('',#6022);
#6024=CARTESIAN_POINT('',(47.552378153,-101.532566515,1.561697185));
#6025=VERTEX_POINT('',#6024);
#6026=CARTESIAN_POINT('',(47.552378153,-79.532566515,1.561697185));
#6027=DIRECTION('',(0.,-1.,0.));
#6028=VECTOR('',#6027,22.);
#6029=LINE('',#6026,#6028);
#6030=EDGE_CURVE('',#6023,#6025,#6029,.T.);
#6031=ORIENTED_EDGE('',*,*,#6030,.F.);
#6032=CARTESIAN_POINT('',(42.552378153,-79.532566515,1.561697185));
#6033=VERTEX_POINT('',#6032);
#6034=CARTESIAN_POINT('',(42.552378153,-79.532566515,1.561697185));
#6035=DIRECTION('',(1.,0.,-0.));
#6036=VECTOR('',#6035,5.);
#6037=LINE('',#6034,#6036);
#6038=EDGE_CURVE('',#6033,#6023,#6037,.T.);
#6039=ORIENTED_EDGE('',*,*,#6038,.F.);
#6040=CARTESIAN_POINT('',(42.552378153,-101.532566515,1.561697185));
#6041=VERTEX_POINT('',#6040);
#6042=CARTESIAN_POINT('',(42.552378153,-101.532566515,1.561697185));
#6043=DIRECTION('',(0.,1.,0.));
#6044=VECTOR('',#6043,22.);
#6045=LINE('',#6042,#6044);
#6046=EDGE_CURVE('',#6041,#6033,#6045,.T.);
#6047=ORIENTED_EDGE('',*,*,#6046,.F.);
#6048=CARTESIAN_POINT('',(47.552378153,-101.532566515,1.561697185));
#6049=DIRECTION('',(-1.,0.,0.));
#6050=VECTOR('',#6049,5.);
#6051=LINE('',#6048,#6050);
#6052=EDGE_CURVE('',#6025,#6041,#6051,.T.);
#6053=ORIENTED_EDGE('',*,*,#6052,.F.);
#6054=EDGE_LOOP('',(#6031,#6039,#6047,#6053));
#6055=FACE_BOUND('',#6054,.T.);
#6056=CARTESIAN_POINT('',(379.127378153,-102.772566515,1.561697185));
#6057=VERTEX_POINT('',#6056);
#6058=CARTESIAN_POINT('',(379.127378153,-118.372566515,1.561697185));
#6059=VERTEX_POINT('',#6058);
#6060=CARTESIAN_POINT('',(379.127378153,-102.772566515,1.561697185));
#6061=DIRECTION('',(0.,-1.,0.));
#6062=VECTOR('',#6061,15.6);
#6063=LINE('',#6060,#6062);
#6064=EDGE_CURVE('',#6057,#6059,#6063,.T.);
#6065=ORIENTED_EDGE('',*,*,#6064,.F.);
#6066=CARTESIAN_POINT('',(363.527378153,-102.772566515,1.561697185));
#6067=VERTEX_POINT('',#6066);
#6068=CARTESIAN_POINT('',(363.527378153,-102.772566515,1.561697185));
#6069=DIRECTION('',(1.,0.,-0.));
#6070=VECTOR('',#6069,15.6);
#6071=LINE('',#6068,#6070);
#6072=EDGE_CURVE('',#6067,#6057,#6071,.T.);
#6073=ORIENTED_EDGE('',*,*,#6072,.F.);
#6074=CARTESIAN_POINT('',(363.527378153,-118.372566515,1.561697185));
#6075=VERTEX_POINT('',#6074);
#6076=CARTESIAN_POINT('',(363.527378153,-118.372566515,1.561697185));
#6077=DIRECTION('',(0.,1.,0.));
#6078=VECTOR('',#6077,15.6);
#6079=LINE('',#6076,#6078);
#6080=EDGE_CURVE('',#6075,#6067,#6079,.T.);
#6081=ORIENTED_EDGE('',*,*,#6080,.F.);
#6082=CARTESIAN_POINT('',(363.527378153,-118.372566515,1.561697185));
#6083=DIRECTION('',(1.,0.,-0.));
#6084=VECTOR('',#6083,15.6);
#6085=LINE('',#6082,#6084);
#6086=EDGE_CURVE('',#6075,#6059,#6085,.T.);
#6087=ORIENTED_EDGE('',*,*,#6086,.T.);
#6088=EDGE_LOOP('',(#6065,#6073,#6081,#6087));
#6089=FACE_BOUND('',#6088,.T.);
#6090=CARTESIAN_POINT('',(227.002378153,5.177433485,1.561697185));
#6091=VERTEX_POINT('',#6090);
#6092=CARTESIAN_POINT('',(227.002378153,-10.422566515,1.561697185));
#6093=VERTEX_POINT('',#6092);
#6094=CARTESIAN_POINT('',(227.002378153,5.177433485,1.561697185));
#6095=DIRECTION('',(0.,-1.,0.));
#6096=VECTOR('',#6095,15.6);
#6097=LINE('',#6094,#6096);
#6098=EDGE_CURVE('',#6091,#6093,#6097,.T.);
#6099=ORIENTED_EDGE('',*,*,#6098,.T.);
#6100=CARTESIAN_POINT('',(242.602378153,-10.422566515,1.561697185));
#6101=VERTEX_POINT('',#6100);
#6102=CARTESIAN_POINT('',(227.002378153,-10.422566515,1.561697185));
#6103=DIRECTION('',(1.,0.,-0.));
#6104=VECTOR('',#6103,15.6);
#6105=LINE('',#6102,#6104);
#6106=EDGE_CURVE('',#6093,#6101,#6105,.T.);
#6107=ORIENTED_EDGE('',*,*,#6106,.T.);
#6108=CARTESIAN_POINT('',(242.602378153,5.177433485,1.561697185));
#6109=VERTEX_POINT('',#6108);
#6110=CARTESIAN_POINT('',(242.602378153,-10.422566515,1.561697185));
#6111=DIRECTION('',(0.,1.,0.));
#6112=VECTOR('',#6111,15.6);
#6113=LINE('',#6110,#6112);
#6114=EDGE_CURVE('',#6101,#6109,#6113,.T.);
#6115=ORIENTED_EDGE('',*,*,#6114,.T.);
#6116=CARTESIAN_POINT('',(242.602378153,5.177433485,1.561697185));
#6117=DIRECTION('',(-1.,0.,0.));
#6118=VECTOR('',#6117,15.6);
#6119=LINE('',#6116,#6118);
#6120=EDGE_CURVE('',#6109,#6091,#6119,.T.);
#6121=ORIENTED_EDGE('',*,*,#6120,.T.);
#6122=EDGE_LOOP('',(#6099,#6107,#6115,#6121));
#6123=FACE_BOUND('',#6122,.T.);
#6124=CARTESIAN_POINT('',(99.092378153,-59.592566515,1.561697185));
#6125=VERTEX_POINT('',#6124);
#6126=CARTESIAN_POINT('',(99.092378153,-75.192566515,1.561697185));
#6127=VERTEX_POINT('',#6126);
#6128=CARTESIAN_POINT('',(99.092378153,-59.592566515,1.561697185));
#6129=DIRECTION('',(0.,-1.,0.));
#6130=VECTOR('',#6129,15.6);
#6131=LINE('',#6128,#6130);
#6132=EDGE_CURVE('',#6125,#6127,#6131,.T.);
#6133=ORIENTED_EDGE('',*,*,#6132,.F.);
#6134=CARTESIAN_POINT('',(83.492378153,-59.592566515,1.561697185));
#6135=VERTEX_POINT('',#6134);
#6136=CARTESIAN_POINT('',(83.492378153,-59.592566515,1.561697185));
#6137=DIRECTION('',(1.,0.,-0.));
#6138=VECTOR('',#6137,15.6);
#6139=LINE('',#6136,#6138);
#6140=EDGE_CURVE('',#6135,#6125,#6139,.T.);
#6141=ORIENTED_EDGE('',*,*,#6140,.F.);
#6142=CARTESIAN_POINT('',(83.492378153,-75.192566515,1.561697185));
#6143=VERTEX_POINT('',#6142);
#6144=CARTESIAN_POINT('',(83.492378153,-59.592566515,1.561697185));
#6145=DIRECTION('',(0.,-1.,0.));
#6146=VECTOR('',#6145,15.6);
#6147=LINE('',#6144,#6146);
#6148=EDGE_CURVE('',#6135,#6143,#6147,.T.);
#6149=ORIENTED_EDGE('',*,*,#6148,.T.);
#6150=CARTESIAN_POINT('',(83.492378153,-75.192566515,1.561697185));
#6151=DIRECTION('',(1.,0.,-0.));
#6152=VECTOR('',#6151,15.6);
#6153=LINE('',#6150,#6152);
#6154=EDGE_CURVE('',#6143,#6127,#6153,.T.);
#6155=ORIENTED_EDGE('',*,*,#6154,.T.);
#6156=EDGE_LOOP('',(#6133,#6141,#6149,#6155));
#6157=FACE_BOUND('',#6156,.T.);
#6158=CARTESIAN_POINT('',(90.202378153,5.137433485,1.561697185));
#6159=VERTEX_POINT('',#6158);
#6160=CARTESIAN_POINT('',(90.202378153,-10.462566515,1.561697185));
#6161=VERTEX_POINT('',#6160);
#6162=CARTESIAN_POINT('',(90.202378153,5.137433485,1.561697185));
#6163=DIRECTION('',(0.,-1.,0.));
#6164=VECTOR('',#6163,15.6);
#6165=LINE('',#6162,#6164);
#6166=EDGE_CURVE('',#6159,#6161,#6165,.T.);
#6167=ORIENTED_EDGE('',*,*,#6166,.F.);
#6168=CARTESIAN_POINT('',(74.602378153,5.137433485,1.561697185));
#6169=VERTEX_POINT('',#6168);
#6170=CARTESIAN_POINT('',(74.602378153,5.137433485,1.561697185));
#6171=DIRECTION('',(1.,0.,-0.));
#6172=VECTOR('',#6171,15.6);
#6173=LINE('',#6170,#6172);
#6174=EDGE_CURVE('',#6169,#6159,#6173,.T.);
#6175=ORIENTED_EDGE('',*,*,#6174,.F.);
#6176=CARTESIAN_POINT('',(74.602378153,-10.462566515,1.561697185));
#6177=VERTEX_POINT('',#6176);
#6178=CARTESIAN_POINT('',(74.602378153,-10.462566515,1.561697185));
#6179=DIRECTION('',(0.,1.,0.));
#6180=VECTOR('',#6179,15.6);
#6181=LINE('',#6178,#6180);
#6182=EDGE_CURVE('',#6177,#6169,#6181,.T.);
#6183=ORIENTED_EDGE('',*,*,#6182,.F.);
#6184=CARTESIAN_POINT('',(74.602378153,-10.462566515,1.561697185));
#6185=DIRECTION('',(1.,0.,-0.));
#6186=VECTOR('',#6185,15.6);
#6187=LINE('',#6184,#6186);
#6188=EDGE_CURVE('',#6177,#6161,#6187,.T.);
#6189=ORIENTED_EDGE('',*,*,#6188,.T.);
#6190=EDGE_LOOP('',(#6167,#6175,#6183,#6189));
#6191=FACE_BOUND('',#6190,.T.);
#6192=CARTESIAN_POINT('',(356.902378153,-102.772566515,1.561697185));
#6193=VERTEX_POINT('',#6192);
#6194=CARTESIAN_POINT('',(356.902378153,-118.372566515,1.561697185));
#6195=VERTEX_POINT('',#6194);
#6196=CARTESIAN_POINT('',(356.902378153,-102.772566515,1.561697185));
#6197=DIRECTION('',(0.,-1.,0.));
#6198=VECTOR('',#6197,15.6);
#6199=LINE('',#6196,#6198);
#6200=EDGE_CURVE('',#6193,#6195,#6199,.T.);
#6201=ORIENTED_EDGE('',*,*,#6200,.F.);
#6202=CARTESIAN_POINT('',(341.302378153,-102.772566515,1.561697185));
#6203=VERTEX_POINT('',#6202);
#6204=CARTESIAN_POINT('',(341.302378153,-102.772566515,1.561697185));
#6205=DIRECTION('',(1.,0.,-0.));
#6206=VECTOR('',#6205,15.6);
#6207=LINE('',#6204,#6206);
#6208=EDGE_CURVE('',#6203,#6193,#6207,.T.);
#6209=ORIENTED_EDGE('',*,*,#6208,.F.);
#6210=CARTESIAN_POINT('',(341.302378153,-118.372566515,1.561697185));
#6211=VERTEX_POINT('',#6210);
#6212=CARTESIAN_POINT('',(341.302378153,-118.372566515,1.561697185));
#6213=DIRECTION('',(0.,1.,0.));
#6214=VECTOR('',#6213,15.6);
#6215=LINE('',#6212,#6214);
#6216=EDGE_CURVE('',#6211,#6203,#6215,.T.);
#6217=ORIENTED_EDGE('',*,*,#6216,.F.);
#6218=CARTESIAN_POINT('',(356.902378153,-118.372566515,1.561697185));
#6219=DIRECTION('',(-1.,0.,0.));
#6220=VECTOR('',#6219,15.6);
#6221=LINE('',#6218,#6220);
#6222=EDGE_CURVE('',#6195,#6211,#6221,.T.);
#6223=ORIENTED_EDGE('',*,*,#6222,.F.);
#6224=EDGE_LOOP('',(#6201,#6209,#6217,#6223));
#6225=FACE_BOUND('',#6224,.T.);
#6226=CARTESIAN_POINT('',(113.062378153,5.137433485,1.561697185));
#6227=VERTEX_POINT('',#6226);
#6228=CARTESIAN_POINT('',(113.062378153,-10.462566515,1.561697185));
#6229=VERTEX_POINT('',#6228);
#6230=CARTESIAN_POINT('',(113.062378153,5.137433485,1.561697185));
#6231=DIRECTION('',(0.,-1.,0.));
#6232=VECTOR('',#6231,15.6);
#6233=LINE('',#6230,#6232);
#6234=EDGE_CURVE('',#6227,#6229,#6233,.T.);
#6235=ORIENTED_EDGE('',*,*,#6234,.F.);
#6236=CARTESIAN_POINT('',(97.462378153,5.137433485,1.561697185));
#6237=VERTEX_POINT('',#6236);
#6238=CARTESIAN_POINT('',(97.462378153,5.137433485,1.561697185));
#6239=DIRECTION('',(1.,0.,-0.));
#6240=VECTOR('',#6239,15.6);
#6241=LINE('',#6238,#6240);
#6242=EDGE_CURVE('',#6237,#6227,#6241,.T.);
#6243=ORIENTED_EDGE('',*,*,#6242,.F.);
#6244=CARTESIAN_POINT('',(97.462378153,-10.462566515,1.561697185));
#6245=VERTEX_POINT('',#6244);
#6246=CARTESIAN_POINT('',(97.462378153,-10.462566515,1.561697185));
#6247=DIRECTION('',(0.,1.,0.));
#6248=VECTOR('',#6247,15.6);
#6249=LINE('',#6246,#6248);
#6250=EDGE_CURVE('',#6245,#6237,#6249,.T.);
#6251=ORIENTED_EDGE('',*,*,#6250,.F.);
#6252=CARTESIAN_POINT('',(113.062378153,-10.462566515,1.561697185));
#6253=DIRECTION('',(-1.,0.,0.));
#6254=VECTOR('',#6253,15.6);
#6255=LINE('',#6252,#6254);
#6256=EDGE_CURVE('',#6229,#6245,#6255,.T.);
#6257=ORIENTED_EDGE('',*,*,#6256,.F.);
#6258=EDGE_LOOP('',(#6235,#6243,#6251,#6257));
#6259=FACE_BOUND('',#6258,.T.);
#6260=ADVANCED_FACE('',(#3141,#3152,#3163,#3197,#3231,#3265,#3299,#3333,#3367,#3401,#3435,#3469,#3503,#3537,#3571,#3605,#3639,#3673,#3707,#3741,#3775,#3809,#3843,#3877,#3911,#3945,
#3979,#4013,#4047,#4081,#4115,#4149,#4183,#4217,#4251,#4285,#4319,#4353,#4387,#4421,#4455,#4489,#4523,#4557,#4591,#4625,#4659,#4729,#4763,#4797,#4831,
#4865,#4899,#4933,#4967,#5001,#5035,#5069,#5103,#5137,#5171,#5205,#5239,#5273,#5307,#5341,#5375,#5409,#5443,#5477,#5511,#5545,#5579,#5613,#5647,#5681,
#5715,#5749,#5783,#5817,#5851,#5885,#5919,#5953,#5987,#6021,#6055,#6089,#6123,#6157,#6191,#6225,#6259),#3130,.F.);
#6261=CARTESIAN_POINT('',(163.862378153,-91.552566515,-45.438302815));
#6262=DIRECTION('',(1.,0.,0.));
#6263=DIRECTION('',(0.,0.,-1.));
#6264=AXIS2_PLACEMENT_3D('',#6261,#6262,#6263);
#6265=PLANE('',#6264);
#6266=CARTESIAN_POINT('',(163.862378153,-98.052566515,1.561697185));
#6267=DIRECTION('',(0.,0.,1.));
#6268=VECTOR('',#6267,3.);
#6269=LINE('',#6266,#6268);
#6270=EDGE_CURVE('',#4733,#712,#6269,.T.);
#6271=ORIENTED_EDGE('',*,*,#6270,.T.);
#6272=ORIENTED_EDGE('',*,*,#719,.T.);
#6273=CARTESIAN_POINT('',(163.862378153,-82.452566515,1.561697185));
#6274=DIRECTION('',(0.,0.,1.));
#6275=VECTOR('',#6274,3.);
#6276=LINE('',#6273,#6275);
#6277=EDGE_CURVE('',#4741,#714,#6276,.T.);
#6278=ORIENTED_EDGE('',*,*,#6277,.F.);
#6279=ORIENTED_EDGE('',*,*,#4746,.F.);
#6280=EDGE_LOOP('',(#6271,#6272,#6278,#6279));
#6281=FACE_BOUND('',#6280,.T.);
#6282=ADVANCED_FACE('',(#6281),#6265,.F.);
#6283=CARTESIAN_POINT('',(156.062378153,-82.452566515,-45.438302815));
#6284=DIRECTION('',(0.,1.,0.));
#6285=DIRECTION('',(0.,0.,1.));
#6286=AXIS2_PLACEMENT_3D('',#6283,#6284,#6285);
#6287=PLANE('',#6286);
#6288=ORIENTED_EDGE('',*,*,#6277,.T.);
#6289=ORIENTED_EDGE('',*,*,#741,.T.);
#6290=CARTESIAN_POINT('',(148.262378153,-82.452566515,1.561697185));
#6291=DIRECTION('',(0.,0.,1.));
#6292=VECTOR('',#6291,3.);
#6293=LINE('',#6290,#6292);
#6294=EDGE_CURVE('',#4749,#730,#6293,.T.);
#6295=ORIENTED_EDGE('',*,*,#6294,.F.);
#6296=ORIENTED_EDGE('',*,*,#4754,.F.);
#6297=EDGE_LOOP('',(#6288,#6289,#6295,#6296));
#6298=FACE_BOUND('',#6297,.T.);
#6299=ADVANCED_FACE('',(#6298),#6287,.F.);
#6300=CARTESIAN_POINT('',(148.262378153,-83.752566515,-45.438302815));
#6301=DIRECTION('',(1.,0.,0.));
#6302=DIRECTION('',(0.,0.,-1.));
#6303=AXIS2_PLACEMENT_3D('',#6300,#6301,#6302);
#6304=PLANE('',#6303);
#6305=ORIENTED_EDGE('',*,*,#4760,.T.);
#6306=ORIENTED_EDGE('',*,*,#6294,.T.);
#6307=ORIENTED_EDGE('',*,*,#735,.F.);
#6308=CARTESIAN_POINT('',(148.262378153,-98.052566515,1.561697185));
#6309=DIRECTION('',(0.,0.,1.));
#6310=VECTOR('',#6309,3.);
#6311=LINE('',#6308,#6310);
#6312=EDGE_CURVE('',#4731,#722,#6311,.T.);
#6313=ORIENTED_EDGE('',*,*,#6312,.F.);
#6314=EDGE_LOOP('',(#6305,#6306,#6307,#6313));
#6315=FACE_BOUND('',#6314,.T.);
#6316=ADVANCED_FACE('',(#6315),#6304,.T.);
#6317=CARTESIAN_POINT('',(156.062378153,-98.052566515,-45.438302815));
#6318=DIRECTION('',(0.,-1.,0.));
#6319=DIRECTION('',(0.,0.,-1.));
#6320=AXIS2_PLACEMENT_3D('',#6317,#6318,#6319);
#6321=PLANE('',#6320);
#6322=ORIENTED_EDGE('',*,*,#6312,.T.);
#6323=ORIENTED_EDGE('',*,*,#727,.T.);
#6324=ORIENTED_EDGE('',*,*,#6270,.F.);
#6325=ORIENTED_EDGE('',*,*,#4738,.F.);
#6326=EDGE_LOOP('',(#6322,#6323,#6324,#6325));
#6327=FACE_BOUND('',#6326,.T.);
#6328=ADVANCED_FACE('',(#6327),#6321,.F.);
#6329=CARTESIAN_POINT('',(352.616128153,-67.402566515,-45.438302815));
#6330=DIRECTION('',(-1.,0.,0.));
#6331=DIRECTION('',(0.,0.,1.));
#6332=AXIS2_PLACEMENT_3D('',#6329,#6330,#6331);
#6333=PLANE('',#6332);
#6334=ORIENTED_EDGE('',*,*,#4772,.T.);
#6335=CARTESIAN_POINT('',(352.616128153,-75.202566515,1.561697185));
#6336=DIRECTION('',(0.,0.,1.));
#6337=VECTOR('',#6336,3.);
#6338=LINE('',#6335,#6337);
#6339=EDGE_CURVE('',#4767,#790,#6338,.T.);
#6340=ORIENTED_EDGE('',*,*,#6339,.T.);
#6341=ORIENTED_EDGE('',*,*,#795,.F.);
#6342=CARTESIAN_POINT('',(352.616128153,-59.602566515,1.561697185));
#6343=DIRECTION('',(0.,0.,1.));
#6344=VECTOR('',#6343,3.);
#6345=LINE('',#6342,#6344);
#6346=EDGE_CURVE('',#4765,#782,#6345,.T.);
#6347=ORIENTED_EDGE('',*,*,#6346,.F.);
#6348=EDGE_LOOP('',(#6334,#6340,#6341,#6347));
#6349=FACE_BOUND('',#6348,.T.);
#6350=ADVANCED_FACE('',(#6349),#6333,.T.);
#6351=CARTESIAN_POINT('',(344.816128153,-59.602566515,-45.438302815));
#6352=DIRECTION('',(0.,-1.,0.));
#6353=DIRECTION('',(0.,0.,-1.));
#6354=AXIS2_PLACEMENT_3D('',#6351,#6352,#6353);
#6355=PLANE('',#6354);
#6356=ORIENTED_EDGE('',*,*,#4780,.T.);
#6357=ORIENTED_EDGE('',*,*,#6346,.T.);
#6358=ORIENTED_EDGE('',*,*,#787,.F.);
#6359=CARTESIAN_POINT('',(337.016128153,-59.602566515,1.561697185));
#6360=DIRECTION('',(0.,0.,1.));
#6361=VECTOR('',#6360,3.);
#6362=LINE('',#6359,#6361);
#6363=EDGE_CURVE('',#4775,#780,#6362,.T.);
#6364=ORIENTED_EDGE('',*,*,#6363,.F.);
#6365=EDGE_LOOP('',(#6356,#6357,#6358,#6364));
#6366=FACE_BOUND('',#6365,.T.);
#6367=ADVANCED_FACE('',(#6366),#6355,.T.);
#6368=CARTESIAN_POINT('',(337.016128153,-67.402566515,-45.438302815));
#6369=DIRECTION('',(1.,0.,0.));
#6370=DIRECTION('',(0.,0.,-1.));
#6371=AXIS2_PLACEMENT_3D('',#6368,#6369,#6370);
#6372=PLANE('',#6371);
#6373=ORIENTED_EDGE('',*,*,#4788,.T.);
#6374=ORIENTED_EDGE('',*,*,#6363,.T.);
#6375=ORIENTED_EDGE('',*,*,#809,.F.);
#6376=CARTESIAN_POINT('',(337.016128153,-75.202566515,1.561697185));
#6377=DIRECTION('',(0.,0.,1.));
#6378=VECTOR('',#6377,3.);
#6379=LINE('',#6376,#6378);
#6380=EDGE_CURVE('',#4783,#798,#6379,.T.);
#6381=ORIENTED_EDGE('',*,*,#6380,.F.);
#6382=EDGE_LOOP('',(#6373,#6374,#6375,#6381));
#6383=FACE_BOUND('',#6382,.T.);
#6384=ADVANCED_FACE('',(#6383),#6372,.T.);
#6385=CARTESIAN_POINT('',(344.816128153,-75.202566515,-45.438302815));
#6386=DIRECTION('',(0.,-1.,0.));
#6387=DIRECTION('',(0.,0.,-1.));
#6388=AXIS2_PLACEMENT_3D('',#6385,#6386,#6387);
#6389=PLANE('',#6388);
#6390=ORIENTED_EDGE('',*,*,#6380,.T.);
#6391=ORIENTED_EDGE('',*,*,#803,.T.);
#6392=ORIENTED_EDGE('',*,*,#6339,.F.);
#6393=ORIENTED_EDGE('',*,*,#4794,.F.);
#6394=EDGE_LOOP('',(#6390,#6391,#6392,#6393));
#6395=FACE_BOUND('',#6394,.T.);
#6396=ADVANCED_FACE('',(#6395),#6389,.F.);
#6397=CARTESIAN_POINT('',(53.372378153,-73.892566515,-45.438302815));
#6398=DIRECTION('',(-1.,0.,0.));
#6399=DIRECTION('',(0.,0.,1.));
#6400=AXIS2_PLACEMENT_3D('',#6397,#6398,#6399);
#6401=PLANE('',#6400);
#6402=ORIENTED_EDGE('',*,*,#4634,.T.);
#6403=CARTESIAN_POINT('',(53.372378153,-75.192566515,1.561697185));
#6404=DIRECTION('',(0.,0.,1.));
#6405=VECTOR('',#6404,3.);
#6406=LINE('',#6403,#6405);
#6407=EDGE_CURVE('',#4629,#824,#6406,.T.);
#6408=ORIENTED_EDGE('',*,*,#6407,.T.);
#6409=ORIENTED_EDGE('',*,*,#829,.F.);
#6410=CARTESIAN_POINT('',(53.372378153,-59.592566515,1.561697185));
#6411=DIRECTION('',(0.,0.,1.));
#6412=VECTOR('',#6411,3.);
#6413=LINE('',#6410,#6412);
#6414=EDGE_CURVE('',#4627,#816,#6413,.T.);
#6415=ORIENTED_EDGE('',*,*,#6414,.F.);
#6416=EDGE_LOOP('',(#6402,#6408,#6409,#6415));
#6417=FACE_BOUND('',#6416,.T.);
#6418=ADVANCED_FACE('',(#6417),#6401,.T.);
#6419=CARTESIAN_POINT('',(45.572378153,-59.592566515,-45.438302815));
#6420=DIRECTION('',(0.,-1.,0.));
#6421=DIRECTION('',(0.,0.,-1.));
#6422=AXIS2_PLACEMENT_3D('',#6419,#6420,#6421);
#6423=PLANE('',#6422);
#6424=ORIENTED_EDGE('',*,*,#4642,.T.);
#6425=ORIENTED_EDGE('',*,*,#6414,.T.);
#6426=ORIENTED_EDGE('',*,*,#821,.F.);
#6427=CARTESIAN_POINT('',(37.772378153,-59.592566515,1.561697185));
#6428=DIRECTION('',(0.,0.,1.));
#6429=VECTOR('',#6428,3.);
#6430=LINE('',#6427,#6429);
#6431=EDGE_CURVE('',#4637,#814,#6430,.T.);
#6432=ORIENTED_EDGE('',*,*,#6431,.F.);
#6433=EDGE_LOOP('',(#6424,#6425,#6426,#6432));
#6434=FACE_BOUND('',#6433,.T.);
#6435=ADVANCED_FACE('',(#6434),#6423,.T.);
#6436=CARTESIAN_POINT('',(37.772378153,-67.392566515,-45.438302815));
#6437=DIRECTION('',(1.,0.,0.));
#6438=DIRECTION('',(0.,0.,-1.));
#6439=AXIS2_PLACEMENT_3D('',#6436,#6437,#6438);
#6440=PLANE('',#6439);
#6441=ORIENTED_EDGE('',*,*,#4650,.T.);
#6442=ORIENTED_EDGE('',*,*,#6431,.T.);
#6443=ORIENTED_EDGE('',*,*,#843,.F.);
#6444=CARTESIAN_POINT('',(37.772378153,-75.192566515,1.561697185));
#6445=DIRECTION('',(0.,0.,1.));
#6446=VECTOR('',#6445,3.);
#6447=LINE('',#6444,#6446);
#6448=EDGE_CURVE('',#4645,#832,#6447,.T.);
#6449=ORIENTED_EDGE('',*,*,#6448,.F.);
#6450=EDGE_LOOP('',(#6441,#6442,#6443,#6449));
#6451=FACE_BOUND('',#6450,.T.);
#6452=ADVANCED_FACE('',(#6451),#6440,.T.);
#6453=CARTESIAN_POINT('',(45.572378153,-75.192566515,-45.438302815));
#6454=DIRECTION('',(0.,1.,0.));
#6455=DIRECTION('',(0.,0.,1.));
#6456=AXIS2_PLACEMENT_3D('',#6453,#6454,#6455);
#6457=PLANE('',#6456);
#6458=ORIENTED_EDGE('',*,*,#4656,.T.);
#6459=ORIENTED_EDGE('',*,*,#6448,.T.);
#6460=ORIENTED_EDGE('',*,*,#837,.F.);
#6461=ORIENTED_EDGE('',*,*,#6407,.F.);
#6462=EDGE_LOOP('',(#6458,#6459,#6460,#6461));
#6463=FACE_BOUND('',#6462,.T.);
#6464=ADVANCED_FACE('',(#6463),#6457,.T.);
#6465=CARTESIAN_POINT('',(269.272378153,-47.102566515,-45.438302815));
#6466=DIRECTION('',(-1.,0.,0.));
#6467=DIRECTION('',(0.,0.,1.));
#6468=AXIS2_PLACEMENT_3D('',#6465,#6466,#6467);
#6469=PLANE('',#6468);
#6470=ORIENTED_EDGE('',*,*,#4806,.T.);
#6471=CARTESIAN_POINT('',(269.272378153,-53.602566515,1.561697185));
#6472=DIRECTION('',(0.,0.,1.));
#6473=VECTOR('',#6472,3.);
#6474=LINE('',#6471,#6473);
#6475=EDGE_CURVE('',#4801,#858,#6474,.T.);
#6476=ORIENTED_EDGE('',*,*,#6475,.T.);
#6477=ORIENTED_EDGE('',*,*,#863,.F.);
#6478=CARTESIAN_POINT('',(269.272378153,-38.002566515,1.561697185));
#6479=DIRECTION('',(0.,0.,1.));
#6480=VECTOR('',#6479,3.);
#6481=LINE('',#6478,#6480);
#6482=EDGE_CURVE('',#4799,#848,#6481,.T.);
#6483=ORIENTED_EDGE('',*,*,#6482,.F.);
#6484=EDGE_LOOP('',(#6470,#6476,#6477,#6483));
#6485=FACE_BOUND('',#6484,.T.);
#6486=ADVANCED_FACE('',(#6485),#6469,.T.);
#6487=CARTESIAN_POINT('',(261.472378153,-38.002566515,-45.438302815));
#6488=DIRECTION('',(0.,1.,0.));
#6489=DIRECTION('',(0.,0.,1.));
#6490=AXIS2_PLACEMENT_3D('',#6487,#6488,#6489);
#6491=PLANE('',#6490);
#6492=ORIENTED_EDGE('',*,*,#6482,.T.);
#6493=ORIENTED_EDGE('',*,*,#855,.T.);
#6494=CARTESIAN_POINT('',(253.672378153,-38.002566515,1.561697185));
#6495=DIRECTION('',(0.,0.,1.));
#6496=VECTOR('',#6495,3.);
#6497=LINE('',#6494,#6496);
#6498=EDGE_CURVE('',#4809,#850,#6497,.T.);
#6499=ORIENTED_EDGE('',*,*,#6498,.F.);
#6500=ORIENTED_EDGE('',*,*,#4814,.F.);
#6501=EDGE_LOOP('',(#6492,#6493,#6499,#6500));
#6502=FACE_BOUND('',#6501,.T.);
#6503=ADVANCED_FACE('',(#6502),#6491,.F.);
#6504=CARTESIAN_POINT('',(253.672378153,-39.302566515,-45.438302815));
#6505=DIRECTION('',(1.,0.,0.));
#6506=DIRECTION('',(0.,0.,-1.));
#6507=AXIS2_PLACEMENT_3D('',#6504,#6505,#6506);
#6508=PLANE('',#6507);
#6509=ORIENTED_EDGE('',*,*,#4822,.T.);
#6510=ORIENTED_EDGE('',*,*,#6498,.T.);
#6511=ORIENTED_EDGE('',*,*,#877,.F.);
#6512=CARTESIAN_POINT('',(253.672378153,-53.602566515,1.561697185));
#6513=DIRECTION('',(0.,0.,1.));
#6514=VECTOR('',#6513,3.);
#6515=LINE('',#6512,#6514);
#6516=EDGE_CURVE('',#4817,#866,#6515,.T.);
#6517=ORIENTED_EDGE('',*,*,#6516,.F.);
#6518=EDGE_LOOP('',(#6509,#6510,#6511,#6517));
#6519=FACE_BOUND('',#6518,.T.);
#6520=ADVANCED_FACE('',(#6519),#6508,.T.);
#6521=CARTESIAN_POINT('',(261.472378153,-53.602566515,-45.438302815));
#6522=DIRECTION('',(0.,-1.,0.));
#6523=DIRECTION('',(0.,0.,-1.));
#6524=AXIS2_PLACEMENT_3D('',#6521,#6522,#6523);
#6525=PLANE('',#6524);
#6526=ORIENTED_EDGE('',*,*,#6516,.T.);
#6527=ORIENTED_EDGE('',*,*,#871,.T.);
#6528=ORIENTED_EDGE('',*,*,#6475,.F.);
#6529=ORIENTED_EDGE('',*,*,#4828,.F.);
#6530=EDGE_LOOP('',(#6526,#6527,#6528,#6529));
#6531=FACE_BOUND('',#6530,.T.);
#6532=ADVANCED_FACE('',(#6531),#6525,.F.);
#6533=CARTESIAN_POINT('',(161.322378153,-47.102566515,-45.438302815));
#6534=DIRECTION('',(1.,0.,0.));
#6535=DIRECTION('',(0.,0.,-1.));
#6536=AXIS2_PLACEMENT_3D('',#6533,#6534,#6535);
#6537=PLANE('',#6536);
#6538=CARTESIAN_POINT('',(161.322378153,-53.602566515,1.561697185));
#6539=DIRECTION('',(0.,0.,1.));
#6540=VECTOR('',#6539,3.);
#6541=LINE('',#6538,#6540);
#6542=EDGE_CURVE('',#4595,#678,#6541,.T.);
#6543=ORIENTED_EDGE('',*,*,#6542,.T.);
#6544=ORIENTED_EDGE('',*,*,#685,.T.);
#6545=CARTESIAN_POINT('',(161.322378153,-38.002566515,1.561697185));
#6546=DIRECTION('',(0.,0.,1.));
#6547=VECTOR('',#6546,3.);
#6548=LINE('',#6545,#6547);
#6549=EDGE_CURVE('',#4603,#680,#6548,.T.);
#6550=ORIENTED_EDGE('',*,*,#6549,.F.);
#6551=ORIENTED_EDGE('',*,*,#4608,.F.);
#6552=EDGE_LOOP('',(#6543,#6544,#6550,#6551));
#6553=FACE_BOUND('',#6552,.T.);
#6554=ADVANCED_FACE('',(#6553),#6537,.F.);
#6555=CARTESIAN_POINT('',(153.522378153,-38.002566515,-45.438302815));
#6556=DIRECTION('',(0.,1.,0.));
#6557=DIRECTION('',(0.,0.,1.));
#6558=AXIS2_PLACEMENT_3D('',#6555,#6556,#6557);
#6559=PLANE('',#6558);
#6560=ORIENTED_EDGE('',*,*,#6549,.T.);
#6561=ORIENTED_EDGE('',*,*,#707,.T.);
#6562=CARTESIAN_POINT('',(145.722378153,-38.002566515,1.561697185));
#6563=DIRECTION('',(0.,0.,1.));
#6564=VECTOR('',#6563,3.);
#6565=LINE('',#6562,#6564);
#6566=EDGE_CURVE('',#4611,#696,#6565,.T.);
#6567=ORIENTED_EDGE('',*,*,#6566,.F.);
#6568=ORIENTED_EDGE('',*,*,#4616,.F.);
#6569=EDGE_LOOP('',(#6560,#6561,#6567,#6568));
#6570=FACE_BOUND('',#6569,.T.);
#6571=ADVANCED_FACE('',(#6570),#6559,.F.);
#6572=CARTESIAN_POINT('',(145.722378153,-39.302566515,-45.438302815));
#6573=DIRECTION('',(1.,0.,0.));
#6574=DIRECTION('',(0.,0.,-1.));
#6575=AXIS2_PLACEMENT_3D('',#6572,#6573,#6574);
#6576=PLANE('',#6575);
#6577=ORIENTED_EDGE('',*,*,#4622,.T.);
#6578=ORIENTED_EDGE('',*,*,#6566,.T.);
#6579=ORIENTED_EDGE('',*,*,#701,.F.);
#6580=CARTESIAN_POINT('',(145.722378153,-53.602566515,1.561697185));
#6581=DIRECTION('',(0.,0.,1.));
#6582=VECTOR('',#6581,3.);
#6583=LINE('',#6580,#6582);
#6584=EDGE_CURVE('',#4593,#688,#6583,.T.);
#6585=ORIENTED_EDGE('',*,*,#6584,.F.);
#6586=EDGE_LOOP('',(#6577,#6578,#6579,#6585));
#6587=FACE_BOUND('',#6586,.T.);
#6588=ADVANCED_FACE('',(#6587),#6576,.T.);
#6589=CARTESIAN_POINT('',(153.522378153,-53.602566515,-45.438302815));
#6590=DIRECTION('',(0.,-1.,0.));
#6591=DIRECTION('',(0.,0.,-1.));
#6592=AXIS2_PLACEMENT_3D('',#6589,#6590,#6591);
#6593=PLANE('',#6592);
#6594=ORIENTED_EDGE('',*,*,#6584,.T.);
#6595=ORIENTED_EDGE('',*,*,#693,.T.);
#6596=ORIENTED_EDGE('',*,*,#6542,.F.);
#6597=ORIENTED_EDGE('',*,*,#4600,.F.);
#6598=EDGE_LOOP('',(#6594,#6595,#6596,#6597));
#6599=FACE_BOUND('',#6598,.T.);
#6600=ADVANCED_FACE('',(#6599),#6593,.F.);
#6601=CARTESIAN_POINT('',(252.762378153,-73.892566515,-45.438302815));
#6602=DIRECTION('',(-1.,0.,0.));
#6603=DIRECTION('',(0.,0.,1.));
#6604=AXIS2_PLACEMENT_3D('',#6601,#6602,#6603);
#6605=PLANE('',#6604);
#6606=ORIENTED_EDGE('',*,*,#4566,.T.);
#6607=CARTESIAN_POINT('',(252.762378153,-75.192566515,1.561697185));
#6608=DIRECTION('',(0.,0.,1.));
#6609=VECTOR('',#6608,3.);
#6610=LINE('',#6607,#6609);
#6611=EDGE_CURVE('',#4561,#892,#6610,.T.);
#6612=ORIENTED_EDGE('',*,*,#6611,.T.);
#6613=ORIENTED_EDGE('',*,*,#897,.F.);
#6614=CARTESIAN_POINT('',(252.762378153,-59.592566515,1.561697185));
#6615=DIRECTION('',(0.,0.,1.));
#6616=VECTOR('',#6615,3.);
#6617=LINE('',#6614,#6616);
#6618=EDGE_CURVE('',#4559,#884,#6617,.T.);
#6619=ORIENTED_EDGE('',*,*,#6618,.F.);
#6620=EDGE_LOOP('',(#6606,#6612,#6613,#6619));
#6621=FACE_BOUND('',#6620,.T.);
#6622=ADVANCED_FACE('',(#6621),#6605,.T.);
#6623=CARTESIAN_POINT('',(244.962378153,-59.592566515,-45.438302815));
#6624=DIRECTION('',(0.,-1.,0.));
#6625=DIRECTION('',(0.,0.,-1.));
#6626=AXIS2_PLACEMENT_3D('',#6623,#6624,#6625);
#6627=PLANE('',#6626);
#6628=ORIENTED_EDGE('',*,*,#4574,.T.);
#6629=ORIENTED_EDGE('',*,*,#6618,.T.);
#6630=ORIENTED_EDGE('',*,*,#889,.F.);
#6631=CARTESIAN_POINT('',(237.162378153,-59.592566515,1.561697185));
#6632=DIRECTION('',(0.,0.,1.));
#6633=VECTOR('',#6632,3.);
#6634=LINE('',#6631,#6633);
#6635=EDGE_CURVE('',#4569,#882,#6634,.T.);
#6636=ORIENTED_EDGE('',*,*,#6635,.F.);
#6637=EDGE_LOOP('',(#6628,#6629,#6630,#6636));
#6638=FACE_BOUND('',#6637,.T.);
#6639=ADVANCED_FACE('',(#6638),#6627,.T.);
#6640=CARTESIAN_POINT('',(237.162378153,-67.392566515,-45.438302815));
#6641=DIRECTION('',(-1.,0.,0.));
#6642=DIRECTION('',(0.,0.,1.));
#6643=AXIS2_PLACEMENT_3D('',#6640,#6641,#6642);
#6644=PLANE('',#6643);
#6645=ORIENTED_EDGE('',*,*,#6635,.T.);
#6646=ORIENTED_EDGE('',*,*,#911,.T.);
#6647=CARTESIAN_POINT('',(237.162378153,-75.192566515,1.561697185));
#6648=DIRECTION('',(0.,0.,1.));
#6649=VECTOR('',#6648,3.);
#6650=LINE('',#6647,#6649);
#6651=EDGE_CURVE('',#4577,#900,#6650,.T.);
#6652=ORIENTED_EDGE('',*,*,#6651,.F.);
#6653=ORIENTED_EDGE('',*,*,#4582,.F.);
#6654=EDGE_LOOP('',(#6645,#6646,#6652,#6653));
#6655=FACE_BOUND('',#6654,.T.);
#6656=ADVANCED_FACE('',(#6655),#6644,.F.);
#6657=CARTESIAN_POINT('',(244.962378153,-75.192566515,-45.438302815));
#6658=DIRECTION('',(0.,-1.,0.));
#6659=DIRECTION('',(0.,0.,-1.));
#6660=AXIS2_PLACEMENT_3D('',#6657,#6658,#6659);
#6661=PLANE('',#6660);
#6662=ORIENTED_EDGE('',*,*,#6651,.T.);
#6663=ORIENTED_EDGE('',*,*,#905,.T.);
#6664=ORIENTED_EDGE('',*,*,#6611,.F.);
#6665=ORIENTED_EDGE('',*,*,#4588,.F.);
#6666=EDGE_LOOP('',(#6662,#6663,#6664,#6665));
#6667=FACE_BOUND('',#6666,.T.);
#6668=ADVANCED_FACE('',(#6667),#6661,.F.);
#6669=CARTESIAN_POINT('',(45.572378153,-53.602566515,-45.438302815));
#6670=DIRECTION('',(0.,-1.,0.));
#6671=DIRECTION('',(0.,0.,-1.));
#6672=AXIS2_PLACEMENT_3D('',#6669,#6670,#6671);
#6673=PLANE('',#6672);
#6674=CARTESIAN_POINT('',(37.772378153,-53.602566515,1.561697185));
#6675=DIRECTION('',(0.,0.,1.));
#6676=VECTOR('',#6675,3.);
#6677=LINE('',#6674,#6676);
#6678=EDGE_CURVE('',#4835,#644,#6677,.T.);
#6679=ORIENTED_EDGE('',*,*,#6678,.T.);
#6680=ORIENTED_EDGE('',*,*,#651,.T.);
#6681=CARTESIAN_POINT('',(53.372378153,-53.602566515,1.561697185));
#6682=DIRECTION('',(0.,0.,1.));
#6683=VECTOR('',#6682,3.);
#6684=LINE('',#6681,#6683);
#6685=EDGE_CURVE('',#4843,#646,#6684,.T.);
#6686=ORIENTED_EDGE('',*,*,#6685,.F.);
#6687=ORIENTED_EDGE('',*,*,#4848,.F.);
#6688=EDGE_LOOP('',(#6679,#6680,#6686,#6687));
#6689=FACE_BOUND('',#6688,.T.);
#6690=ADVANCED_FACE('',(#6689),#6673,.F.);
#6691=CARTESIAN_POINT('',(53.372378153,-45.802566515,-45.438302815));
#6692=DIRECTION('',(1.,0.,0.));
#6693=DIRECTION('',(0.,0.,-1.));
#6694=AXIS2_PLACEMENT_3D('',#6691,#6692,#6693);
#6695=PLANE('',#6694);
#6696=ORIENTED_EDGE('',*,*,#6685,.T.);
#6697=ORIENTED_EDGE('',*,*,#673,.T.);
#6698=CARTESIAN_POINT('',(53.372378153,-38.002566515,1.561697185));
#6699=DIRECTION('',(0.,0.,1.));
#6700=VECTOR('',#6699,3.);
#6701=LINE('',#6698,#6700);
#6702=EDGE_CURVE('',#4851,#662,#6701,.T.);
#6703=ORIENTED_EDGE('',*,*,#6702,.F.);
#6704=ORIENTED_EDGE('',*,*,#4856,.F.);
#6705=EDGE_LOOP('',(#6696,#6697,#6703,#6704));
#6706=FACE_BOUND('',#6705,.T.);
#6707=ADVANCED_FACE('',(#6706),#6695,.F.);
#6708=CARTESIAN_POINT('',(45.572378153,-38.002566515,-45.438302815));
#6709=DIRECTION('',(0.,-1.,0.));
#6710=DIRECTION('',(0.,0.,-1.));
#6711=AXIS2_PLACEMENT_3D('',#6708,#6709,#6710);
#6712=PLANE('',#6711);
#6713=ORIENTED_EDGE('',*,*,#4862,.T.);
#6714=ORIENTED_EDGE('',*,*,#6702,.T.);
#6715=ORIENTED_EDGE('',*,*,#667,.F.);
#6716=CARTESIAN_POINT('',(37.772378153,-38.002566515,1.561697185));
#6717=DIRECTION('',(0.,0.,1.));
#6718=VECTOR('',#6717,3.);
#6719=LINE('',#6716,#6718);
#6720=EDGE_CURVE('',#4833,#654,#6719,.T.);
#6721=ORIENTED_EDGE('',*,*,#6720,.F.);
#6722=EDGE_LOOP('',(#6713,#6714,#6715,#6721));
#6723=FACE_BOUND('',#6722,.T.);
#6724=ADVANCED_FACE('',(#6723),#6712,.T.);
#6725=CARTESIAN_POINT('',(37.772378153,-45.802566515,-45.438302815));
#6726=DIRECTION('',(-1.,0.,0.));
#6727=DIRECTION('',(0.,0.,1.));
#6728=AXIS2_PLACEMENT_3D('',#6725,#6726,#6727);
#6729=PLANE('',#6728);
#6730=ORIENTED_EDGE('',*,*,#6720,.T.);
#6731=ORIENTED_EDGE('',*,*,#659,.T.);
#6732=ORIENTED_EDGE('',*,*,#6678,.F.);
#6733=ORIENTED_EDGE('',*,*,#4840,.F.);
#6734=EDGE_LOOP('',(#6730,#6731,#6732,#6733));
#6735=FACE_BOUND('',#6734,.T.);
#6736=ADVANCED_FACE('',(#6735),#6729,.F.);
#6737=CARTESIAN_POINT('',(219.742378153,-2.622566515,-45.438302815));
#6738=DIRECTION('',(-1.,0.,0.));
#6739=DIRECTION('',(0.,0.,1.));
#6740=AXIS2_PLACEMENT_3D('',#6737,#6738,#6739);
#6741=PLANE('',#6740);
#6742=ORIENTED_EDGE('',*,*,#4874,.T.);
#6743=CARTESIAN_POINT('',(219.742378153,-10.422566515,1.561697185));
#6744=DIRECTION('',(0.,0.,1.));
#6745=VECTOR('',#6744,3.);
#6746=LINE('',#6743,#6745);
#6747=EDGE_CURVE('',#4869,#926,#6746,.T.);
#6748=ORIENTED_EDGE('',*,*,#6747,.T.);
#6749=ORIENTED_EDGE('',*,*,#931,.F.);
#6750=CARTESIAN_POINT('',(219.742378153,5.177433485,1.561697185));
#6751=DIRECTION('',(0.,0.,1.));
#6752=VECTOR('',#6751,3.);
#6753=LINE('',#6750,#6752);
#6754=EDGE_CURVE('',#4867,#918,#6753,.T.);
#6755=ORIENTED_EDGE('',*,*,#6754,.F.);
#6756=EDGE_LOOP('',(#6742,#6748,#6749,#6755));
#6757=FACE_BOUND('',#6756,.T.);
#6758=ADVANCED_FACE('',(#6757),#6741,.T.);
#6759=CARTESIAN_POINT('',(211.942378153,5.177433485,-45.438302815));
#6760=DIRECTION('',(0.,-1.,0.));
#6761=DIRECTION('',(0.,0.,-1.));
#6762=AXIS2_PLACEMENT_3D('',#6759,#6760,#6761);
#6763=PLANE('',#6762);
#6764=ORIENTED_EDGE('',*,*,#4882,.T.);
#6765=ORIENTED_EDGE('',*,*,#6754,.T.);
#6766=ORIENTED_EDGE('',*,*,#923,.F.);
#6767=CARTESIAN_POINT('',(204.142378153,5.177433485,1.561697185));
#6768=DIRECTION('',(0.,0.,1.));
#6769=VECTOR('',#6768,3.);
#6770=LINE('',#6767,#6769);
#6771=EDGE_CURVE('',#4877,#916,#6770,.T.);
#6772=ORIENTED_EDGE('',*,*,#6771,.F.);
#6773=EDGE_LOOP('',(#6764,#6765,#6766,#6772));
#6774=FACE_BOUND('',#6773,.T.);
#6775=ADVANCED_FACE('',(#6774),#6763,.T.);
#6776=CARTESIAN_POINT('',(204.142378153,3.877433485,-45.438302815));
#6777=DIRECTION('',(1.,0.,0.));
#6778=DIRECTION('',(0.,0.,-1.));
#6779=AXIS2_PLACEMENT_3D('',#6776,#6777,#6778);
#6780=PLANE('',#6779);
#6781=ORIENTED_EDGE('',*,*,#4890,.T.);
#6782=ORIENTED_EDGE('',*,*,#6771,.T.);
#6783=ORIENTED_EDGE('',*,*,#945,.F.);
#6784=CARTESIAN_POINT('',(204.142378153,-10.422566515,1.561697185));
#6785=DIRECTION('',(0.,0.,1.));
#6786=VECTOR('',#6785,3.);
#6787=LINE('',#6784,#6786);
#6788=EDGE_CURVE('',#4885,#934,#6787,.T.);
#6789=ORIENTED_EDGE('',*,*,#6788,.F.);
#6790=EDGE_LOOP('',(#6781,#6782,#6783,#6789));
#6791=FACE_BOUND('',#6790,.T.);
#6792=ADVANCED_FACE('',(#6791),#6780,.T.);
#6793=CARTESIAN_POINT('',(211.942378153,-10.422566515,-45.438302815));
#6794=DIRECTION('',(0.,-1.,0.));
#6795=DIRECTION('',(0.,0.,-1.));
#6796=AXIS2_PLACEMENT_3D('',#6793,#6794,#6795);
#6797=PLANE('',#6796);
#6798=ORIENTED_EDGE('',*,*,#6788,.T.);
#6799=ORIENTED_EDGE('',*,*,#939,.T.);
#6800=ORIENTED_EDGE('',*,*,#6747,.F.);
#6801=ORIENTED_EDGE('',*,*,#4896,.F.);
#6802=EDGE_LOOP('',(#6798,#6799,#6800,#6801));
#6803=FACE_BOUND('',#6802,.T.);
#6804=ADVANCED_FACE('',(#6803),#6797,.F.);
#6805=CARTESIAN_POINT('',(167.672378153,-117.707566515,-45.438302815));
#6806=DIRECTION('',(-1.,0.,0.));
#6807=DIRECTION('',(0.,0.,1.));
#6808=AXIS2_PLACEMENT_3D('',#6805,#6806,#6807);
#6809=PLANE('',#6808);
#6810=ORIENTED_EDGE('',*,*,#4532,.T.);
#6811=CARTESIAN_POINT('',(167.672378153,-119.007566515,1.561697185));
#6812=DIRECTION('',(0.,0.,1.));
#6813=VECTOR('',#6812,3.);
#6814=LINE('',#6811,#6813);
#6815=EDGE_CURVE('',#4527,#960,#6814,.T.);
#6816=ORIENTED_EDGE('',*,*,#6815,.T.);
#6817=ORIENTED_EDGE('',*,*,#965,.F.);
#6818=CARTESIAN_POINT('',(167.672378153,-103.407566515,1.561697185));
#6819=DIRECTION('',(0.,0.,1.));
#6820=VECTOR('',#6819,3.);
#6821=LINE('',#6818,#6820);
#6822=EDGE_CURVE('',#4525,#952,#6821,.T.);
#6823=ORIENTED_EDGE('',*,*,#6822,.F.);
#6824=EDGE_LOOP('',(#6810,#6816,#6817,#6823));
#6825=FACE_BOUND('',#6824,.T.);
#6826=ADVANCED_FACE('',(#6825),#6809,.T.);
#6827=CARTESIAN_POINT('',(159.872378153,-103.407566515,-45.438302815));
#6828=DIRECTION('',(0.,-1.,0.));
#6829=DIRECTION('',(0.,0.,-1.));
#6830=AXIS2_PLACEMENT_3D('',#6827,#6828,#6829);
#6831=PLANE('',#6830);
#6832=ORIENTED_EDGE('',*,*,#4540,.T.);
#6833=ORIENTED_EDGE('',*,*,#6822,.T.);
#6834=ORIENTED_EDGE('',*,*,#957,.F.);
#6835=CARTESIAN_POINT('',(152.072378153,-103.407566515,1.561697185));
#6836=DIRECTION('',(0.,0.,1.));
#6837=VECTOR('',#6836,3.);
#6838=LINE('',#6835,#6837);
#6839=EDGE_CURVE('',#4535,#950,#6838,.T.);
#6840=ORIENTED_EDGE('',*,*,#6839,.F.);
#6841=EDGE_LOOP('',(#6832,#6833,#6834,#6840));
#6842=FACE_BOUND('',#6841,.T.);
#6843=ADVANCED_FACE('',(#6842),#6831,.T.);
#6844=CARTESIAN_POINT('',(152.072378153,-111.207566515,-45.438302815));
#6845=DIRECTION('',(1.,0.,0.));
#6846=DIRECTION('',(0.,0.,-1.));
#6847=AXIS2_PLACEMENT_3D('',#6844,#6845,#6846);
#6848=PLANE('',#6847);
#6849=ORIENTED_EDGE('',*,*,#4548,.T.);
#6850=ORIENTED_EDGE('',*,*,#6839,.T.);
#6851=ORIENTED_EDGE('',*,*,#979,.F.);
#6852=CARTESIAN_POINT('',(152.072378153,-119.007566515,1.561697185));
#6853=DIRECTION('',(0.,0.,1.));
#6854=VECTOR('',#6853,3.);
#6855=LINE('',#6852,#6854);
#6856=EDGE_CURVE('',#4543,#968,#6855,.T.);
#6857=ORIENTED_EDGE('',*,*,#6856,.F.);
#6858=EDGE_LOOP('',(#6849,#6850,#6851,#6857));
#6859=FACE_BOUND('',#6858,.T.);
#6860=ADVANCED_FACE('',(#6859),#6848,.T.);
#6861=CARTESIAN_POINT('',(159.872378153,-119.007566515,-45.438302815));
#6862=DIRECTION('',(0.,-1.,0.));
#6863=DIRECTION('',(0.,0.,-1.));
#6864=AXIS2_PLACEMENT_3D('',#6861,#6862,#6863);
#6865=PLANE('',#6864);
#6866=ORIENTED_EDGE('',*,*,#6856,.T.);
#6867=ORIENTED_EDGE('',*,*,#973,.T.);
#6868=ORIENTED_EDGE('',*,*,#6815,.F.);
#6869=ORIENTED_EDGE('',*,*,#4554,.F.);
#6870=EDGE_LOOP('',(#6866,#6867,#6868,#6869));
#6871=FACE_BOUND('',#6870,.T.);
#6872=ADVANCED_FACE('',(#6871),#6865,.F.);
#6873=CARTESIAN_POINT('',(231.172378153,-67.392566515,-45.438302815));
#6874=DIRECTION('',(-1.,0.,0.));
#6875=DIRECTION('',(0.,0.,1.));
#6876=AXIS2_PLACEMENT_3D('',#6873,#6874,#6875);
#6877=PLANE('',#6876);
#6878=ORIENTED_EDGE('',*,*,#4908,.T.);
#6879=CARTESIAN_POINT('',(231.172378153,-75.192566515,1.561697185));
#6880=DIRECTION('',(0.,0.,1.));
#6881=VECTOR('',#6880,3.);
#6882=LINE('',#6879,#6881);
#6883=EDGE_CURVE('',#4903,#994,#6882,.T.);
#6884=ORIENTED_EDGE('',*,*,#6883,.T.);
#6885=ORIENTED_EDGE('',*,*,#999,.F.);
#6886=CARTESIAN_POINT('',(231.172378153,-59.592566515,1.561697185));
#6887=DIRECTION('',(0.,0.,1.));
#6888=VECTOR('',#6887,3.);
#6889=LINE('',#6886,#6888);
#6890=EDGE_CURVE('',#4901,#986,#6889,.T.);
#6891=ORIENTED_EDGE('',*,*,#6890,.F.);
#6892=EDGE_LOOP('',(#6878,#6884,#6885,#6891));
#6893=FACE_BOUND('',#6892,.T.);
#6894=ADVANCED_FACE('',(#6893),#6877,.T.);
#6895=CARTESIAN_POINT('',(223.372378153,-59.592566515,-45.438302815));
#6896=DIRECTION('',(0.,-1.,0.));
#6897=DIRECTION('',(0.,0.,-1.));
#6898=AXIS2_PLACEMENT_3D('',#6895,#6896,#6897);
#6899=PLANE('',#6898);
#6900=ORIENTED_EDGE('',*,*,#4916,.T.);
#6901=ORIENTED_EDGE('',*,*,#6890,.T.);
#6902=ORIENTED_EDGE('',*,*,#991,.F.);
#6903=CARTESIAN_POINT('',(215.572378153,-59.592566515,1.561697185));
#6904=DIRECTION('',(0.,0.,1.));
#6905=VECTOR('',#6904,3.);
#6906=LINE('',#6903,#6905);
#6907=EDGE_CURVE('',#4911,#984,#6906,.T.);
#6908=ORIENTED_EDGE('',*,*,#6907,.F.);
#6909=EDGE_LOOP('',(#6900,#6901,#6902,#6908));
#6910=FACE_BOUND('',#6909,.T.);
#6911=ADVANCED_FACE('',(#6910),#6899,.T.);
#6912=CARTESIAN_POINT('',(215.572378153,-66.092566515,-45.438302815));
#6913=DIRECTION('',(1.,0.,0.));
#6914=DIRECTION('',(0.,0.,-1.));
#6915=AXIS2_PLACEMENT_3D('',#6912,#6913,#6914);
#6916=PLANE('',#6915);
#6917=ORIENTED_EDGE('',*,*,#4924,.T.);
#6918=ORIENTED_EDGE('',*,*,#6907,.T.);
#6919=ORIENTED_EDGE('',*,*,#1013,.F.);
#6920=CARTESIAN_POINT('',(215.572378153,-75.192566515,1.561697185));
#6921=DIRECTION('',(0.,0.,1.));
#6922=VECTOR('',#6921,3.);
#6923=LINE('',#6920,#6922);
#6924=EDGE_CURVE('',#4919,#1002,#6923,.T.);
#6925=ORIENTED_EDGE('',*,*,#6924,.F.);
#6926=EDGE_LOOP('',(#6917,#6918,#6919,#6925));
#6927=FACE_BOUND('',#6926,.T.);
#6928=ADVANCED_FACE('',(#6927),#6916,.T.);
#6929=CARTESIAN_POINT('',(223.372378153,-75.192566515,-45.438302815));
#6930=DIRECTION('',(0.,1.,0.));
#6931=DIRECTION('',(0.,0.,1.));
#6932=AXIS2_PLACEMENT_3D('',#6929,#6930,#6931);
#6933=PLANE('',#6932);
#6934=ORIENTED_EDGE('',*,*,#4930,.T.);
#6935=ORIENTED_EDGE('',*,*,#6924,.T.);
#6936=ORIENTED_EDGE('',*,*,#1007,.F.);
#6937=ORIENTED_EDGE('',*,*,#6883,.F.);
#6938=EDGE_LOOP('',(#6934,#6935,#6936,#6937));
#6939=FACE_BOUND('',#6938,.T.);
#6940=ADVANCED_FACE('',(#6939),#6933,.T.);
#6941=CARTESIAN_POINT('',(142.272378153,-90.252566515,-45.438302815));
#6942=DIRECTION('',(-1.,0.,0.));
#6943=DIRECTION('',(0.,0.,1.));
#6944=AXIS2_PLACEMENT_3D('',#6941,#6942,#6943);
#6945=PLANE('',#6944);
#6946=ORIENTED_EDGE('',*,*,#4498,.T.);
#6947=CARTESIAN_POINT('',(142.272378153,-98.052566515,1.561697185));
#6948=DIRECTION('',(0.,0.,1.));
#6949=VECTOR('',#6948,3.);
#6950=LINE('',#6947,#6949);
#6951=EDGE_CURVE('',#4493,#1028,#6950,.T.);
#6952=ORIENTED_EDGE('',*,*,#6951,.T.);
#6953=ORIENTED_EDGE('',*,*,#1033,.F.);
#6954=CARTESIAN_POINT('',(142.272378153,-82.452566515,1.561697185));
#6955=DIRECTION('',(0.,0.,1.));
#6956=VECTOR('',#6955,3.);
#6957=LINE('',#6954,#6956);
#6958=EDGE_CURVE('',#4491,#1020,#6957,.T.);
#6959=ORIENTED_EDGE('',*,*,#6958,.F.);
#6960=EDGE_LOOP('',(#6946,#6952,#6953,#6959));
#6961=FACE_BOUND('',#6960,.T.);
#6962=ADVANCED_FACE('',(#6961),#6945,.T.);
#6963=CARTESIAN_POINT('',(134.472378153,-82.452566515,-45.438302815));
#6964=DIRECTION('',(0.,-1.,0.));
#6965=DIRECTION('',(0.,0.,-1.));
#6966=AXIS2_PLACEMENT_3D('',#6963,#6964,#6965);
#6967=PLANE('',#6966);
#6968=ORIENTED_EDGE('',*,*,#4506,.T.);
#6969=ORIENTED_EDGE('',*,*,#6958,.T.);
#6970=ORIENTED_EDGE('',*,*,#1025,.F.);
#6971=CARTESIAN_POINT('',(126.672378153,-82.452566515,1.561697185));
#6972=DIRECTION('',(0.,0.,1.));
#6973=VECTOR('',#6972,3.);
#6974=LINE('',#6971,#6973);
#6975=EDGE_CURVE('',#4501,#1018,#6974,.T.);
#6976=ORIENTED_EDGE('',*,*,#6975,.F.);
#6977=EDGE_LOOP('',(#6968,#6969,#6970,#6976));
#6978=FACE_BOUND('',#6977,.T.);
#6979=ADVANCED_FACE('',(#6978),#6967,.T.);
#6980=CARTESIAN_POINT('',(126.672378153,-83.752566515,-45.438302815));
#6981=DIRECTION('',(1.,0.,0.));
#6982=DIRECTION('',(0.,0.,-1.));
#6983=AXIS2_PLACEMENT_3D('',#6980,#6981,#6982);
#6984=PLANE('',#6983);
#6985=ORIENTED_EDGE('',*,*,#4514,.T.);
#6986=ORIENTED_EDGE('',*,*,#6975,.T.);
#6987=ORIENTED_EDGE('',*,*,#1047,.F.);
#6988=CARTESIAN_POINT('',(126.672378153,-98.052566515,1.561697185));
#6989=DIRECTION('',(0.,0.,1.));
#6990=VECTOR('',#6989,3.);
#6991=LINE('',#6988,#6990);
#6992=EDGE_CURVE('',#4509,#1036,#6991,.T.);
#6993=ORIENTED_EDGE('',*,*,#6992,.F.);
#6994=EDGE_LOOP('',(#6985,#6986,#6987,#6993));
#6995=FACE_BOUND('',#6994,.T.);
#6996=ADVANCED_FACE('',(#6995),#6984,.T.);
#6997=CARTESIAN_POINT('',(134.472378153,-98.052566515,-45.438302815));
#6998=DIRECTION('',(0.,-1.,0.));
#6999=DIRECTION('',(0.,0.,-1.));
#7000=AXIS2_PLACEMENT_3D('',#6997,#6998,#6999);
#7001=PLANE('',#7000);
#7002=ORIENTED_EDGE('',*,*,#6992,.T.);
#7003=ORIENTED_EDGE('',*,*,#1041,.T.);
#7004=ORIENTED_EDGE('',*,*,#6951,.F.);
#7005=ORIENTED_EDGE('',*,*,#4520,.F.);
#7006=EDGE_LOOP('',(#7002,#7003,#7004,#7005));
#7007=FACE_BOUND('',#7006,.T.);
#7008=ADVANCED_FACE('',(#7007),#7001,.F.);
#7009=CARTESIAN_POINT('',(295.942378153,-73.892566515,-45.438302815));
#7010=DIRECTION('',(-1.,0.,0.));
#7011=DIRECTION('',(0.,0.,1.));
#7012=AXIS2_PLACEMENT_3D('',#7009,#7010,#7011);
#7013=PLANE('',#7012);
#7014=ORIENTED_EDGE('',*,*,#4942,.T.);
#7015=CARTESIAN_POINT('',(295.942378153,-75.192566515,1.561697185));
#7016=DIRECTION('',(0.,0.,1.));
#7017=VECTOR('',#7016,3.);
#7018=LINE('',#7015,#7017);
#7019=EDGE_CURVE('',#4937,#1062,#7018,.T.);
#7020=ORIENTED_EDGE('',*,*,#7019,.T.);
#7021=ORIENTED_EDGE('',*,*,#1067,.F.);
#7022=CARTESIAN_POINT('',(295.942378153,-59.592566515,1.561697185));
#7023=DIRECTION('',(0.,0.,1.));
#7024=VECTOR('',#7023,3.);
#7025=LINE('',#7022,#7024);
#7026=EDGE_CURVE('',#4935,#1054,#7025,.T.);
#7027=ORIENTED_EDGE('',*,*,#7026,.F.);
#7028=EDGE_LOOP('',(#7014,#7020,#7021,#7027));
#7029=FACE_BOUND('',#7028,.T.);
#7030=ADVANCED_FACE('',(#7029),#7013,.T.);
#7031=CARTESIAN_POINT('',(288.142378153,-59.592566515,-45.438302815));
#7032=DIRECTION('',(0.,-1.,0.));
#7033=DIRECTION('',(0.,0.,-1.));
#7034=AXIS2_PLACEMENT_3D('',#7031,#7032,#7033);
#7035=PLANE('',#7034);
#7036=ORIENTED_EDGE('',*,*,#4950,.T.);
#7037=ORIENTED_EDGE('',*,*,#7026,.T.);
#7038=ORIENTED_EDGE('',*,*,#1059,.F.);
#7039=CARTESIAN_POINT('',(280.342378153,-59.592566515,1.561697185));
#7040=DIRECTION('',(0.,0.,1.));
#7041=VECTOR('',#7040,3.);
#7042=LINE('',#7039,#7041);
#7043=EDGE_CURVE('',#4945,#1052,#7042,.T.);
#7044=ORIENTED_EDGE('',*,*,#7043,.F.);
#7045=EDGE_LOOP('',(#7036,#7037,#7038,#7044));
#7046=FACE_BOUND('',#7045,.T.);
#7047=ADVANCED_FACE('',(#7046),#7035,.T.);
#7048=CARTESIAN_POINT('',(280.342378153,-67.392566515,-45.438302815));
#7049=DIRECTION('',(1.,0.,0.));
#7050=DIRECTION('',(0.,0.,-1.));
#7051=AXIS2_PLACEMENT_3D('',#7048,#7049,#7050);
#7052=PLANE('',#7051);
#7053=ORIENTED_EDGE('',*,*,#4958,.T.);
#7054=ORIENTED_EDGE('',*,*,#7043,.T.);
#7055=ORIENTED_EDGE('',*,*,#1081,.F.);
#7056=CARTESIAN_POINT('',(280.342378153,-75.192566515,1.561697185));
#7057=DIRECTION('',(0.,0.,1.));
#7058=VECTOR('',#7057,3.);
#7059=LINE('',#7056,#7058);
#7060=EDGE_CURVE('',#4953,#1070,#7059,.T.);
#7061=ORIENTED_EDGE('',*,*,#7060,.F.);
#7062=EDGE_LOOP('',(#7053,#7054,#7055,#7061));
#7063=FACE_BOUND('',#7062,.T.);
#7064=ADVANCED_FACE('',(#7063),#7052,.T.);
#7065=CARTESIAN_POINT('',(288.142378153,-75.192566515,-45.438302815));
#7066=DIRECTION('',(0.,-1.,0.));
#7067=DIRECTION('',(0.,0.,-1.));
#7068=AXIS2_PLACEMENT_3D('',#7065,#7066,#7067);
#7069=PLANE('',#7068);
#7070=ORIENTED_EDGE('',*,*,#7060,.T.);
#7071=ORIENTED_EDGE('',*,*,#1075,.T.);
#7072=ORIENTED_EDGE('',*,*,#7019,.F.);
#7073=ORIENTED_EDGE('',*,*,#4964,.F.);
#7074=EDGE_LOOP('',(#7070,#7071,#7072,#7073));
#7075=FACE_BOUND('',#7074,.T.);
#7076=ADVANCED_FACE('',(#7075),#7069,.F.);
#7077=CARTESIAN_POINT('',(274.352378153,-90.252566515,-45.438302815));
#7078=DIRECTION('',(-1.,0.,0.));
#7079=DIRECTION('',(0.,0.,1.));
#7080=AXIS2_PLACEMENT_3D('',#7077,#7078,#7079);
#7081=PLANE('',#7080);
#7082=ORIENTED_EDGE('',*,*,#4464,.T.);
#7083=CARTESIAN_POINT('',(274.352378153,-98.052566515,1.561697185));
#7084=DIRECTION('',(0.,0.,1.));
#7085=VECTOR('',#7084,3.);
#7086=LINE('',#7083,#7085);
#7087=EDGE_CURVE('',#4459,#1096,#7086,.T.);
#7088=ORIENTED_EDGE('',*,*,#7087,.T.);
#7089=ORIENTED_EDGE('',*,*,#1101,.F.);
#7090=CARTESIAN_POINT('',(274.352378153,-82.452566515,1.561697185));
#7091=DIRECTION('',(0.,0.,1.));
#7092=VECTOR('',#7091,3.);
#7093=LINE('',#7090,#7092);
#7094=EDGE_CURVE('',#4457,#1088,#7093,.T.);
#7095=ORIENTED_EDGE('',*,*,#7094,.F.);
#7096=EDGE_LOOP('',(#7082,#7088,#7089,#7095));
#7097=FACE_BOUND('',#7096,.T.);
#7098=ADVANCED_FACE('',(#7097),#7081,.T.);
#7099=CARTESIAN_POINT('',(266.552378153,-82.452566515,-45.438302815));
#7100=DIRECTION('',(0.,-1.,0.));
#7101=DIRECTION('',(0.,0.,-1.));
#7102=AXIS2_PLACEMENT_3D('',#7099,#7100,#7101);
#7103=PLANE('',#7102);
#7104=ORIENTED_EDGE('',*,*,#4472,.T.);
#7105=ORIENTED_EDGE('',*,*,#7094,.T.);
#7106=ORIENTED_EDGE('',*,*,#1093,.F.);
#7107=CARTESIAN_POINT('',(258.752378153,-82.452566515,1.561697185));
#7108=DIRECTION('',(0.,0.,1.));
#7109=VECTOR('',#7108,3.);
#7110=LINE('',#7107,#7109);
#7111=EDGE_CURVE('',#4467,#1086,#7110,.T.);
#7112=ORIENTED_EDGE('',*,*,#7111,.F.);
#7113=EDGE_LOOP('',(#7104,#7105,#7106,#7112));
#7114=FACE_BOUND('',#7113,.T.);
#7115=ADVANCED_FACE('',(#7114),#7103,.T.);
#7116=CARTESIAN_POINT('',(258.752378153,-83.752566515,-45.438302815));
#7117=DIRECTION('',(1.,0.,0.));
#7118=DIRECTION('',(0.,0.,-1.));
#7119=AXIS2_PLACEMENT_3D('',#7116,#7117,#7118);
#7120=PLANE('',#7119);
#7121=ORIENTED_EDGE('',*,*,#4480,.T.);
#7122=ORIENTED_EDGE('',*,*,#7111,.T.);
#7123=ORIENTED_EDGE('',*,*,#1115,.F.);
#7124=CARTESIAN_POINT('',(258.752378153,-98.052566515,1.561697185));
#7125=DIRECTION('',(0.,0.,1.));
#7126=VECTOR('',#7125,3.);
#7127=LINE('',#7124,#7126);
#7128=EDGE_CURVE('',#4475,#1104,#7127,.T.);
#7129=ORIENTED_EDGE('',*,*,#7128,.F.);
#7130=EDGE_LOOP('',(#7121,#7122,#7123,#7129));
#7131=FACE_BOUND('',#7130,.T.);
#7132=ADVANCED_FACE('',(#7131),#7120,.T.);
#7133=CARTESIAN_POINT('',(266.552378153,-98.052566515,-45.438302815));
#7134=DIRECTION('',(0.,-1.,0.));
#7135=DIRECTION('',(0.,0.,-1.));
#7136=AXIS2_PLACEMENT_3D('',#7133,#7134,#7135);
#7137=PLANE('',#7136);
#7138=ORIENTED_EDGE('',*,*,#7128,.T.);
#7139=ORIENTED_EDGE('',*,*,#1109,.T.);
#7140=ORIENTED_EDGE('',*,*,#7087,.F.);
#7141=ORIENTED_EDGE('',*,*,#4486,.F.);
#7142=EDGE_LOOP('',(#7138,#7139,#7140,#7141));
#7143=FACE_BOUND('',#7142,.T.);
#7144=ADVANCED_FACE('',(#7143),#7137,.F.);
#7145=CARTESIAN_POINT('',(288.322378153,-30.712566515,-45.438302815));
#7146=DIRECTION('',(-1.,0.,0.));
#7147=DIRECTION('',(0.,0.,1.));
#7148=AXIS2_PLACEMENT_3D('',#7145,#7146,#7147);
#7149=PLANE('',#7148);
#7150=ORIENTED_EDGE('',*,*,#4976,.T.);
#7151=CARTESIAN_POINT('',(288.322378153,-32.012566515,1.561697185));
#7152=DIRECTION('',(0.,0.,1.));
#7153=VECTOR('',#7152,3.);
#7154=LINE('',#7151,#7153);
#7155=EDGE_CURVE('',#4971,#1130,#7154,.T.);
#7156=ORIENTED_EDGE('',*,*,#7155,.T.);
#7157=ORIENTED_EDGE('',*,*,#1135,.F.);
#7158=CARTESIAN_POINT('',(288.322378153,-16.412566515,1.561697185));
#7159=DIRECTION('',(0.,0.,1.));
#7160=VECTOR('',#7159,3.);
#7161=LINE('',#7158,#7160);
#7162=EDGE_CURVE('',#4969,#1122,#7161,.T.);
#7163=ORIENTED_EDGE('',*,*,#7162,.F.);
#7164=EDGE_LOOP('',(#7150,#7156,#7157,#7163));
#7165=FACE_BOUND('',#7164,.T.);
#7166=ADVANCED_FACE('',(#7165),#7149,.T.);
#7167=CARTESIAN_POINT('',(280.522378153,-16.412566515,-45.438302815));
#7168=DIRECTION('',(0.,-1.,0.));
#7169=DIRECTION('',(0.,0.,-1.));
#7170=AXIS2_PLACEMENT_3D('',#7167,#7168,#7169);
#7171=PLANE('',#7170);
#7172=ORIENTED_EDGE('',*,*,#4984,.T.);
#7173=ORIENTED_EDGE('',*,*,#7162,.T.);
#7174=ORIENTED_EDGE('',*,*,#1127,.F.);
#7175=CARTESIAN_POINT('',(272.722378153,-16.412566515,1.561697185));
#7176=DIRECTION('',(0.,0.,1.));
#7177=VECTOR('',#7176,3.);
#7178=LINE('',#7175,#7177);
#7179=EDGE_CURVE('',#4979,#1120,#7178,.T.);
#7180=ORIENTED_EDGE('',*,*,#7179,.F.);
#7181=EDGE_LOOP('',(#7172,#7173,#7174,#7180));
#7182=FACE_BOUND('',#7181,.T.);
#7183=ADVANCED_FACE('',(#7182),#7171,.T.);
#7184=CARTESIAN_POINT('',(272.722378153,-24.212566515,-45.438302815));
#7185=DIRECTION('',(1.,0.,0.));
#7186=DIRECTION('',(0.,0.,-1.));
#7187=AXIS2_PLACEMENT_3D('',#7184,#7185,#7186);
#7188=PLANE('',#7187);
#7189=ORIENTED_EDGE('',*,*,#4992,.T.);
#7190=ORIENTED_EDGE('',*,*,#7179,.T.);
#7191=ORIENTED_EDGE('',*,*,#1149,.F.);
#7192=CARTESIAN_POINT('',(272.722378153,-32.012566515,1.561697185));
#7193=DIRECTION('',(0.,0.,1.));
#7194=VECTOR('',#7193,3.);
#7195=LINE('',#7192,#7194);
#7196=EDGE_CURVE('',#4987,#1138,#7195,.T.);
#7197=ORIENTED_EDGE('',*,*,#7196,.F.);
#7198=EDGE_LOOP('',(#7189,#7190,#7191,#7197));
#7199=FACE_BOUND('',#7198,.T.);
#7200=ADVANCED_FACE('',(#7199),#7188,.T.);
#7201=CARTESIAN_POINT('',(280.522378153,-32.012566515,-45.438302815));
#7202=DIRECTION('',(0.,1.,0.));
#7203=DIRECTION('',(0.,0.,1.));
#7204=AXIS2_PLACEMENT_3D('',#7201,#7202,#7203);
#7205=PLANE('',#7204);
#7206=ORIENTED_EDGE('',*,*,#4998,.T.);
#7207=ORIENTED_EDGE('',*,*,#7196,.T.);
#7208=ORIENTED_EDGE('',*,*,#1143,.F.);
#7209=ORIENTED_EDGE('',*,*,#7155,.F.);
#7210=EDGE_LOOP('',(#7206,#7207,#7208,#7209));
#7211=FACE_BOUND('',#7210,.T.);
#7212=ADVANCED_FACE('',(#7211),#7205,.T.);
#7213=CARTESIAN_POINT('',(72.422378153,-24.212566515,-45.438302815));
#7214=DIRECTION('',(-1.,0.,0.));
#7215=DIRECTION('',(0.,0.,1.));
#7216=AXIS2_PLACEMENT_3D('',#7213,#7214,#7215);
#7217=PLANE('',#7216);
#7218=ORIENTED_EDGE('',*,*,#4430,.T.);
#7219=CARTESIAN_POINT('',(72.422378153,-32.012566515,1.561697185));
#7220=DIRECTION('',(0.,0.,1.));
#7221=VECTOR('',#7220,3.);
#7222=LINE('',#7219,#7221);
#7223=EDGE_CURVE('',#4425,#1164,#7222,.T.);
#7224=ORIENTED_EDGE('',*,*,#7223,.T.);
#7225=ORIENTED_EDGE('',*,*,#1169,.F.);
#7226=CARTESIAN_POINT('',(72.422378153,-16.412566515,1.561697185));
#7227=DIRECTION('',(0.,0.,1.));
#7228=VECTOR('',#7227,3.);
#7229=LINE('',#7226,#7228);
#7230=EDGE_CURVE('',#4423,#1156,#7229,.T.);
#7231=ORIENTED_EDGE('',*,*,#7230,.F.);
#7232=EDGE_LOOP('',(#7218,#7224,#7225,#7231));
#7233=FACE_BOUND('',#7232,.T.);
#7234=ADVANCED_FACE('',(#7233),#7217,.T.);
#7235=CARTESIAN_POINT('',(64.622378153,-16.412566515,-45.438302815));
#7236=DIRECTION('',(0.,-1.,0.));
#7237=DIRECTION('',(0.,0.,-1.));
#7238=AXIS2_PLACEMENT_3D('',#7235,#7236,#7237);
#7239=PLANE('',#7238);
#7240=ORIENTED_EDGE('',*,*,#4438,.T.);
#7241=ORIENTED_EDGE('',*,*,#7230,.T.);
#7242=ORIENTED_EDGE('',*,*,#1161,.F.);
#7243=CARTESIAN_POINT('',(56.822378153,-16.412566515,1.561697185));
#7244=DIRECTION('',(0.,0.,1.));
#7245=VECTOR('',#7244,3.);
#7246=LINE('',#7243,#7245);
#7247=EDGE_CURVE('',#4433,#1154,#7246,.T.);
#7248=ORIENTED_EDGE('',*,*,#7247,.F.);
#7249=EDGE_LOOP('',(#7240,#7241,#7242,#7248));
#7250=FACE_BOUND('',#7249,.T.);
#7251=ADVANCED_FACE('',(#7250),#7239,.T.);
#7252=CARTESIAN_POINT('',(56.822378153,-17.712566515,-45.438302815));
#7253=DIRECTION('',(1.,0.,0.));
#7254=DIRECTION('',(0.,0.,-1.));
#7255=AXIS2_PLACEMENT_3D('',#7252,#7253,#7254);
#7256=PLANE('',#7255);
#7257=ORIENTED_EDGE('',*,*,#4446,.T.);
#7258=ORIENTED_EDGE('',*,*,#7247,.T.);
#7259=ORIENTED_EDGE('',*,*,#1183,.F.);
#7260=CARTESIAN_POINT('',(56.822378153,-32.012566515,1.561697185));
#7261=DIRECTION('',(0.,0.,1.));
#7262=VECTOR('',#7261,3.);
#7263=LINE('',#7260,#7262);
#7264=EDGE_CURVE('',#4441,#1172,#7263,.T.);
#7265=ORIENTED_EDGE('',*,*,#7264,.F.);
#7266=EDGE_LOOP('',(#7257,#7258,#7259,#7265));
#7267=FACE_BOUND('',#7266,.T.);
#7268=ADVANCED_FACE('',(#7267),#7256,.T.);
#7269=CARTESIAN_POINT('',(64.622378153,-32.012566515,-45.438302815));
#7270=DIRECTION('',(0.,-1.,0.));
#7271=DIRECTION('',(0.,0.,-1.));
#7272=AXIS2_PLACEMENT_3D('',#7269,#7270,#7271);
#7273=PLANE('',#7272);
#7274=ORIENTED_EDGE('',*,*,#7264,.T.);
#7275=ORIENTED_EDGE('',*,*,#1177,.T.);
#7276=ORIENTED_EDGE('',*,*,#7223,.F.);
#7277=ORIENTED_EDGE('',*,*,#4452,.F.);
#7278=EDGE_LOOP('',(#7274,#7275,#7276,#7277));
#7279=FACE_BOUND('',#7278,.T.);
#7280=ADVANCED_FACE('',(#7279),#7273,.F.);
#7281=CARTESIAN_POINT('',(357.537378153,-89.647566515,-45.438302815));
#7282=DIRECTION('',(-1.,0.,0.));
#7283=DIRECTION('',(0.,0.,1.));
#7284=AXIS2_PLACEMENT_3D('',#7281,#7282,#7283);
#7285=PLANE('',#7284);
#7286=ORIENTED_EDGE('',*,*,#5010,.T.);
#7287=CARTESIAN_POINT('',(357.537378153,-96.147566515,1.561697185));
#7288=DIRECTION('',(0.,0.,1.));
#7289=VECTOR('',#7288,3.);
#7290=LINE('',#7287,#7289);
#7291=EDGE_CURVE('',#5005,#1198,#7290,.T.);
#7292=ORIENTED_EDGE('',*,*,#7291,.T.);
#7293=ORIENTED_EDGE('',*,*,#1203,.F.);
#7294=CARTESIAN_POINT('',(357.537378153,-80.547566515,1.561697185));
#7295=DIRECTION('',(0.,0.,1.));
#7296=VECTOR('',#7295,3.);
#7297=LINE('',#7294,#7296);
#7298=EDGE_CURVE('',#5003,#1190,#7297,.T.);
#7299=ORIENTED_EDGE('',*,*,#7298,.F.);
#7300=EDGE_LOOP('',(#7286,#7292,#7293,#7299));
#7301=FACE_BOUND('',#7300,.T.);
#7302=ADVANCED_FACE('',(#7301),#7285,.T.);
#7303=CARTESIAN_POINT('',(349.737378153,-80.547566515,-45.438302815));
#7304=DIRECTION('',(0.,-1.,0.));
#7305=DIRECTION('',(0.,0.,-1.));
#7306=AXIS2_PLACEMENT_3D('',#7303,#7304,#7305);
#7307=PLANE('',#7306);
#7308=ORIENTED_EDGE('',*,*,#5018,.T.);
#7309=ORIENTED_EDGE('',*,*,#7298,.T.);
#7310=ORIENTED_EDGE('',*,*,#1195,.F.);
#7311=CARTESIAN_POINT('',(341.937378153,-80.547566515,1.561697185));
#7312=DIRECTION('',(0.,0.,1.));
#7313=VECTOR('',#7312,3.);
#7314=LINE('',#7311,#7313);
#7315=EDGE_CURVE('',#5013,#1188,#7314,.T.);
#7316=ORIENTED_EDGE('',*,*,#7315,.F.);
#7317=EDGE_LOOP('',(#7308,#7309,#7310,#7316));
#7318=FACE_BOUND('',#7317,.T.);
#7319=ADVANCED_FACE('',(#7318),#7307,.T.);
#7320=CARTESIAN_POINT('',(341.937378153,-81.847566515,-45.438302815));
#7321=DIRECTION('',(1.,0.,0.));
#7322=DIRECTION('',(0.,0.,-1.));
#7323=AXIS2_PLACEMENT_3D('',#7320,#7321,#7322);
#7324=PLANE('',#7323);
#7325=ORIENTED_EDGE('',*,*,#5026,.T.);
#7326=ORIENTED_EDGE('',*,*,#7315,.T.);
#7327=ORIENTED_EDGE('',*,*,#1217,.F.);
#7328=CARTESIAN_POINT('',(341.937378153,-96.147566515,1.561697185));
#7329=DIRECTION('',(0.,0.,1.));
#7330=VECTOR('',#7329,3.);
#7331=LINE('',#7328,#7330);
#7332=EDGE_CURVE('',#5021,#1206,#7331,.T.);
#7333=ORIENTED_EDGE('',*,*,#7332,.F.);
#7334=EDGE_LOOP('',(#7325,#7326,#7327,#7333));
#7335=FACE_BOUND('',#7334,.T.);
#7336=ADVANCED_FACE('',(#7335),#7324,.T.);
#7337=CARTESIAN_POINT('',(349.737378153,-96.147566515,-45.438302815));
#7338=DIRECTION('',(0.,-1.,0.));
#7339=DIRECTION('',(0.,0.,-1.));
#7340=AXIS2_PLACEMENT_3D('',#7337,#7338,#7339);
#7341=PLANE('',#7340);
#7342=ORIENTED_EDGE('',*,*,#7332,.T.);
#7343=ORIENTED_EDGE('',*,*,#1211,.T.);
#7344=ORIENTED_EDGE('',*,*,#7291,.F.);
#7345=ORIENTED_EDGE('',*,*,#5032,.F.);
#7346=EDGE_LOOP('',(#7342,#7343,#7344,#7345));
#7347=FACE_BOUND('',#7346,.T.);
#7348=ADVANCED_FACE('',(#7347),#7341,.F.);
#7349=CARTESIAN_POINT('',(295.942378153,-91.552566515,-45.438302815));
#7350=DIRECTION('',(1.,0.,0.));
#7351=DIRECTION('',(0.,0.,-1.));
#7352=AXIS2_PLACEMENT_3D('',#7349,#7350,#7351);
#7353=PLANE('',#7352);
#7354=CARTESIAN_POINT('',(295.942378153,-98.052566515,1.561697185));
#7355=DIRECTION('',(0.,0.,1.));
#7356=VECTOR('',#7355,3.);
#7357=LINE('',#7354,#7356);
#7358=EDGE_CURVE('',#4391,#610,#7357,.T.);
#7359=ORIENTED_EDGE('',*,*,#7358,.T.);
#7360=ORIENTED_EDGE('',*,*,#617,.T.);
#7361=CARTESIAN_POINT('',(295.942378153,-82.452566515,1.561697185));
#7362=DIRECTION('',(0.,0.,1.));
#7363=VECTOR('',#7362,3.);
#7364=LINE('',#7361,#7363);
#7365=EDGE_CURVE('',#4399,#612,#7364,.T.);
#7366=ORIENTED_EDGE('',*,*,#7365,.F.);
#7367=ORIENTED_EDGE('',*,*,#4404,.F.);
#7368=EDGE_LOOP('',(#7359,#7360,#7366,#7367));
#7369=FACE_BOUND('',#7368,.T.);
#7370=ADVANCED_FACE('',(#7369),#7353,.F.);
#7371=CARTESIAN_POINT('',(288.142378153,-82.452566515,-45.438302815));
#7372=DIRECTION('',(0.,1.,0.));
#7373=DIRECTION('',(0.,0.,1.));
#7374=AXIS2_PLACEMENT_3D('',#7371,#7372,#7373);
#7375=PLANE('',#7374);
#7376=ORIENTED_EDGE('',*,*,#7365,.T.);
#7377=ORIENTED_EDGE('',*,*,#639,.T.);
#7378=CARTESIAN_POINT('',(280.342378153,-82.452566515,1.561697185));
#7379=DIRECTION('',(0.,0.,1.));
#7380=VECTOR('',#7379,3.);
#7381=LINE('',#7378,#7380);
#7382=EDGE_CURVE('',#4407,#628,#7381,.T.);
#7383=ORIENTED_EDGE('',*,*,#7382,.F.);
#7384=ORIENTED_EDGE('',*,*,#4412,.F.);
#7385=EDGE_LOOP('',(#7376,#7377,#7383,#7384));
#7386=FACE_BOUND('',#7385,.T.);
#7387=ADVANCED_FACE('',(#7386),#7375,.F.);
#7388=CARTESIAN_POINT('',(280.342378153,-90.252566515,-45.438302815));
#7389=DIRECTION('',(-1.,0.,0.));
#7390=DIRECTION('',(0.,0.,1.));
#7391=AXIS2_PLACEMENT_3D('',#7388,#7389,#7390);
#7392=PLANE('',#7391);
#7393=ORIENTED_EDGE('',*,*,#7382,.T.);
#7394=ORIENTED_EDGE('',*,*,#633,.T.);
#7395=CARTESIAN_POINT('',(280.342378153,-98.052566515,1.561697185));
#7396=DIRECTION('',(0.,0.,1.));
#7397=VECTOR('',#7396,3.);
#7398=LINE('',#7395,#7397);
#7399=EDGE_CURVE('',#4389,#620,#7398,.T.);
#7400=ORIENTED_EDGE('',*,*,#7399,.F.);
#7401=ORIENTED_EDGE('',*,*,#4418,.F.);
#7402=EDGE_LOOP('',(#7393,#7394,#7400,#7401));
#7403=FACE_BOUND('',#7402,.T.);
#7404=ADVANCED_FACE('',(#7403),#7392,.F.);
#7405=CARTESIAN_POINT('',(288.142378153,-98.052566515,-45.438302815));
#7406=DIRECTION('',(0.,-1.,0.));
#7407=DIRECTION('',(0.,0.,-1.));
#7408=AXIS2_PLACEMENT_3D('',#7405,#7406,#7407);
#7409=PLANE('',#7408);
#7410=ORIENTED_EDGE('',*,*,#7399,.T.);
#7411=ORIENTED_EDGE('',*,*,#625,.T.);
#7412=ORIENTED_EDGE('',*,*,#7358,.F.);
#7413=ORIENTED_EDGE('',*,*,#4396,.F.);
#7414=EDGE_LOOP('',(#7410,#7411,#7412,#7413));
#7415=FACE_BOUND('',#7414,.T.);
#7416=ADVANCED_FACE('',(#7415),#7409,.F.);
#7417=CARTESIAN_POINT('',(175.112378153,-53.602566515,-45.438302815));
#7418=DIRECTION('',(0.,-1.,0.));
#7419=DIRECTION('',(0.,0.,-1.));
#7420=AXIS2_PLACEMENT_3D('',#7417,#7418,#7419);
#7421=PLANE('',#7420);
#7422=CARTESIAN_POINT('',(167.312378153,-53.602566515,1.561697185));
#7423=DIRECTION('',(0.,0.,1.));
#7424=VECTOR('',#7423,3.);
#7425=LINE('',#7422,#7424);
#7426=EDGE_CURVE('',#4357,#576,#7425,.T.);
#7427=ORIENTED_EDGE('',*,*,#7426,.T.);
#7428=ORIENTED_EDGE('',*,*,#583,.T.);
#7429=CARTESIAN_POINT('',(182.912378153,-53.602566515,1.561697185));
#7430=DIRECTION('',(0.,0.,1.));
#7431=VECTOR('',#7430,3.);
#7432=LINE('',#7429,#7431);
#7433=EDGE_CURVE('',#4365,#578,#7432,.T.);
#7434=ORIENTED_EDGE('',*,*,#7433,.F.);
#7435=ORIENTED_EDGE('',*,*,#4370,.F.);
#7436=EDGE_LOOP('',(#7427,#7428,#7434,#7435));
#7437=FACE_BOUND('',#7436,.T.);
#7438=ADVANCED_FACE('',(#7437),#7421,.F.);
#7439=CARTESIAN_POINT('',(182.912378153,-45.802566515,-45.438302815));
#7440=DIRECTION('',(1.,0.,0.));
#7441=DIRECTION('',(0.,0.,-1.));
#7442=AXIS2_PLACEMENT_3D('',#7439,#7440,#7441);
#7443=PLANE('',#7442);
#7444=ORIENTED_EDGE('',*,*,#7433,.T.);
#7445=ORIENTED_EDGE('',*,*,#605,.T.);
#7446=CARTESIAN_POINT('',(182.912378153,-38.002566515,1.561697185));
#7447=DIRECTION('',(0.,0.,1.));
#7448=VECTOR('',#7447,3.);
#7449=LINE('',#7446,#7448);
#7450=EDGE_CURVE('',#4373,#594,#7449,.T.);
#7451=ORIENTED_EDGE('',*,*,#7450,.F.);
#7452=ORIENTED_EDGE('',*,*,#4378,.F.);
#7453=EDGE_LOOP('',(#7444,#7445,#7451,#7452));
#7454=FACE_BOUND('',#7453,.T.);
#7455=ADVANCED_FACE('',(#7454),#7443,.F.);
#7456=CARTESIAN_POINT('',(175.112378153,-38.002566515,-45.438302815));
#7457=DIRECTION('',(0.,-1.,0.));
#7458=DIRECTION('',(0.,0.,-1.));
#7459=AXIS2_PLACEMENT_3D('',#7456,#7457,#7458);
#7460=PLANE('',#7459);
#7461=ORIENTED_EDGE('',*,*,#4384,.T.);
#7462=ORIENTED_EDGE('',*,*,#7450,.T.);
#7463=ORIENTED_EDGE('',*,*,#599,.F.);
#7464=CARTESIAN_POINT('',(167.312378153,-38.002566515,1.561697185));
#7465=DIRECTION('',(0.,0.,1.));
#7466=VECTOR('',#7465,3.);
#7467=LINE('',#7464,#7466);
#7468=EDGE_CURVE('',#4355,#586,#7467,.T.);
#7469=ORIENTED_EDGE('',*,*,#7468,.F.);
#7470=EDGE_LOOP('',(#7461,#7462,#7463,#7469));
#7471=FACE_BOUND('',#7470,.T.);
#7472=ADVANCED_FACE('',(#7471),#7460,.T.);
#7473=CARTESIAN_POINT('',(167.312378153,-44.502566515,-45.438302815));
#7474=DIRECTION('',(-1.,0.,0.));
#7475=DIRECTION('',(0.,0.,1.));
#7476=AXIS2_PLACEMENT_3D('',#7473,#7474,#7475);
#7477=PLANE('',#7476);
#7478=ORIENTED_EDGE('',*,*,#7468,.T.);
#7479=ORIENTED_EDGE('',*,*,#591,.T.);
#7480=ORIENTED_EDGE('',*,*,#7426,.F.);
#7481=ORIENTED_EDGE('',*,*,#4362,.F.);
#7482=EDGE_LOOP('',(#7478,#7479,#7480,#7481));
#7483=FACE_BOUND('',#7482,.T.);
#7484=ADVANCED_FACE('',(#7483),#7477,.F.);
#7485=CARTESIAN_POINT('',(158.782378153,-2.622566515,-45.438302815));
#7486=DIRECTION('',(-1.,0.,0.));
#7487=DIRECTION('',(0.,0.,1.));
#7488=AXIS2_PLACEMENT_3D('',#7485,#7486,#7487);
#7489=PLANE('',#7488);
#7490=ORIENTED_EDGE('',*,*,#4328,.T.);
#7491=CARTESIAN_POINT('',(158.782378153,-10.422566515,1.561697185));
#7492=DIRECTION('',(0.,0.,1.));
#7493=VECTOR('',#7492,3.);
#7494=LINE('',#7491,#7493);
#7495=EDGE_CURVE('',#4323,#1232,#7494,.T.);
#7496=ORIENTED_EDGE('',*,*,#7495,.T.);
#7497=ORIENTED_EDGE('',*,*,#1237,.F.);
#7498=CARTESIAN_POINT('',(158.782378153,5.177433485,1.561697185));
#7499=DIRECTION('',(0.,0.,1.));
#7500=VECTOR('',#7499,3.);
#7501=LINE('',#7498,#7500);
#7502=EDGE_CURVE('',#4321,#1224,#7501,.T.);
#7503=ORIENTED_EDGE('',*,*,#7502,.F.);
#7504=EDGE_LOOP('',(#7490,#7496,#7497,#7503));
#7505=FACE_BOUND('',#7504,.T.);
#7506=ADVANCED_FACE('',(#7505),#7489,.T.);
#7507=CARTESIAN_POINT('',(150.982378153,5.177433485,-45.438302815));
#7508=DIRECTION('',(0.,-1.,0.));
#7509=DIRECTION('',(0.,0.,-1.));
#7510=AXIS2_PLACEMENT_3D('',#7507,#7508,#7509);
#7511=PLANE('',#7510);
#7512=ORIENTED_EDGE('',*,*,#4336,.T.);
#7513=ORIENTED_EDGE('',*,*,#7502,.T.);
#7514=ORIENTED_EDGE('',*,*,#1229,.F.);
#7515=CARTESIAN_POINT('',(143.182378153,5.177433485,1.561697185));
#7516=DIRECTION('',(0.,0.,1.));
#7517=VECTOR('',#7516,3.);
#7518=LINE('',#7515,#7517);
#7519=EDGE_CURVE('',#4331,#1222,#7518,.T.);
#7520=ORIENTED_EDGE('',*,*,#7519,.F.);
#7521=EDGE_LOOP('',(#7512,#7513,#7514,#7520));
#7522=FACE_BOUND('',#7521,.T.);
#7523=ADVANCED_FACE('',(#7522),#7511,.T.);
#7524=CARTESIAN_POINT('',(143.182378153,3.877433485,-45.438302815));
#7525=DIRECTION('',(1.,0.,0.));
#7526=DIRECTION('',(0.,0.,-1.));
#7527=AXIS2_PLACEMENT_3D('',#7524,#7525,#7526);
#7528=PLANE('',#7527);
#7529=ORIENTED_EDGE('',*,*,#4344,.T.);
#7530=ORIENTED_EDGE('',*,*,#7519,.T.);
#7531=ORIENTED_EDGE('',*,*,#1251,.F.);
#7532=CARTESIAN_POINT('',(143.182378153,-10.422566515,1.561697185));
#7533=DIRECTION('',(0.,0.,1.));
#7534=VECTOR('',#7533,3.);
#7535=LINE('',#7532,#7534);
#7536=EDGE_CURVE('',#4339,#1240,#7535,.T.);
#7537=ORIENTED_EDGE('',*,*,#7536,.F.);
#7538=EDGE_LOOP('',(#7529,#7530,#7531,#7537));
#7539=FACE_BOUND('',#7538,.T.);
#7540=ADVANCED_FACE('',(#7539),#7528,.T.);
#7541=CARTESIAN_POINT('',(150.982378153,-10.422566515,-45.438302815));
#7542=DIRECTION('',(0.,-1.,0.));
#7543=DIRECTION('',(0.,0.,-1.));
#7544=AXIS2_PLACEMENT_3D('',#7541,#7542,#7543);
#7545=PLANE('',#7544);
#7546=ORIENTED_EDGE('',*,*,#7536,.T.);
#7547=ORIENTED_EDGE('',*,*,#1245,.T.);
#7548=ORIENTED_EDGE('',*,*,#7495,.F.);
#7549=ORIENTED_EDGE('',*,*,#4350,.F.);
#7550=EDGE_LOOP('',(#7546,#7547,#7548,#7549));
#7551=FACE_BOUND('',#7550,.T.);
#7552=ADVANCED_FACE('',(#7551),#7545,.F.);
#7553=CARTESIAN_POINT('',(143.542378153,-67.392566515,-45.438302815));
#7554=DIRECTION('',(-1.,0.,0.));
#7555=DIRECTION('',(0.,0.,1.));
#7556=AXIS2_PLACEMENT_3D('',#7553,#7554,#7555);
#7557=PLANE('',#7556);
#7558=ORIENTED_EDGE('',*,*,#5044,.T.);
#7559=CARTESIAN_POINT('',(143.542378153,-75.192566515,1.561697185));
#7560=DIRECTION('',(0.,0.,1.));
#7561=VECTOR('',#7560,3.);
#7562=LINE('',#7559,#7561);
#7563=EDGE_CURVE('',#5039,#1266,#7562,.T.);
#7564=ORIENTED_EDGE('',*,*,#7563,.T.);
#7565=ORIENTED_EDGE('',*,*,#1271,.F.);
#7566=CARTESIAN_POINT('',(143.542378153,-59.592566515,1.561697185));
#7567=DIRECTION('',(0.,0.,1.));
#7568=VECTOR('',#7567,3.);
#7569=LINE('',#7566,#7568);
#7570=EDGE_CURVE('',#5037,#1258,#7569,.T.);
#7571=ORIENTED_EDGE('',*,*,#7570,.F.);
#7572=EDGE_LOOP('',(#7558,#7564,#7565,#7571));
#7573=FACE_BOUND('',#7572,.T.);
#7574=ADVANCED_FACE('',(#7573),#7557,.T.);
#7575=CARTESIAN_POINT('',(135.742378153,-59.592566515,-45.438302815));
#7576=DIRECTION('',(0.,-1.,0.));
#7577=DIRECTION('',(0.,0.,-1.));
#7578=AXIS2_PLACEMENT_3D('',#7575,#7576,#7577);
#7579=PLANE('',#7578);
#7580=ORIENTED_EDGE('',*,*,#5052,.T.);
#7581=ORIENTED_EDGE('',*,*,#7570,.T.);
#7582=ORIENTED_EDGE('',*,*,#1263,.F.);
#7583=CARTESIAN_POINT('',(127.942378153,-59.592566515,1.561697185));
#7584=DIRECTION('',(0.,0.,1.));
#7585=VECTOR('',#7584,3.);
#7586=LINE('',#7583,#7585);
#7587=EDGE_CURVE('',#5047,#1256,#7586,.T.);
#7588=ORIENTED_EDGE('',*,*,#7587,.F.);
#7589=EDGE_LOOP('',(#7580,#7581,#7582,#7588));
#7590=FACE_BOUND('',#7589,.T.);
#7591=ADVANCED_FACE('',(#7590),#7579,.T.);
#7592=CARTESIAN_POINT('',(127.942378153,-67.392566515,-45.438302815));
#7593=DIRECTION('',(1.,0.,0.));
#7594=DIRECTION('',(0.,0.,-1.));
#7595=AXIS2_PLACEMENT_3D('',#7592,#7593,#7594);
#7596=PLANE('',#7595);
#7597=ORIENTED_EDGE('',*,*,#5060,.T.);
#7598=ORIENTED_EDGE('',*,*,#7587,.T.);
#7599=ORIENTED_EDGE('',*,*,#1285,.F.);
#7600=CARTESIAN_POINT('',(127.942378153,-75.192566515,1.561697185));
#7601=DIRECTION('',(0.,0.,1.));
#7602=VECTOR('',#7601,3.);
#7603=LINE('',#7600,#7602);
#7604=EDGE_CURVE('',#5055,#1274,#7603,.T.);
#7605=ORIENTED_EDGE('',*,*,#7604,.F.);
#7606=EDGE_LOOP('',(#7597,#7598,#7599,#7605));
#7607=FACE_BOUND('',#7606,.T.);
#7608=ADVANCED_FACE('',(#7607),#7596,.T.);
#7609=CARTESIAN_POINT('',(135.742378153,-75.192566515,-45.438302815));
#7610=DIRECTION('',(0.,-1.,0.));
#7611=DIRECTION('',(0.,0.,-1.));
#7612=AXIS2_PLACEMENT_3D('',#7609,#7610,#7611);
#7613=PLANE('',#7612);
#7614=ORIENTED_EDGE('',*,*,#7604,.T.);
#7615=ORIENTED_EDGE('',*,*,#1279,.T.);
#7616=ORIENTED_EDGE('',*,*,#7563,.F.);
#7617=ORIENTED_EDGE('',*,*,#5066,.F.);
#7618=EDGE_LOOP('',(#7614,#7615,#7616,#7617));
#7619=FACE_BOUND('',#7618,.T.);
#7620=ADVANCED_FACE('',(#7619),#7613,.F.);
#7621=CARTESIAN_POINT('',(131.932378153,-53.602566515,-45.438302815));
#7622=DIRECTION('',(0.,-1.,0.));
#7623=DIRECTION('',(0.,0.,-1.));
#7624=AXIS2_PLACEMENT_3D('',#7621,#7622,#7623);
#7625=PLANE('',#7624);
#7626=CARTESIAN_POINT('',(124.132378153,-53.602566515,1.561697185));
#7627=DIRECTION('',(0.,0.,1.));
#7628=VECTOR('',#7627,3.);
#7629=LINE('',#7626,#7628);
#7630=EDGE_CURVE('',#4287,#542,#7629,.T.);
#7631=ORIENTED_EDGE('',*,*,#7630,.T.);
#7632=ORIENTED_EDGE('',*,*,#549,.T.);
#7633=CARTESIAN_POINT('',(139.732378153,-53.602566515,1.561697185));
#7634=DIRECTION('',(0.,0.,1.));
#7635=VECTOR('',#7634,3.);
#7636=LINE('',#7633,#7635);
#7637=EDGE_CURVE('',#4297,#544,#7636,.T.);
#7638=ORIENTED_EDGE('',*,*,#7637,.F.);
#7639=ORIENTED_EDGE('',*,*,#4302,.F.);
#7640=EDGE_LOOP('',(#7631,#7632,#7638,#7639));
#7641=FACE_BOUND('',#7640,.T.);
#7642=ADVANCED_FACE('',(#7641),#7625,.F.);
#7643=CARTESIAN_POINT('',(139.732378153,-45.802566515,-45.438302815));
#7644=DIRECTION('',(1.,0.,0.));
#7645=DIRECTION('',(0.,0.,-1.));
#7646=AXIS2_PLACEMENT_3D('',#7643,#7644,#7645);
#7647=PLANE('',#7646);
#7648=ORIENTED_EDGE('',*,*,#7637,.T.);
#7649=ORIENTED_EDGE('',*,*,#571,.T.);
#7650=CARTESIAN_POINT('',(139.732378153,-38.002566515,1.561697185));
#7651=DIRECTION('',(0.,0.,1.));
#7652=VECTOR('',#7651,3.);
#7653=LINE('',#7650,#7652);
#7654=EDGE_CURVE('',#4305,#560,#7653,.T.);
#7655=ORIENTED_EDGE('',*,*,#7654,.F.);
#7656=ORIENTED_EDGE('',*,*,#4310,.F.);
#7657=EDGE_LOOP('',(#7648,#7649,#7655,#7656));
#7658=FACE_BOUND('',#7657,.T.);
#7659=ADVANCED_FACE('',(#7658),#7647,.F.);
#7660=CARTESIAN_POINT('',(131.932378153,-38.002566515,-45.438302815));
#7661=DIRECTION('',(0.,1.,0.));
#7662=DIRECTION('',(0.,0.,1.));
#7663=AXIS2_PLACEMENT_3D('',#7660,#7661,#7662);
#7664=PLANE('',#7663);
#7665=ORIENTED_EDGE('',*,*,#7654,.T.);
#7666=ORIENTED_EDGE('',*,*,#565,.T.);
#7667=CARTESIAN_POINT('',(124.132378153,-38.002566515,1.561697185));
#7668=DIRECTION('',(0.,0.,1.));
#7669=VECTOR('',#7668,3.);
#7670=LINE('',#7667,#7669);
#7671=EDGE_CURVE('',#4289,#552,#7670,.T.);
#7672=ORIENTED_EDGE('',*,*,#7671,.F.);
#7673=ORIENTED_EDGE('',*,*,#4316,.F.);
#7674=EDGE_LOOP('',(#7665,#7666,#7672,#7673));
#7675=FACE_BOUND('',#7674,.T.);
#7676=ADVANCED_FACE('',(#7675),#7664,.F.);
#7677=CARTESIAN_POINT('',(124.132378153,-39.302566515,-45.438302815));
#7678=DIRECTION('',(1.,0.,0.));
#7679=DIRECTION('',(0.,0.,-1.));
#7680=AXIS2_PLACEMENT_3D('',#7677,#7678,#7679);
#7681=PLANE('',#7680);
#7682=ORIENTED_EDGE('',*,*,#4294,.T.);
#7683=ORIENTED_EDGE('',*,*,#7671,.T.);
#7684=ORIENTED_EDGE('',*,*,#557,.F.);
#7685=ORIENTED_EDGE('',*,*,#7630,.F.);
#7686=EDGE_LOOP('',(#7682,#7683,#7684,#7685));
#7687=FACE_BOUND('',#7686,.T.);
#7688=ADVANCED_FACE('',(#7687),#7681,.T.);
#7689=CARTESIAN_POINT('',(342.052378153,-35.532566515,-45.438302815));
#7690=DIRECTION('',(0.,-1.,0.));
#7691=DIRECTION('',(0.,0.,-1.));
#7692=AXIS2_PLACEMENT_3D('',#7689,#7690,#7691);
#7693=PLANE('',#7692);
#7694=CARTESIAN_POINT('',(339.552378153,-35.532566515,1.561697185));
#7695=DIRECTION('',(0.,0.,1.));
#7696=VECTOR('',#7695,3.);
#7697=LINE('',#7694,#7696);
#7698=EDGE_CURVE('',#4255,#508,#7697,.T.);
#7699=ORIENTED_EDGE('',*,*,#7698,.T.);
#7700=ORIENTED_EDGE('',*,*,#515,.T.);
#7701=CARTESIAN_POINT('',(344.552378153,-35.532566515,1.561697185));
#7702=DIRECTION('',(0.,0.,1.));
#7703=VECTOR('',#7702,3.);
#7704=LINE('',#7701,#7703);
#7705=EDGE_CURVE('',#4263,#510,#7704,.T.);
#7706=ORIENTED_EDGE('',*,*,#7705,.F.);
#7707=ORIENTED_EDGE('',*,*,#4268,.F.);
#7708=EDGE_LOOP('',(#7699,#7700,#7706,#7707));
#7709=FACE_BOUND('',#7708,.T.);
#7710=ADVANCED_FACE('',(#7709),#7693,.F.);
#7711=CARTESIAN_POINT('',(344.552378153,-25.032566515,-45.438302815));
#7712=DIRECTION('',(1.,0.,0.));
#7713=DIRECTION('',(0.,0.,-1.));
#7714=AXIS2_PLACEMENT_3D('',#7711,#7712,#7713);
#7715=PLANE('',#7714);
#7716=ORIENTED_EDGE('',*,*,#7705,.T.);
#7717=ORIENTED_EDGE('',*,*,#537,.T.);
#7718=CARTESIAN_POINT('',(344.552378153,-14.532566515,1.561697185));
#7719=DIRECTION('',(0.,0.,1.));
#7720=VECTOR('',#7719,3.);
#7721=LINE('',#7718,#7720);
#7722=EDGE_CURVE('',#4271,#526,#7721,.T.);
#7723=ORIENTED_EDGE('',*,*,#7722,.F.);
#7724=ORIENTED_EDGE('',*,*,#4276,.F.);
#7725=EDGE_LOOP('',(#7716,#7717,#7723,#7724));
#7726=FACE_BOUND('',#7725,.T.);
#7727=ADVANCED_FACE('',(#7726),#7715,.F.);
#7728=CARTESIAN_POINT('',(342.052378153,-14.532566515,-45.438302815));
#7729=DIRECTION('',(0.,1.,0.));
#7730=DIRECTION('',(0.,0.,1.));
#7731=AXIS2_PLACEMENT_3D('',#7728,#7729,#7730);
#7732=PLANE('',#7731);
#7733=ORIENTED_EDGE('',*,*,#7722,.T.);
#7734=ORIENTED_EDGE('',*,*,#531,.T.);
#7735=CARTESIAN_POINT('',(339.552378153,-14.532566515,1.561697185));
#7736=DIRECTION('',(0.,0.,1.));
#7737=VECTOR('',#7736,3.);
#7738=LINE('',#7735,#7737);
#7739=EDGE_CURVE('',#4253,#518,#7738,.T.);
#7740=ORIENTED_EDGE('',*,*,#7739,.F.);
#7741=ORIENTED_EDGE('',*,*,#4282,.F.);
#7742=EDGE_LOOP('',(#7733,#7734,#7740,#7741));
#7743=FACE_BOUND('',#7742,.T.);
#7744=ADVANCED_FACE('',(#7743),#7732,.F.);
#7745=CARTESIAN_POINT('',(339.552378153,-25.032566515,-45.438302815));
#7746=DIRECTION('',(-1.,0.,0.));
#7747=DIRECTION('',(0.,0.,1.));
#7748=AXIS2_PLACEMENT_3D('',#7745,#7746,#7747);
#7749=PLANE('',#7748);
#7750=ORIENTED_EDGE('',*,*,#7739,.T.);
#7751=ORIENTED_EDGE('',*,*,#523,.T.);
#7752=ORIENTED_EDGE('',*,*,#7698,.F.);
#7753=ORIENTED_EDGE('',*,*,#4260,.F.);
#7754=EDGE_LOOP('',(#7750,#7751,#7752,#7753));
#7755=FACE_BOUND('',#7754,.T.);
#7756=ADVANCED_FACE('',(#7755),#7749,.F.);
#7757=CARTESIAN_POINT('',(231.172378153,-90.252566515,-45.438302815));
#7758=DIRECTION('',(1.,0.,0.));
#7759=DIRECTION('',(0.,0.,-1.));
#7760=AXIS2_PLACEMENT_3D('',#7757,#7758,#7759);
#7761=PLANE('',#7760);
#7762=CARTESIAN_POINT('',(231.172378153,-98.052566515,1.561697185));
#7763=DIRECTION('',(0.,0.,1.));
#7764=VECTOR('',#7763,3.);
#7765=LINE('',#7762,#7764);
#7766=EDGE_CURVE('',#4221,#474,#7765,.T.);
#7767=ORIENTED_EDGE('',*,*,#7766,.T.);
#7768=ORIENTED_EDGE('',*,*,#481,.T.);
#7769=CARTESIAN_POINT('',(231.172378153,-82.452566515,1.561697185));
#7770=DIRECTION('',(0.,0.,1.));
#7771=VECTOR('',#7770,3.);
#7772=LINE('',#7769,#7771);
#7773=EDGE_CURVE('',#4229,#476,#7772,.T.);
#7774=ORIENTED_EDGE('',*,*,#7773,.F.);
#7775=ORIENTED_EDGE('',*,*,#4234,.F.);
#7776=EDGE_LOOP('',(#7767,#7768,#7774,#7775));
#7777=FACE_BOUND('',#7776,.T.);
#7778=ADVANCED_FACE('',(#7777),#7761,.F.);
#7779=CARTESIAN_POINT('',(223.372378153,-82.452566515,-45.438302815));
#7780=DIRECTION('',(0.,1.,0.));
#7781=DIRECTION('',(0.,0.,1.));
#7782=AXIS2_PLACEMENT_3D('',#7779,#7780,#7781);
#7783=PLANE('',#7782);
#7784=ORIENTED_EDGE('',*,*,#7773,.T.);
#7785=ORIENTED_EDGE('',*,*,#503,.T.);
#7786=CARTESIAN_POINT('',(215.572378153,-82.452566515,1.561697185));
#7787=DIRECTION('',(0.,0.,1.));
#7788=VECTOR('',#7787,3.);
#7789=LINE('',#7786,#7788);
#7790=EDGE_CURVE('',#4237,#492,#7789,.T.);
#7791=ORIENTED_EDGE('',*,*,#7790,.F.);
#7792=ORIENTED_EDGE('',*,*,#4242,.F.);
#7793=EDGE_LOOP('',(#7784,#7785,#7791,#7792));
#7794=FACE_BOUND('',#7793,.T.);
#7795=ADVANCED_FACE('',(#7794),#7783,.F.);
#7796=CARTESIAN_POINT('',(215.572378153,-83.752566515,-45.438302815));
#7797=DIRECTION('',(1.,0.,0.));
#7798=DIRECTION('',(0.,0.,-1.));
#7799=AXIS2_PLACEMENT_3D('',#7796,#7797,#7798);
#7800=PLANE('',#7799);
#7801=ORIENTED_EDGE('',*,*,#4248,.T.);
#7802=ORIENTED_EDGE('',*,*,#7790,.T.);
#7803=ORIENTED_EDGE('',*,*,#497,.F.);
#7804=CARTESIAN_POINT('',(215.572378153,-98.052566515,1.561697185));
#7805=DIRECTION('',(0.,0.,1.));
#7806=VECTOR('',#7805,3.);
#7807=LINE('',#7804,#7806);
#7808=EDGE_CURVE('',#4219,#484,#7807,.T.);
#7809=ORIENTED_EDGE('',*,*,#7808,.F.);
#7810=EDGE_LOOP('',(#7801,#7802,#7803,#7809));
#7811=FACE_BOUND('',#7810,.T.);
#7812=ADVANCED_FACE('',(#7811),#7800,.T.);
#7813=CARTESIAN_POINT('',(223.372378153,-98.052566515,-45.438302815));
#7814=DIRECTION('',(0.,-1.,0.));
#7815=DIRECTION('',(0.,0.,-1.));
#7816=AXIS2_PLACEMENT_3D('',#7813,#7814,#7815);
#7817=PLANE('',#7816);
#7818=ORIENTED_EDGE('',*,*,#7808,.T.);
#7819=ORIENTED_EDGE('',*,*,#489,.T.);
#7820=ORIENTED_EDGE('',*,*,#7766,.F.);
#7821=ORIENTED_EDGE('',*,*,#4226,.F.);
#7822=EDGE_LOOP('',(#7818,#7819,#7820,#7821));
#7823=FACE_BOUND('',#7822,.T.);
#7824=ADVANCED_FACE('',(#7823),#7817,.F.);
#7825=CARTESIAN_POINT('',(306.102378153,-2.622566515,-45.438302815));
#7826=DIRECTION('',(-1.,0.,0.));
#7827=DIRECTION('',(0.,0.,1.));
#7828=AXIS2_PLACEMENT_3D('',#7825,#7826,#7827);
#7829=PLANE('',#7828);
#7830=ORIENTED_EDGE('',*,*,#4192,.T.);
#7831=CARTESIAN_POINT('',(306.102378153,-10.422566515,1.561697185));
#7832=DIRECTION('',(0.,0.,1.));
#7833=VECTOR('',#7832,3.);
#7834=LINE('',#7831,#7833);
#7835=EDGE_CURVE('',#4187,#1300,#7834,.T.);
#7836=ORIENTED_EDGE('',*,*,#7835,.T.);
#7837=ORIENTED_EDGE('',*,*,#1305,.F.);
#7838=CARTESIAN_POINT('',(306.102378153,5.177433485,1.561697185));
#7839=DIRECTION('',(0.,0.,1.));
#7840=VECTOR('',#7839,3.);
#7841=LINE('',#7838,#7840);
#7842=EDGE_CURVE('',#4185,#1292,#7841,.T.);
#7843=ORIENTED_EDGE('',*,*,#7842,.F.);
#7844=EDGE_LOOP('',(#7830,#7836,#7837,#7843));
#7845=FACE_BOUND('',#7844,.T.);
#7846=ADVANCED_FACE('',(#7845),#7829,.T.);
#7847=CARTESIAN_POINT('',(298.302378153,5.177433485,-45.438302815));
#7848=DIRECTION('',(0.,-1.,0.));
#7849=DIRECTION('',(0.,0.,-1.));
#7850=AXIS2_PLACEMENT_3D('',#7847,#7848,#7849);
#7851=PLANE('',#7850);
#7852=ORIENTED_EDGE('',*,*,#4200,.T.);
#7853=ORIENTED_EDGE('',*,*,#7842,.T.);
#7854=ORIENTED_EDGE('',*,*,#1297,.F.);
#7855=CARTESIAN_POINT('',(290.502378153,5.177433485,1.561697185));
#7856=DIRECTION('',(0.,0.,1.));
#7857=VECTOR('',#7856,3.);
#7858=LINE('',#7855,#7857);
#7859=EDGE_CURVE('',#4195,#1290,#7858,.T.);
#7860=ORIENTED_EDGE('',*,*,#7859,.F.);
#7861=EDGE_LOOP('',(#7852,#7853,#7854,#7860));
#7862=FACE_BOUND('',#7861,.T.);
#7863=ADVANCED_FACE('',(#7862),#7851,.T.);
#7864=CARTESIAN_POINT('',(290.502378153,3.877433485,-45.438302815));
#7865=DIRECTION('',(1.,0.,0.));
#7866=DIRECTION('',(0.,0.,-1.));
#7867=AXIS2_PLACEMENT_3D('',#7864,#7865,#7866);
#7868=PLANE('',#7867);
#7869=ORIENTED_EDGE('',*,*,#4208,.T.);
#7870=ORIENTED_EDGE('',*,*,#7859,.T.);
#7871=ORIENTED_EDGE('',*,*,#1319,.F.);
#7872=CARTESIAN_POINT('',(290.502378153,-10.422566515,1.561697185));
#7873=DIRECTION('',(0.,0.,1.));
#7874=VECTOR('',#7873,3.);
#7875=LINE('',#7872,#7874);
#7876=EDGE_CURVE('',#4203,#1308,#7875,.T.);
#7877=ORIENTED_EDGE('',*,*,#7876,.F.);
#7878=EDGE_LOOP('',(#7869,#7870,#7871,#7877));
#7879=FACE_BOUND('',#7878,.T.);
#7880=ADVANCED_FACE('',(#7879),#7868,.T.);
#7881=CARTESIAN_POINT('',(298.302378153,-10.422566515,-45.438302815));
#7882=DIRECTION('',(0.,1.,0.));
#7883=DIRECTION('',(0.,0.,1.));
#7884=AXIS2_PLACEMENT_3D('',#7881,#7882,#7883);
#7885=PLANE('',#7884);
#7886=ORIENTED_EDGE('',*,*,#4214,.T.);
#7887=ORIENTED_EDGE('',*,*,#7876,.T.);
#7888=ORIENTED_EDGE('',*,*,#1313,.F.);
#7889=ORIENTED_EDGE('',*,*,#7835,.F.);
#7890=EDGE_LOOP('',(#7886,#7887,#7888,#7889));
#7891=FACE_BOUND('',#7890,.T.);
#7892=ADVANCED_FACE('',(#7891),#7885,.T.);
#7893=CARTESIAN_POINT('',(356.722378153,-53.602566515,-45.438302815));
#7894=DIRECTION('',(0.,-1.,0.));
#7895=DIRECTION('',(0.,0.,-1.));
#7896=AXIS2_PLACEMENT_3D('',#7893,#7894,#7895);
#7897=PLANE('',#7896);
#7898=CARTESIAN_POINT('',(348.922378153,-53.602566515,1.561697185));
#7899=DIRECTION('',(0.,0.,1.));
#7900=VECTOR('',#7899,3.);
#7901=LINE('',#7898,#7900);
#7902=EDGE_CURVE('',#5073,#440,#7901,.T.);
#7903=ORIENTED_EDGE('',*,*,#7902,.T.);
#7904=ORIENTED_EDGE('',*,*,#447,.T.);
#7905=CARTESIAN_POINT('',(364.522378153,-53.602566515,1.561697185));
#7906=DIRECTION('',(0.,0.,1.));
#7907=VECTOR('',#7906,3.);
#7908=LINE('',#7905,#7907);
#7909=EDGE_CURVE('',#5081,#442,#7908,.T.);
#7910=ORIENTED_EDGE('',*,*,#7909,.F.);
#7911=ORIENTED_EDGE('',*,*,#5086,.F.);
#7912=EDGE_LOOP('',(#7903,#7904,#7910,#7911));
#7913=FACE_BOUND('',#7912,.T.);
#7914=ADVANCED_FACE('',(#7913),#7897,.F.);
#7915=CARTESIAN_POINT('',(364.522378153,-45.802566515,-45.438302815));
#7916=DIRECTION('',(1.,0.,0.));
#7917=DIRECTION('',(0.,0.,-1.));
#7918=AXIS2_PLACEMENT_3D('',#7915,#7916,#7917);
#7919=PLANE('',#7918);
#7920=ORIENTED_EDGE('',*,*,#7909,.T.);
#7921=ORIENTED_EDGE('',*,*,#469,.T.);
#7922=CARTESIAN_POINT('',(364.522378153,-38.002566515,1.561697185));
#7923=DIRECTION('',(0.,0.,1.));
#7924=VECTOR('',#7923,3.);
#7925=LINE('',#7922,#7924);
#7926=EDGE_CURVE('',#5089,#458,#7925,.T.);
#7927=ORIENTED_EDGE('',*,*,#7926,.F.);
#7928=ORIENTED_EDGE('',*,*,#5094,.F.);
#7929=EDGE_LOOP('',(#7920,#7921,#7927,#7928));
#7930=FACE_BOUND('',#7929,.T.);
#7931=ADVANCED_FACE('',(#7930),#7919,.F.);
#7932=CARTESIAN_POINT('',(356.722378153,-38.002566515,-45.438302815));
#7933=DIRECTION('',(0.,-1.,0.));
#7934=DIRECTION('',(0.,0.,-1.));
#7935=AXIS2_PLACEMENT_3D('',#7932,#7933,#7934);
#7936=PLANE('',#7935);
#7937=ORIENTED_EDGE('',*,*,#5100,.T.);
#7938=ORIENTED_EDGE('',*,*,#7926,.T.);
#7939=ORIENTED_EDGE('',*,*,#463,.F.);
#7940=CARTESIAN_POINT('',(348.922378153,-38.002566515,1.561697185));
#7941=DIRECTION('',(0.,0.,1.));
#7942=VECTOR('',#7941,3.);
#7943=LINE('',#7940,#7942);
#7944=EDGE_CURVE('',#5071,#450,#7943,.T.);
#7945=ORIENTED_EDGE('',*,*,#7944,.F.);
#7946=EDGE_LOOP('',(#7937,#7938,#7939,#7945));
#7947=FACE_BOUND('',#7946,.T.);
#7948=ADVANCED_FACE('',(#7947),#7936,.T.);
#7949=CARTESIAN_POINT('',(348.922378153,-44.502566515,-45.438302815));
#7950=DIRECTION('',(-1.,0.,0.));
#7951=DIRECTION('',(0.,0.,1.));
#7952=AXIS2_PLACEMENT_3D('',#7949,#7950,#7951);
#7953=PLANE('',#7952);
#7954=ORIENTED_EDGE('',*,*,#7944,.T.);
#7955=ORIENTED_EDGE('',*,*,#455,.T.);
#7956=ORIENTED_EDGE('',*,*,#7902,.F.);
#7957=ORIENTED_EDGE('',*,*,#5078,.F.);
#7958=EDGE_LOOP('',(#7954,#7955,#7956,#7957));
#7959=FACE_BOUND('',#7958,.T.);
#7960=ADVANCED_FACE('',(#7959),#7953,.F.);
#7961=CARTESIAN_POINT('',(158.782378153,-30.712566515,-45.438302815));
#7962=DIRECTION('',(-1.,0.,0.));
#7963=DIRECTION('',(0.,0.,1.));
#7964=AXIS2_PLACEMENT_3D('',#7961,#7962,#7963);
#7965=PLANE('',#7964);
#7966=ORIENTED_EDGE('',*,*,#5112,.T.);
#7967=CARTESIAN_POINT('',(158.782378153,-32.012566515,1.561697185));
#7968=DIRECTION('',(0.,0.,1.));
#7969=VECTOR('',#7968,3.);
#7970=LINE('',#7967,#7969);
#7971=EDGE_CURVE('',#5107,#1334,#7970,.T.);
#7972=ORIENTED_EDGE('',*,*,#7971,.T.);
#7973=ORIENTED_EDGE('',*,*,#1339,.F.);
#7974=CARTESIAN_POINT('',(158.782378153,-16.412566515,1.561697185));
#7975=DIRECTION('',(0.,0.,1.));
#7976=VECTOR('',#7975,3.);
#7977=LINE('',#7974,#7976);
#7978=EDGE_CURVE('',#5105,#1326,#7977,.T.);
#7979=ORIENTED_EDGE('',*,*,#7978,.F.);
#7980=EDGE_LOOP('',(#7966,#7972,#7973,#7979));
#7981=FACE_BOUND('',#7980,.T.);
#7982=ADVANCED_FACE('',(#7981),#7965,.T.);
#7983=CARTESIAN_POINT('',(150.982378153,-16.412566515,-45.438302815));
#7984=DIRECTION('',(0.,-1.,0.));
#7985=DIRECTION('',(0.,0.,-1.));
#7986=AXIS2_PLACEMENT_3D('',#7983,#7984,#7985);
#7987=PLANE('',#7986);
#7988=ORIENTED_EDGE('',*,*,#5120,.T.);
#7989=ORIENTED_EDGE('',*,*,#7978,.T.);
#7990=ORIENTED_EDGE('',*,*,#1331,.F.);
#7991=CARTESIAN_POINT('',(143.182378153,-16.412566515,1.561697185));
#7992=DIRECTION('',(0.,0.,1.));
#7993=VECTOR('',#7992,3.);
#7994=LINE('',#7991,#7993);
#7995=EDGE_CURVE('',#5115,#1324,#7994,.T.);
#7996=ORIENTED_EDGE('',*,*,#7995,.F.);
#7997=EDGE_LOOP('',(#7988,#7989,#7990,#7996));
#7998=FACE_BOUND('',#7997,.T.);
#7999=ADVANCED_FACE('',(#7998),#7987,.T.);
#8000=CARTESIAN_POINT('',(143.182378153,-24.212566515,-45.438302815));
#8001=DIRECTION('',(-1.,0.,0.));
#8002=DIRECTION('',(0.,0.,1.));
#8003=AXIS2_PLACEMENT_3D('',#8000,#8001,#8002);
#8004=PLANE('',#8003);
#8005=ORIENTED_EDGE('',*,*,#7995,.T.);
#8006=ORIENTED_EDGE('',*,*,#1353,.T.);
#8007=CARTESIAN_POINT('',(143.182378153,-32.012566515,1.561697185));
#8008=DIRECTION('',(0.,0.,1.));
#8009=VECTOR('',#8008,3.);
#8010=LINE('',#8007,#8009);
#8011=EDGE_CURVE('',#5123,#1342,#8010,.T.);
#8012=ORIENTED_EDGE('',*,*,#8011,.F.);
#8013=ORIENTED_EDGE('',*,*,#5128,.F.);
#8014=EDGE_LOOP('',(#8005,#8006,#8012,#8013));
#8015=FACE_BOUND('',#8014,.T.);
#8016=ADVANCED_FACE('',(#8015),#8004,.F.);
#8017=CARTESIAN_POINT('',(150.982378153,-32.012566515,-45.438302815));
#8018=DIRECTION('',(0.,-1.,0.));
#8019=DIRECTION('',(0.,0.,-1.));
#8020=AXIS2_PLACEMENT_3D('',#8017,#8018,#8019);
#8021=PLANE('',#8020);
#8022=ORIENTED_EDGE('',*,*,#8011,.T.);
#8023=ORIENTED_EDGE('',*,*,#1347,.T.);
#8024=ORIENTED_EDGE('',*,*,#7971,.F.);
#8025=ORIENTED_EDGE('',*,*,#5134,.F.);
#8026=EDGE_LOOP('',(#8022,#8023,#8024,#8025));
#8027=FACE_BOUND('',#8026,.T.);
#8028=ADVANCED_FACE('',(#8027),#8021,.F.);
#8029=CARTESIAN_POINT('',(76.232378153,-73.892566515,-45.438302815));
#8030=DIRECTION('',(-1.,0.,0.));
#8031=DIRECTION('',(0.,0.,1.));
#8032=AXIS2_PLACEMENT_3D('',#8029,#8030,#8031);
#8033=PLANE('',#8032);
#8034=ORIENTED_EDGE('',*,*,#4158,.T.);
#8035=CARTESIAN_POINT('',(76.232378153,-75.192566515,1.561697185));
#8036=DIRECTION('',(0.,0.,1.));
#8037=VECTOR('',#8036,3.);
#8038=LINE('',#8035,#8037);
#8039=EDGE_CURVE('',#4153,#1368,#8038,.T.);
#8040=ORIENTED_EDGE('',*,*,#8039,.T.);
#8041=ORIENTED_EDGE('',*,*,#1373,.F.);
#8042=CARTESIAN_POINT('',(76.232378153,-59.592566515,1.561697185));
#8043=DIRECTION('',(0.,0.,1.));
#8044=VECTOR('',#8043,3.);
#8045=LINE('',#8042,#8044);
#8046=EDGE_CURVE('',#4151,#1360,#8045,.T.);
#8047=ORIENTED_EDGE('',*,*,#8046,.F.);
#8048=EDGE_LOOP('',(#8034,#8040,#8041,#8047));
#8049=FACE_BOUND('',#8048,.T.);
#8050=ADVANCED_FACE('',(#8049),#8033,.T.);
#8051=CARTESIAN_POINT('',(68.432378153,-59.592566515,-45.438302815));
#8052=DIRECTION('',(0.,-1.,0.));
#8053=DIRECTION('',(0.,0.,-1.));
#8054=AXIS2_PLACEMENT_3D('',#8051,#8052,#8053);
#8055=PLANE('',#8054);
#8056=ORIENTED_EDGE('',*,*,#4166,.T.);
#8057=ORIENTED_EDGE('',*,*,#8046,.T.);
#8058=ORIENTED_EDGE('',*,*,#1365,.F.);
#8059=CARTESIAN_POINT('',(60.632378153,-59.592566515,1.561697185));
#8060=DIRECTION('',(0.,0.,1.));
#8061=VECTOR('',#8060,3.);
#8062=LINE('',#8059,#8061);
#8063=EDGE_CURVE('',#4161,#1358,#8062,.T.);
#8064=ORIENTED_EDGE('',*,*,#8063,.F.);
#8065=EDGE_LOOP('',(#8056,#8057,#8058,#8064));
#8066=FACE_BOUND('',#8065,.T.);
#8067=ADVANCED_FACE('',(#8066),#8055,.T.);
#8068=CARTESIAN_POINT('',(60.632378153,-67.392566515,-45.438302815));
#8069=DIRECTION('',(-1.,0.,0.));
#8070=DIRECTION('',(0.,0.,1.));
#8071=AXIS2_PLACEMENT_3D('',#8068,#8069,#8070);
#8072=PLANE('',#8071);
#8073=ORIENTED_EDGE('',*,*,#8063,.T.);
#8074=ORIENTED_EDGE('',*,*,#1387,.T.);
#8075=CARTESIAN_POINT('',(60.632378153,-75.192566515,1.561697185));
#8076=DIRECTION('',(0.,0.,1.));
#8077=VECTOR('',#8076,3.);
#8078=LINE('',#8075,#8077);
#8079=EDGE_CURVE('',#4169,#1376,#8078,.T.);
#8080=ORIENTED_EDGE('',*,*,#8079,.F.);
#8081=ORIENTED_EDGE('',*,*,#4174,.F.);
#8082=EDGE_LOOP('',(#8073,#8074,#8080,#8081));
#8083=FACE_BOUND('',#8082,.T.);
#8084=ADVANCED_FACE('',(#8083),#8072,.F.);
#8085=CARTESIAN_POINT('',(68.432378153,-75.192566515,-45.438302815));
#8086=DIRECTION('',(0.,1.,0.));
#8087=DIRECTION('',(0.,0.,1.));
#8088=AXIS2_PLACEMENT_3D('',#8085,#8086,#8087);
#8089=PLANE('',#8088);
#8090=ORIENTED_EDGE('',*,*,#4180,.T.);
#8091=ORIENTED_EDGE('',*,*,#8079,.T.);
#8092=ORIENTED_EDGE('',*,*,#1381,.F.);
#8093=ORIENTED_EDGE('',*,*,#8039,.F.);
#8094=EDGE_LOOP('',(#8090,#8091,#8092,#8093));
#8095=FACE_BOUND('',#8094,.T.);
#8096=ADVANCED_FACE('',(#8095),#8089,.T.);
#8097=CARTESIAN_POINT('',(318.802378153,-73.892566515,-45.438302815));
#8098=DIRECTION('',(-1.,0.,0.));
#8099=DIRECTION('',(0.,0.,1.));
#8100=AXIS2_PLACEMENT_3D('',#8097,#8098,#8099);
#8101=PLANE('',#8100);
#8102=ORIENTED_EDGE('',*,*,#5146,.T.);
#8103=CARTESIAN_POINT('',(318.802378153,-75.192566515,1.561697185));
#8104=DIRECTION('',(0.,0.,1.));
#8105=VECTOR('',#8104,3.);
#8106=LINE('',#8103,#8105);
#8107=EDGE_CURVE('',#5141,#1402,#8106,.T.);
#8108=ORIENTED_EDGE('',*,*,#8107,.T.);
#8109=ORIENTED_EDGE('',*,*,#1407,.F.);
#8110=CARTESIAN_POINT('',(318.802378153,-59.592566515,1.561697185));
#8111=DIRECTION('',(0.,0.,1.));
#8112=VECTOR('',#8111,3.);
#8113=LINE('',#8110,#8112);
#8114=EDGE_CURVE('',#5139,#1394,#8113,.T.);
#8115=ORIENTED_EDGE('',*,*,#8114,.F.);
#8116=EDGE_LOOP('',(#8102,#8108,#8109,#8115));
#8117=FACE_BOUND('',#8116,.T.);
#8118=ADVANCED_FACE('',(#8117),#8101,.T.);
#8119=CARTESIAN_POINT('',(311.002378153,-59.592566515,-45.438302815));
#8120=DIRECTION('',(0.,-1.,0.));
#8121=DIRECTION('',(0.,0.,-1.));
#8122=AXIS2_PLACEMENT_3D('',#8119,#8120,#8121);
#8123=PLANE('',#8122);
#8124=ORIENTED_EDGE('',*,*,#5154,.T.);
#8125=ORIENTED_EDGE('',*,*,#8114,.T.);
#8126=ORIENTED_EDGE('',*,*,#1399,.F.);
#8127=CARTESIAN_POINT('',(303.202378153,-59.592566515,1.561697185));
#8128=DIRECTION('',(0.,0.,1.));
#8129=VECTOR('',#8128,3.);
#8130=LINE('',#8127,#8129);
#8131=EDGE_CURVE('',#5149,#1392,#8130,.T.);
#8132=ORIENTED_EDGE('',*,*,#8131,.F.);
#8133=EDGE_LOOP('',(#8124,#8125,#8126,#8132));
#8134=FACE_BOUND('',#8133,.T.);
#8135=ADVANCED_FACE('',(#8134),#8123,.T.);
#8136=CARTESIAN_POINT('',(303.202378153,-67.392566515,-45.438302815));
#8137=DIRECTION('',(1.,0.,0.));
#8138=DIRECTION('',(0.,0.,-1.));
#8139=AXIS2_PLACEMENT_3D('',#8136,#8137,#8138);
#8140=PLANE('',#8139);
#8141=ORIENTED_EDGE('',*,*,#5162,.T.);
#8142=ORIENTED_EDGE('',*,*,#8131,.T.);
#8143=ORIENTED_EDGE('',*,*,#1421,.F.);
#8144=CARTESIAN_POINT('',(303.202378153,-75.192566515,1.561697185));
#8145=DIRECTION('',(0.,0.,1.));
#8146=VECTOR('',#8145,3.);
#8147=LINE('',#8144,#8146);
#8148=EDGE_CURVE('',#5157,#1410,#8147,.T.);
#8149=ORIENTED_EDGE('',*,*,#8148,.F.);
#8150=EDGE_LOOP('',(#8141,#8142,#8143,#8149));
#8151=FACE_BOUND('',#8150,.T.);
#8152=ADVANCED_FACE('',(#8151),#8140,.T.);
#8153=CARTESIAN_POINT('',(311.002378153,-75.192566515,-45.438302815));
#8154=DIRECTION('',(0.,1.,0.));
#8155=DIRECTION('',(0.,0.,1.));
#8156=AXIS2_PLACEMENT_3D('',#8153,#8154,#8155);
#8157=PLANE('',#8156);
#8158=ORIENTED_EDGE('',*,*,#5168,.T.);
#8159=ORIENTED_EDGE('',*,*,#8148,.T.);
#8160=ORIENTED_EDGE('',*,*,#1415,.F.);
#8161=ORIENTED_EDGE('',*,*,#8107,.F.);
#8162=EDGE_LOOP('',(#8158,#8159,#8160,#8161));
#8163=FACE_BOUND('',#8162,.T.);
#8164=ADVANCED_FACE('',(#8163),#8157,.T.);
#8165=CARTESIAN_POINT('',(166.402378153,-68.692566515,-45.438302815));
#8166=DIRECTION('',(-1.,0.,0.));
#8167=DIRECTION('',(0.,0.,1.));
#8168=AXIS2_PLACEMENT_3D('',#8165,#8166,#8167);
#8169=PLANE('',#8168);
#8170=ORIENTED_EDGE('',*,*,#4124,.T.);
#8171=CARTESIAN_POINT('',(166.402378153,-75.192566515,1.561697185));
#8172=DIRECTION('',(0.,0.,1.));
#8173=VECTOR('',#8172,3.);
#8174=LINE('',#8171,#8173);
#8175=EDGE_CURVE('',#4119,#1436,#8174,.T.);
#8176=ORIENTED_EDGE('',*,*,#8175,.T.);
#8177=ORIENTED_EDGE('',*,*,#1441,.F.);
#8178=CARTESIAN_POINT('',(166.402378153,-59.592566515,1.561697185));
#8179=DIRECTION('',(0.,0.,1.));
#8180=VECTOR('',#8179,3.);
#8181=LINE('',#8178,#8180);
#8182=EDGE_CURVE('',#4117,#1428,#8181,.T.);
#8183=ORIENTED_EDGE('',*,*,#8182,.F.);
#8184=EDGE_LOOP('',(#8170,#8176,#8177,#8183));
#8185=FACE_BOUND('',#8184,.T.);
#8186=ADVANCED_FACE('',(#8185),#8169,.T.);
#8187=CARTESIAN_POINT('',(158.602378153,-59.592566515,-45.438302815));
#8188=DIRECTION('',(0.,-1.,0.));
#8189=DIRECTION('',(0.,0.,-1.));
#8190=AXIS2_PLACEMENT_3D('',#8187,#8188,#8189);
#8191=PLANE('',#8190);
#8192=ORIENTED_EDGE('',*,*,#4132,.T.);
#8193=ORIENTED_EDGE('',*,*,#8182,.T.);
#8194=ORIENTED_EDGE('',*,*,#1433,.F.);
#8195=CARTESIAN_POINT('',(150.802378153,-59.592566515,1.561697185));
#8196=DIRECTION('',(0.,0.,1.));
#8197=VECTOR('',#8196,3.);
#8198=LINE('',#8195,#8197);
#8199=EDGE_CURVE('',#4127,#1426,#8198,.T.);
#8200=ORIENTED_EDGE('',*,*,#8199,.F.);
#8201=EDGE_LOOP('',(#8192,#8193,#8194,#8200));
#8202=FACE_BOUND('',#8201,.T.);
#8203=ADVANCED_FACE('',(#8202),#8191,.T.);
#8204=CARTESIAN_POINT('',(150.802378153,-60.892566515,-45.438302815));
#8205=DIRECTION('',(1.,0.,0.));
#8206=DIRECTION('',(0.,0.,-1.));
#8207=AXIS2_PLACEMENT_3D('',#8204,#8205,#8206);
#8208=PLANE('',#8207);
#8209=ORIENTED_EDGE('',*,*,#4140,.T.);
#8210=ORIENTED_EDGE('',*,*,#8199,.T.);
#8211=ORIENTED_EDGE('',*,*,#1455,.F.);
#8212=CARTESIAN_POINT('',(150.802378153,-75.192566515,1.561697185));
#8213=DIRECTION('',(0.,0.,1.));
#8214=VECTOR('',#8213,3.);
#8215=LINE('',#8212,#8214);
#8216=EDGE_CURVE('',#4135,#1444,#8215,.T.);
#8217=ORIENTED_EDGE('',*,*,#8216,.F.);
#8218=EDGE_LOOP('',(#8209,#8210,#8211,#8217));
#8219=FACE_BOUND('',#8218,.T.);
#8220=ADVANCED_FACE('',(#8219),#8208,.T.);
#8221=CARTESIAN_POINT('',(158.602378153,-75.192566515,-45.438302815));
#8222=DIRECTION('',(0.,-1.,0.));
#8223=DIRECTION('',(0.,0.,-1.));
#8224=AXIS2_PLACEMENT_3D('',#8221,#8222,#8223);
#8225=PLANE('',#8224);
#8226=ORIENTED_EDGE('',*,*,#8216,.T.);
#8227=ORIENTED_EDGE('',*,*,#1449,.T.);
#8228=ORIENTED_EDGE('',*,*,#8175,.F.);
#8229=ORIENTED_EDGE('',*,*,#4146,.F.);
#8230=EDGE_LOOP('',(#8226,#8227,#8228,#8229));
#8231=FACE_BOUND('',#8230,.T.);
#8232=ADVANCED_FACE('',(#8231),#8225,.F.);
#8233=CARTESIAN_POINT('',(312.452378153,-47.102566515,-45.438302815));
#8234=DIRECTION('',(1.,0.,0.));
#8235=DIRECTION('',(0.,0.,-1.));
#8236=AXIS2_PLACEMENT_3D('',#8233,#8234,#8235);
#8237=PLANE('',#8236);
#8238=CARTESIAN_POINT('',(312.452378153,-53.602566515,1.561697185));
#8239=DIRECTION('',(0.,0.,1.));
#8240=VECTOR('',#8239,3.);
#8241=LINE('',#8238,#8240);
#8242=EDGE_CURVE('',#5175,#406,#8241,.T.);
#8243=ORIENTED_EDGE('',*,*,#8242,.T.);
#8244=ORIENTED_EDGE('',*,*,#413,.T.);
#8245=CARTESIAN_POINT('',(312.452378153,-38.002566515,1.561697185));
#8246=DIRECTION('',(0.,0.,1.));
#8247=VECTOR('',#8246,3.);
#8248=LINE('',#8245,#8247);
#8249=EDGE_CURVE('',#5183,#408,#8248,.T.);
#8250=ORIENTED_EDGE('',*,*,#8249,.F.);
#8251=ORIENTED_EDGE('',*,*,#5188,.F.);
#8252=EDGE_LOOP('',(#8243,#8244,#8250,#8251));
#8253=FACE_BOUND('',#8252,.T.);
#8254=ADVANCED_FACE('',(#8253),#8237,.F.);
#8255=CARTESIAN_POINT('',(304.652378153,-38.002566515,-45.438302815));
#8256=DIRECTION('',(0.,-1.,0.));
#8257=DIRECTION('',(0.,0.,-1.));
#8258=AXIS2_PLACEMENT_3D('',#8255,#8256,#8257);
#8259=PLANE('',#8258);
#8260=ORIENTED_EDGE('',*,*,#5196,.T.);
#8261=ORIENTED_EDGE('',*,*,#8249,.T.);
#8262=ORIENTED_EDGE('',*,*,#435,.F.);
#8263=CARTESIAN_POINT('',(296.852378153,-38.002566515,1.561697185));
#8264=DIRECTION('',(0.,0.,1.));
#8265=VECTOR('',#8264,3.);
#8266=LINE('',#8263,#8265);
#8267=EDGE_CURVE('',#5191,#424,#8266,.T.);
#8268=ORIENTED_EDGE('',*,*,#8267,.F.);
#8269=EDGE_LOOP('',(#8260,#8261,#8262,#8268));
#8270=FACE_BOUND('',#8269,.T.);
#8271=ADVANCED_FACE('',(#8270),#8259,.T.);
#8272=CARTESIAN_POINT('',(296.852378153,-39.302566515,-45.438302815));
#8273=DIRECTION('',(1.,0.,0.));
#8274=DIRECTION('',(0.,0.,-1.));
#8275=AXIS2_PLACEMENT_3D('',#8272,#8273,#8274);
#8276=PLANE('',#8275);
#8277=ORIENTED_EDGE('',*,*,#5202,.T.);
#8278=ORIENTED_EDGE('',*,*,#8267,.T.);
#8279=ORIENTED_EDGE('',*,*,#429,.F.);
#8280=CARTESIAN_POINT('',(296.852378153,-53.602566515,1.561697185));
#8281=DIRECTION('',(0.,0.,1.));
#8282=VECTOR('',#8281,3.);
#8283=LINE('',#8280,#8282);
#8284=EDGE_CURVE('',#5173,#416,#8283,.T.);
#8285=ORIENTED_EDGE('',*,*,#8284,.F.);
#8286=EDGE_LOOP('',(#8277,#8278,#8279,#8285));
#8287=FACE_BOUND('',#8286,.T.);
#8288=ADVANCED_FACE('',(#8287),#8276,.T.);
#8289=CARTESIAN_POINT('',(304.652378153,-53.602566515,-45.438302815));
#8290=DIRECTION('',(0.,-1.,0.));
#8291=DIRECTION('',(0.,0.,-1.));
#8292=AXIS2_PLACEMENT_3D('',#8289,#8290,#8291);
#8293=PLANE('',#8292);
#8294=ORIENTED_EDGE('',*,*,#8284,.T.);
#8295=ORIENTED_EDGE('',*,*,#421,.T.);
#8296=ORIENTED_EDGE('',*,*,#8242,.F.);
#8297=ORIENTED_EDGE('',*,*,#5180,.F.);
#8298=EDGE_LOOP('',(#8294,#8295,#8296,#8297));
#8299=FACE_BOUND('',#8298,.T.);
#8300=ADVANCED_FACE('',(#8299),#8293,.F.);
#8301=CARTESIAN_POINT('',(223.552378153,-25.512566515,-45.438302815));
#8302=DIRECTION('',(-1.,0.,0.));
#8303=DIRECTION('',(0.,0.,1.));
#8304=AXIS2_PLACEMENT_3D('',#8301,#8302,#8303);
#8305=PLANE('',#8304);
#8306=ORIENTED_EDGE('',*,*,#5214,.T.);
#8307=CARTESIAN_POINT('',(223.552378153,-32.012566515,1.561697185));
#8308=DIRECTION('',(0.,0.,1.));
#8309=VECTOR('',#8308,3.);
#8310=LINE('',#8307,#8309);
#8311=EDGE_CURVE('',#5209,#1470,#8310,.T.);
#8312=ORIENTED_EDGE('',*,*,#8311,.T.);
#8313=ORIENTED_EDGE('',*,*,#1475,.F.);
#8314=CARTESIAN_POINT('',(223.552378153,-16.412566515,1.561697185));
#8315=DIRECTION('',(0.,0.,1.));
#8316=VECTOR('',#8315,3.);
#8317=LINE('',#8314,#8316);
#8318=EDGE_CURVE('',#5207,#1462,#8317,.T.);
#8319=ORIENTED_EDGE('',*,*,#8318,.F.);
#8320=EDGE_LOOP('',(#8306,#8312,#8313,#8319));
#8321=FACE_BOUND('',#8320,.T.);
#8322=ADVANCED_FACE('',(#8321),#8305,.T.);
#8323=CARTESIAN_POINT('',(215.752378153,-16.412566515,-45.438302815));
#8324=DIRECTION('',(0.,-1.,0.));
#8325=DIRECTION('',(0.,0.,-1.));
#8326=AXIS2_PLACEMENT_3D('',#8323,#8324,#8325);
#8327=PLANE('',#8326);
#8328=ORIENTED_EDGE('',*,*,#5222,.T.);
#8329=ORIENTED_EDGE('',*,*,#8318,.T.);
#8330=ORIENTED_EDGE('',*,*,#1467,.F.);
#8331=CARTESIAN_POINT('',(207.952378153,-16.412566515,1.561697185));
#8332=DIRECTION('',(0.,0.,1.));
#8333=VECTOR('',#8332,3.);
#8334=LINE('',#8331,#8333);
#8335=EDGE_CURVE('',#5217,#1460,#8334,.T.);
#8336=ORIENTED_EDGE('',*,*,#8335,.F.);
#8337=EDGE_LOOP('',(#8328,#8329,#8330,#8336));
#8338=FACE_BOUND('',#8337,.T.);
#8339=ADVANCED_FACE('',(#8338),#8327,.T.);
#8340=CARTESIAN_POINT('',(207.952378153,-24.212566515,-45.438302815));
#8341=DIRECTION('',(1.,0.,0.));
#8342=DIRECTION('',(0.,0.,-1.));
#8343=AXIS2_PLACEMENT_3D('',#8340,#8341,#8342);
#8344=PLANE('',#8343);
#8345=ORIENTED_EDGE('',*,*,#5230,.T.);
#8346=ORIENTED_EDGE('',*,*,#8335,.T.);
#8347=ORIENTED_EDGE('',*,*,#1489,.F.);
#8348=CARTESIAN_POINT('',(207.952378153,-32.012566515,1.561697185));
#8349=DIRECTION('',(0.,0.,1.));
#8350=VECTOR('',#8349,3.);
#8351=LINE('',#8348,#8350);
#8352=EDGE_CURVE('',#5225,#1478,#8351,.T.);
#8353=ORIENTED_EDGE('',*,*,#8352,.F.);
#8354=EDGE_LOOP('',(#8345,#8346,#8347,#8353));
#8355=FACE_BOUND('',#8354,.T.);
#8356=ADVANCED_FACE('',(#8355),#8344,.T.);
#8357=CARTESIAN_POINT('',(215.752378153,-32.012566515,-45.438302815));
#8358=DIRECTION('',(0.,1.,0.));
#8359=DIRECTION('',(0.,0.,1.));
#8360=AXIS2_PLACEMENT_3D('',#8357,#8358,#8359);
#8361=PLANE('',#8360);
#8362=ORIENTED_EDGE('',*,*,#5236,.T.);
#8363=ORIENTED_EDGE('',*,*,#8352,.T.);
#8364=ORIENTED_EDGE('',*,*,#1483,.F.);
#8365=ORIENTED_EDGE('',*,*,#8311,.F.);
#8366=EDGE_LOOP('',(#8362,#8363,#8364,#8365));
#8367=FACE_BOUND('',#8366,.T.);
#8368=ADVANCED_FACE('',(#8367),#8361,.T.);
#8369=CARTESIAN_POINT('',(335.312378153,-117.072566515,-45.438302815));
#8370=DIRECTION('',(-1.,0.,0.));
#8371=DIRECTION('',(0.,0.,1.));
#8372=AXIS2_PLACEMENT_3D('',#8369,#8370,#8371);
#8373=PLANE('',#8372);
#8374=ORIENTED_EDGE('',*,*,#4090,.T.);
#8375=CARTESIAN_POINT('',(335.312378153,-118.372566515,1.561697185));
#8376=DIRECTION('',(0.,0.,1.));
#8377=VECTOR('',#8376,3.);
#8378=LINE('',#8375,#8377);
#8379=EDGE_CURVE('',#4085,#1504,#8378,.T.);
#8380=ORIENTED_EDGE('',*,*,#8379,.T.);
#8381=ORIENTED_EDGE('',*,*,#1509,.F.);
#8382=CARTESIAN_POINT('',(335.312378153,-102.772566515,1.561697185));
#8383=DIRECTION('',(0.,0.,1.));
#8384=VECTOR('',#8383,3.);
#8385=LINE('',#8382,#8384);
#8386=EDGE_CURVE('',#4083,#1496,#8385,.T.);
#8387=ORIENTED_EDGE('',*,*,#8386,.F.);
#8388=EDGE_LOOP('',(#8374,#8380,#8381,#8387));
#8389=FACE_BOUND('',#8388,.T.);
#8390=ADVANCED_FACE('',(#8389),#8373,.T.);
#8391=CARTESIAN_POINT('',(327.512378153,-102.772566515,-45.438302815));
#8392=DIRECTION('',(0.,-1.,0.));
#8393=DIRECTION('',(0.,0.,-1.));
#8394=AXIS2_PLACEMENT_3D('',#8391,#8392,#8393);
#8395=PLANE('',#8394);
#8396=ORIENTED_EDGE('',*,*,#4098,.T.);
#8397=ORIENTED_EDGE('',*,*,#8386,.T.);
#8398=ORIENTED_EDGE('',*,*,#1501,.F.);
#8399=CARTESIAN_POINT('',(319.712378153,-102.772566515,1.561697185));
#8400=DIRECTION('',(0.,0.,1.));
#8401=VECTOR('',#8400,3.);
#8402=LINE('',#8399,#8401);
#8403=EDGE_CURVE('',#4093,#1494,#8402,.T.);
#8404=ORIENTED_EDGE('',*,*,#8403,.F.);
#8405=EDGE_LOOP('',(#8396,#8397,#8398,#8404));
#8406=FACE_BOUND('',#8405,.T.);
#8407=ADVANCED_FACE('',(#8406),#8395,.T.);
#8408=CARTESIAN_POINT('',(319.712378153,-110.572566515,-45.438302815));
#8409=DIRECTION('',(1.,0.,0.));
#8410=DIRECTION('',(0.,0.,-1.));
#8411=AXIS2_PLACEMENT_3D('',#8408,#8409,#8410);
#8412=PLANE('',#8411);
#8413=ORIENTED_EDGE('',*,*,#4106,.T.);
#8414=ORIENTED_EDGE('',*,*,#8403,.T.);
#8415=ORIENTED_EDGE('',*,*,#1523,.F.);
#8416=CARTESIAN_POINT('',(319.712378153,-118.372566515,1.561697185));
#8417=DIRECTION('',(0.,0.,1.));
#8418=VECTOR('',#8417,3.);
#8419=LINE('',#8416,#8418);
#8420=EDGE_CURVE('',#4101,#1512,#8419,.T.);
#8421=ORIENTED_EDGE('',*,*,#8420,.F.);
#8422=EDGE_LOOP('',(#8413,#8414,#8415,#8421));
#8423=FACE_BOUND('',#8422,.T.);
#8424=ADVANCED_FACE('',(#8423),#8412,.T.);
#8425=CARTESIAN_POINT('',(327.512378153,-118.372566515,-45.438302815));
#8426=DIRECTION('',(0.,-1.,0.));
#8427=DIRECTION('',(0.,0.,-1.));
#8428=AXIS2_PLACEMENT_3D('',#8425,#8426,#8427);
#8429=PLANE('',#8428);
#8430=ORIENTED_EDGE('',*,*,#8420,.T.);
#8431=ORIENTED_EDGE('',*,*,#1517,.T.);
#8432=ORIENTED_EDGE('',*,*,#8379,.F.);
#8433=ORIENTED_EDGE('',*,*,#4112,.F.);
#8434=EDGE_LOOP('',(#8430,#8431,#8432,#8433));
#8435=FACE_BOUND('',#8434,.T.);
#8436=ADVANCED_FACE('',(#8435),#8429,.F.);
#8437=CARTESIAN_POINT('',(252.762378153,-90.252566515,-45.438302815));
#8438=DIRECTION('',(-1.,0.,0.));
#8439=DIRECTION('',(0.,0.,1.));
#8440=AXIS2_PLACEMENT_3D('',#8437,#8438,#8439);
#8441=PLANE('',#8440);
#8442=ORIENTED_EDGE('',*,*,#5248,.T.);
#8443=CARTESIAN_POINT('',(252.762378153,-98.052566515,1.561697185));
#8444=DIRECTION('',(0.,0.,1.));
#8445=VECTOR('',#8444,3.);
#8446=LINE('',#8443,#8445);
#8447=EDGE_CURVE('',#5243,#1538,#8446,.T.);
#8448=ORIENTED_EDGE('',*,*,#8447,.T.);
#8449=ORIENTED_EDGE('',*,*,#1543,.F.);
#8450=CARTESIAN_POINT('',(252.762378153,-82.452566515,1.561697185));
#8451=DIRECTION('',(0.,0.,1.));
#8452=VECTOR('',#8451,3.);
#8453=LINE('',#8450,#8452);
#8454=EDGE_CURVE('',#5241,#1530,#8453,.T.);
#8455=ORIENTED_EDGE('',*,*,#8454,.F.);
#8456=EDGE_LOOP('',(#8442,#8448,#8449,#8455));
#8457=FACE_BOUND('',#8456,.T.);
#8458=ADVANCED_FACE('',(#8457),#8441,.T.);
#8459=CARTESIAN_POINT('',(244.962378153,-82.452566515,-45.438302815));
#8460=DIRECTION('',(0.,-1.,0.));
#8461=DIRECTION('',(0.,0.,-1.));
#8462=AXIS2_PLACEMENT_3D('',#8459,#8460,#8461);
#8463=PLANE('',#8462);
#8464=ORIENTED_EDGE('',*,*,#5256,.T.);
#8465=ORIENTED_EDGE('',*,*,#8454,.T.);
#8466=ORIENTED_EDGE('',*,*,#1535,.F.);
#8467=CARTESIAN_POINT('',(237.162378153,-82.452566515,1.561697185));
#8468=DIRECTION('',(0.,0.,1.));
#8469=VECTOR('',#8468,3.);
#8470=LINE('',#8467,#8469);
#8471=EDGE_CURVE('',#5251,#1528,#8470,.T.);
#8472=ORIENTED_EDGE('',*,*,#8471,.F.);
#8473=EDGE_LOOP('',(#8464,#8465,#8466,#8472));
#8474=FACE_BOUND('',#8473,.T.);
#8475=ADVANCED_FACE('',(#8474),#8463,.T.);
#8476=CARTESIAN_POINT('',(237.162378153,-90.252566515,-45.438302815));
#8477=DIRECTION('',(1.,0.,0.));
#8478=DIRECTION('',(0.,0.,-1.));
#8479=AXIS2_PLACEMENT_3D('',#8476,#8477,#8478);
#8480=PLANE('',#8479);
#8481=ORIENTED_EDGE('',*,*,#5264,.T.);
#8482=ORIENTED_EDGE('',*,*,#8471,.T.);
#8483=ORIENTED_EDGE('',*,*,#1557,.F.);
#8484=CARTESIAN_POINT('',(237.162378153,-98.052566515,1.561697185));
#8485=DIRECTION('',(0.,0.,1.));
#8486=VECTOR('',#8485,3.);
#8487=LINE('',#8484,#8486);
#8488=EDGE_CURVE('',#5259,#1546,#8487,.T.);
#8489=ORIENTED_EDGE('',*,*,#8488,.F.);
#8490=EDGE_LOOP('',(#8481,#8482,#8483,#8489));
#8491=FACE_BOUND('',#8490,.T.);
#8492=ADVANCED_FACE('',(#8491),#8480,.T.);
#8493=CARTESIAN_POINT('',(244.962378153,-98.052566515,-45.438302815));
#8494=DIRECTION('',(0.,1.,0.));
#8495=DIRECTION('',(0.,0.,1.));
#8496=AXIS2_PLACEMENT_3D('',#8493,#8494,#8495);
#8497=PLANE('',#8496);
#8498=ORIENTED_EDGE('',*,*,#5270,.T.);
#8499=ORIENTED_EDGE('',*,*,#8488,.T.);
#8500=ORIENTED_EDGE('',*,*,#1551,.F.);
#8501=ORIENTED_EDGE('',*,*,#8447,.F.);
#8502=EDGE_LOOP('',(#8498,#8499,#8500,#8501));
#8503=FACE_BOUND('',#8502,.T.);
#8504=ADVANCED_FACE('',(#8503),#8497,.T.);
#8505=CARTESIAN_POINT('',(357.052378153,-78.532566515,-45.438302815));
#8506=DIRECTION('',(0.,-1.,0.));
#8507=DIRECTION('',(0.,0.,-1.));
#8508=AXIS2_PLACEMENT_3D('',#8505,#8506,#8507);
#8509=PLANE('',#8508);
#8510=CARTESIAN_POINT('',(354.552378153,-78.532566515,1.561697185));
#8511=DIRECTION('',(0.,0.,1.));
#8512=VECTOR('',#8511,3.);
#8513=LINE('',#8510,#8512);
#8514=EDGE_CURVE('',#4051,#372,#8513,.T.);
#8515=ORIENTED_EDGE('',*,*,#8514,.T.);
#8516=ORIENTED_EDGE('',*,*,#379,.T.);
#8517=CARTESIAN_POINT('',(359.552378153,-78.532566515,1.561697185));
#8518=DIRECTION('',(0.,0.,1.));
#8519=VECTOR('',#8518,3.);
#8520=LINE('',#8517,#8519);
#8521=EDGE_CURVE('',#4059,#374,#8520,.T.);
#8522=ORIENTED_EDGE('',*,*,#8521,.F.);
#8523=ORIENTED_EDGE('',*,*,#4064,.F.);
#8524=EDGE_LOOP('',(#8515,#8516,#8522,#8523));
#8525=FACE_BOUND('',#8524,.T.);
#8526=ADVANCED_FACE('',(#8525),#8509,.F.);
#8527=CARTESIAN_POINT('',(359.552378153,-68.532566515,-45.438302815));
#8528=DIRECTION('',(1.,0.,0.));
#8529=DIRECTION('',(0.,0.,-1.));
#8530=AXIS2_PLACEMENT_3D('',#8527,#8528,#8529);
#8531=PLANE('',#8530);
#8532=ORIENTED_EDGE('',*,*,#8521,.T.);
#8533=ORIENTED_EDGE('',*,*,#401,.T.);
#8534=CARTESIAN_POINT('',(359.552378153,-58.532566515,1.561697185));
#8535=DIRECTION('',(0.,0.,1.));
#8536=VECTOR('',#8535,3.);
#8537=LINE('',#8534,#8536);
#8538=EDGE_CURVE('',#4067,#390,#8537,.T.);
#8539=ORIENTED_EDGE('',*,*,#8538,.F.);
#8540=ORIENTED_EDGE('',*,*,#4072,.F.);
#8541=EDGE_LOOP('',(#8532,#8533,#8539,#8540));
#8542=FACE_BOUND('',#8541,.T.);
#8543=ADVANCED_FACE('',(#8542),#8531,.F.);
#8544=CARTESIAN_POINT('',(357.052378153,-58.532566515,-45.438302815));
#8545=DIRECTION('',(0.,1.,0.));
#8546=DIRECTION('',(0.,0.,1.));
#8547=AXIS2_PLACEMENT_3D('',#8544,#8545,#8546);
#8548=PLANE('',#8547);
#8549=ORIENTED_EDGE('',*,*,#8538,.T.);
#8550=ORIENTED_EDGE('',*,*,#395,.T.);
#8551=CARTESIAN_POINT('',(354.552378153,-58.532566515,1.561697185));
#8552=DIRECTION('',(0.,0.,1.));
#8553=VECTOR('',#8552,3.);
#8554=LINE('',#8551,#8553);
#8555=EDGE_CURVE('',#4049,#382,#8554,.T.);
#8556=ORIENTED_EDGE('',*,*,#8555,.F.);
#8557=ORIENTED_EDGE('',*,*,#4078,.F.);
#8558=EDGE_LOOP('',(#8549,#8550,#8556,#8557));
#8559=FACE_BOUND('',#8558,.T.);
#8560=ADVANCED_FACE('',(#8559),#8548,.F.);
#8561=CARTESIAN_POINT('',(354.552378153,-68.532566515,-45.438302815));
#8562=DIRECTION('',(-1.,0.,0.));
#8563=DIRECTION('',(0.,0.,1.));
#8564=AXIS2_PLACEMENT_3D('',#8561,#8562,#8563);
#8565=PLANE('',#8564);
#8566=ORIENTED_EDGE('',*,*,#8555,.T.);
#8567=ORIENTED_EDGE('',*,*,#387,.T.);
#8568=ORIENTED_EDGE('',*,*,#8514,.F.);
#8569=ORIENTED_EDGE('',*,*,#4056,.F.);
#8570=EDGE_LOOP('',(#8566,#8567,#8568,#8569));
#8571=FACE_BOUND('',#8570,.T.);
#8572=ADVANCED_FACE('',(#8571),#8565,.F.);
#8573=CARTESIAN_POINT('',(309.912378153,-24.212566515,-45.438302815));
#8574=DIRECTION('',(-1.,0.,0.));
#8575=DIRECTION('',(0.,0.,1.));
#8576=AXIS2_PLACEMENT_3D('',#8573,#8574,#8575);
#8577=PLANE('',#8576);
#8578=ORIENTED_EDGE('',*,*,#4022,.T.);
#8579=CARTESIAN_POINT('',(309.912378153,-32.012566515,1.561697185));
#8580=DIRECTION('',(0.,0.,1.));
#8581=VECTOR('',#8580,3.);
#8582=LINE('',#8579,#8581);
#8583=EDGE_CURVE('',#4017,#1572,#8582,.T.);
#8584=ORIENTED_EDGE('',*,*,#8583,.T.);
#8585=ORIENTED_EDGE('',*,*,#1577,.F.);
#8586=CARTESIAN_POINT('',(309.912378153,-16.412566515,1.561697185));
#8587=DIRECTION('',(0.,0.,1.));
#8588=VECTOR('',#8587,3.);
#8589=LINE('',#8586,#8588);
#8590=EDGE_CURVE('',#4015,#1564,#8589,.T.);
#8591=ORIENTED_EDGE('',*,*,#8590,.F.);
#8592=EDGE_LOOP('',(#8578,#8584,#8585,#8591));
#8593=FACE_BOUND('',#8592,.T.);
#8594=ADVANCED_FACE('',(#8593),#8577,.T.);
#8595=CARTESIAN_POINT('',(302.112378153,-16.412566515,-45.438302815));
#8596=DIRECTION('',(0.,-1.,0.));
#8597=DIRECTION('',(0.,0.,-1.));
#8598=AXIS2_PLACEMENT_3D('',#8595,#8596,#8597);
#8599=PLANE('',#8598);
#8600=ORIENTED_EDGE('',*,*,#4030,.T.);
#8601=ORIENTED_EDGE('',*,*,#8590,.T.);
#8602=ORIENTED_EDGE('',*,*,#1569,.F.);
#8603=CARTESIAN_POINT('',(294.312378153,-16.412566515,1.561697185));
#8604=DIRECTION('',(0.,0.,1.));
#8605=VECTOR('',#8604,3.);
#8606=LINE('',#8603,#8605);
#8607=EDGE_CURVE('',#4025,#1562,#8606,.T.);
#8608=ORIENTED_EDGE('',*,*,#8607,.F.);
#8609=EDGE_LOOP('',(#8600,#8601,#8602,#8608));
#8610=FACE_BOUND('',#8609,.T.);
#8611=ADVANCED_FACE('',(#8610),#8599,.T.);
#8612=CARTESIAN_POINT('',(294.312378153,-24.212566515,-45.438302815));
#8613=DIRECTION('',(1.,0.,0.));
#8614=DIRECTION('',(0.,0.,-1.));
#8615=AXIS2_PLACEMENT_3D('',#8612,#8613,#8614);
#8616=PLANE('',#8615);
#8617=ORIENTED_EDGE('',*,*,#4038,.T.);
#8618=ORIENTED_EDGE('',*,*,#8607,.T.);
#8619=ORIENTED_EDGE('',*,*,#1591,.F.);
#8620=CARTESIAN_POINT('',(294.312378153,-32.012566515,1.561697185));
#8621=DIRECTION('',(0.,0.,1.));
#8622=VECTOR('',#8621,3.);
#8623=LINE('',#8620,#8622);
#8624=EDGE_CURVE('',#4033,#1580,#8623,.T.);
#8625=ORIENTED_EDGE('',*,*,#8624,.F.);
#8626=EDGE_LOOP('',(#8617,#8618,#8619,#8625));
#8627=FACE_BOUND('',#8626,.T.);
#8628=ADVANCED_FACE('',(#8627),#8616,.T.);
#8629=CARTESIAN_POINT('',(302.112378153,-32.012566515,-45.438302815));
#8630=DIRECTION('',(0.,-1.,0.));
#8631=DIRECTION('',(0.,0.,-1.));
#8632=AXIS2_PLACEMENT_3D('',#8629,#8630,#8631);
#8633=PLANE('',#8632);
#8634=ORIENTED_EDGE('',*,*,#8624,.T.);
#8635=ORIENTED_EDGE('',*,*,#1585,.T.);
#8636=ORIENTED_EDGE('',*,*,#8583,.F.);
#8637=ORIENTED_EDGE('',*,*,#4044,.F.);
#8638=EDGE_LOOP('',(#8634,#8635,#8636,#8637));
#8639=FACE_BOUND('',#8638,.T.);
#8640=ADVANCED_FACE('',(#8639),#8633,.F.);
#8641=CARTESIAN_POINT('',(405.552378153,-57.032566515,-45.438302815));
#8642=DIRECTION('',(-1.,0.,0.));
#8643=DIRECTION('',(0.,0.,1.));
#8644=AXIS2_PLACEMENT_3D('',#8641,#8642,#8643);
#8645=PLANE('',#8644);
#8646=ORIENTED_EDGE('',*,*,#5282,.T.);
#8647=CARTESIAN_POINT('',(405.552378153,-66.532566515,1.561697185));
#8648=DIRECTION('',(0.,0.,1.));
#8649=VECTOR('',#8648,3.);
#8650=LINE('',#8647,#8649);
#8651=EDGE_CURVE('',#5277,#1606,#8650,.T.);
#8652=ORIENTED_EDGE('',*,*,#8651,.T.);
#8653=ORIENTED_EDGE('',*,*,#1611,.F.);
#8654=CARTESIAN_POINT('',(405.552378153,-47.532566515,1.561697185));
#8655=DIRECTION('',(0.,0.,1.));
#8656=VECTOR('',#8655,3.);
#8657=LINE('',#8654,#8656);
#8658=EDGE_CURVE('',#5275,#1598,#8657,.T.);
#8659=ORIENTED_EDGE('',*,*,#8658,.F.);
#8660=EDGE_LOOP('',(#8646,#8652,#8653,#8659));
#8661=FACE_BOUND('',#8660,.T.);
#8662=ADVANCED_FACE('',(#8661),#8645,.T.);
#8663=CARTESIAN_POINT('',(396.552378153,-47.532566515,-45.438302815));
#8664=DIRECTION('',(0.,-1.,0.));
#8665=DIRECTION('',(0.,0.,-1.));
#8666=AXIS2_PLACEMENT_3D('',#8663,#8664,#8665);
#8667=PLANE('',#8666);
#8668=ORIENTED_EDGE('',*,*,#5290,.T.);
#8669=ORIENTED_EDGE('',*,*,#8658,.T.);
#8670=ORIENTED_EDGE('',*,*,#1603,.F.);
#8671=CARTESIAN_POINT('',(387.552378153,-47.532566515,1.561697185));
#8672=DIRECTION('',(0.,0.,1.));
#8673=VECTOR('',#8672,3.);
#8674=LINE('',#8671,#8673);
#8675=EDGE_CURVE('',#5285,#1596,#8674,.T.);
#8676=ORIENTED_EDGE('',*,*,#8675,.F.);
#8677=EDGE_LOOP('',(#8668,#8669,#8670,#8676));
#8678=FACE_BOUND('',#8677,.T.);
#8679=ADVANCED_FACE('',(#8678),#8667,.T.);
#8680=CARTESIAN_POINT('',(387.552378153,-57.032566515,-45.438302815));
#8681=DIRECTION('',(1.,0.,0.));
#8682=DIRECTION('',(0.,0.,-1.));
#8683=AXIS2_PLACEMENT_3D('',#8680,#8681,#8682);
#8684=PLANE('',#8683);
#8685=ORIENTED_EDGE('',*,*,#5298,.T.);
#8686=ORIENTED_EDGE('',*,*,#8675,.T.);
#8687=ORIENTED_EDGE('',*,*,#1625,.F.);
#8688=CARTESIAN_POINT('',(387.552378153,-66.532566515,1.561697185));
#8689=DIRECTION('',(0.,0.,1.));
#8690=VECTOR('',#8689,3.);
#8691=LINE('',#8688,#8690);
#8692=EDGE_CURVE('',#5293,#1614,#8691,.T.);
#8693=ORIENTED_EDGE('',*,*,#8692,.F.);
#8694=EDGE_LOOP('',(#8685,#8686,#8687,#8693));
#8695=FACE_BOUND('',#8694,.T.);
#8696=ADVANCED_FACE('',(#8695),#8684,.T.);
#8697=CARTESIAN_POINT('',(396.552378153,-66.532566515,-45.438302815));
#8698=DIRECTION('',(0.,1.,0.));
#8699=DIRECTION('',(0.,0.,1.));
#8700=AXIS2_PLACEMENT_3D('',#8697,#8698,#8699);
#8701=PLANE('',#8700);
#8702=ORIENTED_EDGE('',*,*,#5304,.T.);
#8703=ORIENTED_EDGE('',*,*,#8692,.T.);
#8704=ORIENTED_EDGE('',*,*,#1619,.F.);
#8705=ORIENTED_EDGE('',*,*,#8651,.F.);
#8706=EDGE_LOOP('',(#8702,#8703,#8704,#8705));
#8707=FACE_BOUND('',#8706,.T.);
#8708=ADVANCED_FACE('',(#8707),#8701,.T.);
#8709=CARTESIAN_POINT('',(115.602378153,-24.212566515,-45.438302815));
#8710=DIRECTION('',(-1.,0.,0.));
#8711=DIRECTION('',(0.,0.,1.));
#8712=AXIS2_PLACEMENT_3D('',#8709,#8710,#8711);
#8713=PLANE('',#8712);
#8714=ORIENTED_EDGE('',*,*,#3988,.T.);
#8715=CARTESIAN_POINT('',(115.602378153,-32.012566515,1.561697185));
#8716=DIRECTION('',(0.,0.,1.));
#8717=VECTOR('',#8716,3.);
#8718=LINE('',#8715,#8717);
#8719=EDGE_CURVE('',#3983,#1640,#8718,.T.);
#8720=ORIENTED_EDGE('',*,*,#8719,.T.);
#8721=ORIENTED_EDGE('',*,*,#1645,.F.);
#8722=CARTESIAN_POINT('',(115.602378153,-16.412566515,1.561697185));
#8723=DIRECTION('',(0.,0.,1.));
#8724=VECTOR('',#8723,3.);
#8725=LINE('',#8722,#8724);
#8726=EDGE_CURVE('',#3981,#1632,#8725,.T.);
#8727=ORIENTED_EDGE('',*,*,#8726,.F.);
#8728=EDGE_LOOP('',(#8714,#8720,#8721,#8727));
#8729=FACE_BOUND('',#8728,.T.);
#8730=ADVANCED_FACE('',(#8729),#8713,.T.);
#8731=CARTESIAN_POINT('',(107.802378153,-16.412566515,-45.438302815));
#8732=DIRECTION('',(0.,-1.,0.));
#8733=DIRECTION('',(0.,0.,-1.));
#8734=AXIS2_PLACEMENT_3D('',#8731,#8732,#8733);
#8735=PLANE('',#8734);
#8736=ORIENTED_EDGE('',*,*,#3996,.T.);
#8737=ORIENTED_EDGE('',*,*,#8726,.T.);
#8738=ORIENTED_EDGE('',*,*,#1637,.F.);
#8739=CARTESIAN_POINT('',(100.002378153,-16.412566515,1.561697185));
#8740=DIRECTION('',(0.,0.,1.));
#8741=VECTOR('',#8740,3.);
#8742=LINE('',#8739,#8741);
#8743=EDGE_CURVE('',#3991,#1630,#8742,.T.);
#8744=ORIENTED_EDGE('',*,*,#8743,.F.);
#8745=EDGE_LOOP('',(#8736,#8737,#8738,#8744));
#8746=FACE_BOUND('',#8745,.T.);
#8747=ADVANCED_FACE('',(#8746),#8735,.T.);
#8748=CARTESIAN_POINT('',(100.002378153,-17.712566515,-45.438302815));
#8749=DIRECTION('',(1.,0.,0.));
#8750=DIRECTION('',(0.,0.,-1.));
#8751=AXIS2_PLACEMENT_3D('',#8748,#8749,#8750);
#8752=PLANE('',#8751);
#8753=ORIENTED_EDGE('',*,*,#4004,.T.);
#8754=ORIENTED_EDGE('',*,*,#8743,.T.);
#8755=ORIENTED_EDGE('',*,*,#1659,.F.);
#8756=CARTESIAN_POINT('',(100.002378153,-32.012566515,1.561697185));
#8757=DIRECTION('',(0.,0.,1.));
#8758=VECTOR('',#8757,3.);
#8759=LINE('',#8756,#8758);
#8760=EDGE_CURVE('',#3999,#1648,#8759,.T.);
#8761=ORIENTED_EDGE('',*,*,#8760,.F.);
#8762=EDGE_LOOP('',(#8753,#8754,#8755,#8761));
#8763=FACE_BOUND('',#8762,.T.);
#8764=ADVANCED_FACE('',(#8763),#8752,.T.);
#8765=CARTESIAN_POINT('',(107.802378153,-32.012566515,-45.438302815));
#8766=DIRECTION('',(0.,-1.,0.));
#8767=DIRECTION('',(0.,0.,-1.));
#8768=AXIS2_PLACEMENT_3D('',#8765,#8766,#8767);
#8769=PLANE('',#8768);
#8770=ORIENTED_EDGE('',*,*,#8760,.T.);
#8771=ORIENTED_EDGE('',*,*,#1653,.T.);
#8772=ORIENTED_EDGE('',*,*,#8719,.F.);
#8773=ORIENTED_EDGE('',*,*,#4010,.F.);
#8774=EDGE_LOOP('',(#8770,#8771,#8772,#8773));
#8775=FACE_BOUND('',#8774,.T.);
#8776=ADVANCED_FACE('',(#8775),#8769,.F.);
#8777=CARTESIAN_POINT('',(121.952378153,-67.392566515,-45.438302815));
#8778=DIRECTION('',(-1.,0.,0.));
#8779=DIRECTION('',(0.,0.,1.));
#8780=AXIS2_PLACEMENT_3D('',#8777,#8778,#8779);
#8781=PLANE('',#8780);
#8782=ORIENTED_EDGE('',*,*,#5316,.T.);
#8783=CARTESIAN_POINT('',(121.952378153,-75.192566515,1.561697185));
#8784=DIRECTION('',(0.,0.,1.));
#8785=VECTOR('',#8784,3.);
#8786=LINE('',#8783,#8785);
#8787=EDGE_CURVE('',#5311,#1674,#8786,.T.);
#8788=ORIENTED_EDGE('',*,*,#8787,.T.);
#8789=ORIENTED_EDGE('',*,*,#1679,.F.);
#8790=CARTESIAN_POINT('',(121.952378153,-59.592566515,1.561697185));
#8791=DIRECTION('',(0.,0.,1.));
#8792=VECTOR('',#8791,3.);
#8793=LINE('',#8790,#8792);
#8794=EDGE_CURVE('',#5309,#1666,#8793,.T.);
#8795=ORIENTED_EDGE('',*,*,#8794,.F.);
#8796=EDGE_LOOP('',(#8782,#8788,#8789,#8795));
#8797=FACE_BOUND('',#8796,.T.);
#8798=ADVANCED_FACE('',(#8797),#8781,.T.);
#8799=CARTESIAN_POINT('',(114.152378153,-59.592566515,-45.438302815));
#8800=DIRECTION('',(0.,-1.,0.));
#8801=DIRECTION('',(0.,0.,-1.));
#8802=AXIS2_PLACEMENT_3D('',#8799,#8800,#8801);
#8803=PLANE('',#8802);
#8804=ORIENTED_EDGE('',*,*,#5324,.T.);
#8805=ORIENTED_EDGE('',*,*,#8794,.T.);
#8806=ORIENTED_EDGE('',*,*,#1671,.F.);
#8807=CARTESIAN_POINT('',(106.352378153,-59.592566515,1.561697185));
#8808=DIRECTION('',(0.,0.,1.));
#8809=VECTOR('',#8808,3.);
#8810=LINE('',#8807,#8809);
#8811=EDGE_CURVE('',#5319,#1664,#8810,.T.);
#8812=ORIENTED_EDGE('',*,*,#8811,.F.);
#8813=EDGE_LOOP('',(#8804,#8805,#8806,#8812));
#8814=FACE_BOUND('',#8813,.T.);
#8815=ADVANCED_FACE('',(#8814),#8803,.T.);
#8816=CARTESIAN_POINT('',(106.352378153,-60.892566515,-45.438302815));
#8817=DIRECTION('',(1.,0.,0.));
#8818=DIRECTION('',(0.,0.,-1.));
#8819=AXIS2_PLACEMENT_3D('',#8816,#8817,#8818);
#8820=PLANE('',#8819);
#8821=ORIENTED_EDGE('',*,*,#5332,.T.);
#8822=ORIENTED_EDGE('',*,*,#8811,.T.);
#8823=ORIENTED_EDGE('',*,*,#1693,.F.);
#8824=CARTESIAN_POINT('',(106.352378153,-75.192566515,1.561697185));
#8825=DIRECTION('',(0.,0.,1.));
#8826=VECTOR('',#8825,3.);
#8827=LINE('',#8824,#8826);
#8828=EDGE_CURVE('',#5327,#1682,#8827,.T.);
#8829=ORIENTED_EDGE('',*,*,#8828,.F.);
#8830=EDGE_LOOP('',(#8821,#8822,#8823,#8829));
#8831=FACE_BOUND('',#8830,.T.);
#8832=ADVANCED_FACE('',(#8831),#8820,.T.);
#8833=CARTESIAN_POINT('',(114.152378153,-75.192566515,-45.438302815));
#8834=DIRECTION('',(0.,-1.,0.));
#8835=DIRECTION('',(0.,0.,-1.));
#8836=AXIS2_PLACEMENT_3D('',#8833,#8834,#8835);
#8837=PLANE('',#8836);
#8838=ORIENTED_EDGE('',*,*,#8828,.T.);
#8839=ORIENTED_EDGE('',*,*,#1687,.T.);
#8840=ORIENTED_EDGE('',*,*,#8787,.F.);
#8841=ORIENTED_EDGE('',*,*,#5338,.F.);
#8842=EDGE_LOOP('',(#8838,#8839,#8840,#8841));
#8843=FACE_BOUND('',#8842,.T.);
#8844=ADVANCED_FACE('',(#8843),#8837,.F.);
#8845=CARTESIAN_POINT('',(118.142378153,-45.802566515,-45.438302815));
#8846=DIRECTION('',(1.,0.,0.));
#8847=DIRECTION('',(0.,0.,-1.));
#8848=AXIS2_PLACEMENT_3D('',#8845,#8846,#8847);
#8849=PLANE('',#8848);
#8850=CARTESIAN_POINT('',(118.142378153,-53.602566515,1.561697185));
#8851=DIRECTION('',(0.,0.,1.));
#8852=VECTOR('',#8851,3.);
#8853=LINE('',#8850,#8852);
#8854=EDGE_CURVE('',#3949,#338,#8853,.T.);
#8855=ORIENTED_EDGE('',*,*,#8854,.T.);
#8856=ORIENTED_EDGE('',*,*,#345,.T.);
#8857=CARTESIAN_POINT('',(118.142378153,-38.002566515,1.561697185));
#8858=DIRECTION('',(0.,0.,1.));
#8859=VECTOR('',#8858,3.);
#8860=LINE('',#8857,#8859);
#8861=EDGE_CURVE('',#3957,#340,#8860,.T.);
#8862=ORIENTED_EDGE('',*,*,#8861,.F.);
#8863=ORIENTED_EDGE('',*,*,#3962,.F.);
#8864=EDGE_LOOP('',(#8855,#8856,#8862,#8863));
#8865=FACE_BOUND('',#8864,.T.);
#8866=ADVANCED_FACE('',(#8865),#8849,.F.);
#8867=CARTESIAN_POINT('',(110.342378153,-38.002566515,-45.438302815));
#8868=DIRECTION('',(0.,-1.,0.));
#8869=DIRECTION('',(0.,0.,-1.));
#8870=AXIS2_PLACEMENT_3D('',#8867,#8868,#8869);
#8871=PLANE('',#8870);
#8872=ORIENTED_EDGE('',*,*,#3970,.T.);
#8873=ORIENTED_EDGE('',*,*,#8861,.T.);
#8874=ORIENTED_EDGE('',*,*,#367,.F.);
#8875=CARTESIAN_POINT('',(102.542378153,-38.002566515,1.561697185));
#8876=DIRECTION('',(0.,0.,1.));
#8877=VECTOR('',#8876,3.);
#8878=LINE('',#8875,#8877);
#8879=EDGE_CURVE('',#3965,#356,#8878,.T.);
#8880=ORIENTED_EDGE('',*,*,#8879,.F.);
#8881=EDGE_LOOP('',(#8872,#8873,#8874,#8880));
#8882=FACE_BOUND('',#8881,.T.);
#8883=ADVANCED_FACE('',(#8882),#8871,.T.);
#8884=CARTESIAN_POINT('',(102.542378153,-39.302566515,-45.438302815));
#8885=DIRECTION('',(1.,0.,0.));
#8886=DIRECTION('',(0.,0.,-1.));
#8887=AXIS2_PLACEMENT_3D('',#8884,#8885,#8886);
#8888=PLANE('',#8887);
#8889=ORIENTED_EDGE('',*,*,#3976,.T.);
#8890=ORIENTED_EDGE('',*,*,#8879,.T.);
#8891=ORIENTED_EDGE('',*,*,#361,.F.);
#8892=CARTESIAN_POINT('',(102.542378153,-53.602566515,1.561697185));
#8893=DIRECTION('',(0.,0.,1.));
#8894=VECTOR('',#8893,3.);
#8895=LINE('',#8892,#8894);
#8896=EDGE_CURVE('',#3947,#348,#8895,.T.);
#8897=ORIENTED_EDGE('',*,*,#8896,.F.);
#8898=EDGE_LOOP('',(#8889,#8890,#8891,#8897));
#8899=FACE_BOUND('',#8898,.T.);
#8900=ADVANCED_FACE('',(#8899),#8888,.T.);
#8901=CARTESIAN_POINT('',(110.342378153,-53.602566515,-45.438302815));
#8902=DIRECTION('',(0.,-1.,0.));
#8903=DIRECTION('',(0.,0.,-1.));
#8904=AXIS2_PLACEMENT_3D('',#8901,#8902,#8903);
#8905=PLANE('',#8904);
#8906=ORIENTED_EDGE('',*,*,#8896,.T.);
#8907=ORIENTED_EDGE('',*,*,#353,.T.);
#8908=ORIENTED_EDGE('',*,*,#8854,.F.);
#8909=ORIENTED_EDGE('',*,*,#3954,.F.);
#8910=EDGE_LOOP('',(#8906,#8907,#8908,#8909));
#8911=FACE_BOUND('',#8910,.T.);
#8912=ADVANCED_FACE('',(#8911),#8905,.F.);
#8913=CARTESIAN_POINT('',(135.922378153,-9.122566515,-45.438302815));
#8914=DIRECTION('',(-1.,0.,0.));
#8915=DIRECTION('',(0.,0.,1.));
#8916=AXIS2_PLACEMENT_3D('',#8913,#8914,#8915);
#8917=PLANE('',#8916);
#8918=ORIENTED_EDGE('',*,*,#3920,.T.);
#8919=CARTESIAN_POINT('',(135.922378153,-10.422566515,1.561697185));
#8920=DIRECTION('',(0.,0.,1.));
#8921=VECTOR('',#8920,3.);
#8922=LINE('',#8919,#8921);
#8923=EDGE_CURVE('',#3915,#1708,#8922,.T.);
#8924=ORIENTED_EDGE('',*,*,#8923,.T.);
#8925=ORIENTED_EDGE('',*,*,#1713,.F.);
#8926=CARTESIAN_POINT('',(135.922378153,5.177433485,1.561697185));
#8927=DIRECTION('',(0.,0.,1.));
#8928=VECTOR('',#8927,3.);
#8929=LINE('',#8926,#8928);
#8930=EDGE_CURVE('',#3913,#1700,#8929,.T.);
#8931=ORIENTED_EDGE('',*,*,#8930,.F.);
#8932=EDGE_LOOP('',(#8918,#8924,#8925,#8931));
#8933=FACE_BOUND('',#8932,.T.);
#8934=ADVANCED_FACE('',(#8933),#8917,.T.);
#8935=CARTESIAN_POINT('',(128.122378153,5.177433485,-45.438302815));
#8936=DIRECTION('',(0.,-1.,0.));
#8937=DIRECTION('',(0.,0.,-1.));
#8938=AXIS2_PLACEMENT_3D('',#8935,#8936,#8937);
#8939=PLANE('',#8938);
#8940=ORIENTED_EDGE('',*,*,#3928,.T.);
#8941=ORIENTED_EDGE('',*,*,#8930,.T.);
#8942=ORIENTED_EDGE('',*,*,#1705,.F.);
#8943=CARTESIAN_POINT('',(120.322378153,5.177433485,1.561697185));
#8944=DIRECTION('',(0.,0.,1.));
#8945=VECTOR('',#8944,3.);
#8946=LINE('',#8943,#8945);
#8947=EDGE_CURVE('',#3923,#1698,#8946,.T.);
#8948=ORIENTED_EDGE('',*,*,#8947,.F.);
#8949=EDGE_LOOP('',(#8940,#8941,#8942,#8948));
#8950=FACE_BOUND('',#8949,.T.);
#8951=ADVANCED_FACE('',(#8950),#8939,.T.);
#8952=CARTESIAN_POINT('',(120.322378153,3.877433485,-45.438302815));
#8953=DIRECTION('',(1.,0.,0.));
#8954=DIRECTION('',(0.,0.,-1.));
#8955=AXIS2_PLACEMENT_3D('',#8952,#8953,#8954);
#8956=PLANE('',#8955);
#8957=ORIENTED_EDGE('',*,*,#3936,.T.);
#8958=ORIENTED_EDGE('',*,*,#8947,.T.);
#8959=ORIENTED_EDGE('',*,*,#1727,.F.);
#8960=CARTESIAN_POINT('',(120.322378153,-10.422566515,1.561697185));
#8961=DIRECTION('',(0.,0.,1.));
#8962=VECTOR('',#8961,3.);
#8963=LINE('',#8960,#8962);
#8964=EDGE_CURVE('',#3931,#1716,#8963,.T.);
#8965=ORIENTED_EDGE('',*,*,#8964,.F.);
#8966=EDGE_LOOP('',(#8957,#8958,#8959,#8965));
#8967=FACE_BOUND('',#8966,.T.);
#8968=ADVANCED_FACE('',(#8967),#8956,.T.);
#8969=CARTESIAN_POINT('',(128.122378153,-10.422566515,-45.438302815));
#8970=DIRECTION('',(0.,1.,0.));
#8971=DIRECTION('',(0.,0.,1.));
#8972=AXIS2_PLACEMENT_3D('',#8969,#8970,#8971);
#8973=PLANE('',#8972);
#8974=ORIENTED_EDGE('',*,*,#3942,.T.);
#8975=ORIENTED_EDGE('',*,*,#8964,.T.);
#8976=ORIENTED_EDGE('',*,*,#1721,.F.);
#8977=ORIENTED_EDGE('',*,*,#8923,.F.);
#8978=EDGE_LOOP('',(#8974,#8975,#8976,#8977));
#8979=FACE_BOUND('',#8978,.T.);
#8980=ADVANCED_FACE('',(#8979),#8973,.T.);
#8981=CARTESIAN_POINT('',(74.962378153,-47.102566515,-45.438302815));
#8982=DIRECTION('',(1.,0.,0.));
#8983=DIRECTION('',(0.,0.,-1.));
#8984=AXIS2_PLACEMENT_3D('',#8981,#8982,#8983);
#8985=PLANE('',#8984);
#8986=CARTESIAN_POINT('',(74.962378153,-53.602566515,1.561697185));
#8987=DIRECTION('',(0.,0.,1.));
#8988=VECTOR('',#8987,3.);
#8989=LINE('',#8986,#8988);
#8990=EDGE_CURVE('',#5345,#304,#8989,.T.);
#8991=ORIENTED_EDGE('',*,*,#8990,.T.);
#8992=ORIENTED_EDGE('',*,*,#311,.T.);
#8993=CARTESIAN_POINT('',(74.962378153,-38.002566515,1.561697185));
#8994=DIRECTION('',(0.,0.,1.));
#8995=VECTOR('',#8994,3.);
#8996=LINE('',#8993,#8995);
#8997=EDGE_CURVE('',#5353,#306,#8996,.T.);
#8998=ORIENTED_EDGE('',*,*,#8997,.F.);
#8999=ORIENTED_EDGE('',*,*,#5358,.F.);
#9000=EDGE_LOOP('',(#8991,#8992,#8998,#8999));
#9001=FACE_BOUND('',#9000,.T.);
#9002=ADVANCED_FACE('',(#9001),#8985,.F.);
#9003=CARTESIAN_POINT('',(67.162378153,-38.002566515,-45.438302815));
#9004=DIRECTION('',(0.,1.,0.));
#9005=DIRECTION('',(0.,0.,1.));
#9006=AXIS2_PLACEMENT_3D('',#9003,#9004,#9005);
#9007=PLANE('',#9006);
#9008=ORIENTED_EDGE('',*,*,#8997,.T.);
#9009=ORIENTED_EDGE('',*,*,#333,.T.);
#9010=CARTESIAN_POINT('',(59.362378153,-38.002566515,1.561697185));
#9011=DIRECTION('',(0.,0.,1.));
#9012=VECTOR('',#9011,3.);
#9013=LINE('',#9010,#9012);
#9014=EDGE_CURVE('',#5361,#322,#9013,.T.);
#9015=ORIENTED_EDGE('',*,*,#9014,.F.);
#9016=ORIENTED_EDGE('',*,*,#5366,.F.);
#9017=EDGE_LOOP('',(#9008,#9009,#9015,#9016));
#9018=FACE_BOUND('',#9017,.T.);
#9019=ADVANCED_FACE('',(#9018),#9007,.F.);
#9020=CARTESIAN_POINT('',(59.362378153,-39.302566515,-45.438302815));
#9021=DIRECTION('',(1.,0.,0.));
#9022=DIRECTION('',(0.,0.,-1.));
#9023=AXIS2_PLACEMENT_3D('',#9020,#9021,#9022);
#9024=PLANE('',#9023);
#9025=ORIENTED_EDGE('',*,*,#5372,.T.);
#9026=ORIENTED_EDGE('',*,*,#9014,.T.);
#9027=ORIENTED_EDGE('',*,*,#327,.F.);
#9028=CARTESIAN_POINT('',(59.362378153,-53.602566515,1.561697185));
#9029=DIRECTION('',(0.,0.,1.));
#9030=VECTOR('',#9029,3.);
#9031=LINE('',#9028,#9030);
#9032=EDGE_CURVE('',#5343,#314,#9031,.T.);
#9033=ORIENTED_EDGE('',*,*,#9032,.F.);
#9034=EDGE_LOOP('',(#9025,#9026,#9027,#9033));
#9035=FACE_BOUND('',#9034,.T.);
#9036=ADVANCED_FACE('',(#9035),#9024,.T.);
#9037=CARTESIAN_POINT('',(67.162378153,-53.602566515,-45.438302815));
#9038=DIRECTION('',(0.,-1.,0.));
#9039=DIRECTION('',(0.,0.,-1.));
#9040=AXIS2_PLACEMENT_3D('',#9037,#9038,#9039);
#9041=PLANE('',#9040);
#9042=ORIENTED_EDGE('',*,*,#9032,.T.);
#9043=ORIENTED_EDGE('',*,*,#319,.T.);
#9044=ORIENTED_EDGE('',*,*,#8990,.F.);
#9045=ORIENTED_EDGE('',*,*,#5350,.F.);
#9046=EDGE_LOOP('',(#9042,#9043,#9044,#9045));
#9047=FACE_BOUND('',#9046,.T.);
#9048=ADVANCED_FACE('',(#9047),#9041,.F.);
#9049=CARTESIAN_POINT('',(239.882378153,-53.602566515,-45.438302815));
#9050=DIRECTION('',(0.,-1.,0.));
#9051=DIRECTION('',(0.,0.,-1.));
#9052=AXIS2_PLACEMENT_3D('',#9049,#9050,#9051);
#9053=PLANE('',#9052);
#9054=CARTESIAN_POINT('',(232.082378153,-53.602566515,1.561697185));
#9055=DIRECTION('',(0.,0.,1.));
#9056=VECTOR('',#9055,3.);
#9057=LINE('',#9054,#9056);
#9058=EDGE_CURVE('',#5379,#270,#9057,.T.);
#9059=ORIENTED_EDGE('',*,*,#9058,.T.);
#9060=ORIENTED_EDGE('',*,*,#277,.T.);
#9061=CARTESIAN_POINT('',(247.682378153,-53.602566515,1.561697185));
#9062=DIRECTION('',(0.,0.,1.));
#9063=VECTOR('',#9062,3.);
#9064=LINE('',#9061,#9063);
#9065=EDGE_CURVE('',#5387,#272,#9064,.T.);
#9066=ORIENTED_EDGE('',*,*,#9065,.F.);
#9067=ORIENTED_EDGE('',*,*,#5392,.F.);
#9068=EDGE_LOOP('',(#9059,#9060,#9066,#9067));
#9069=FACE_BOUND('',#9068,.T.);
#9070=ADVANCED_FACE('',(#9069),#9053,.F.);
#9071=CARTESIAN_POINT('',(247.682378153,-45.802566515,-45.438302815));
#9072=DIRECTION('',(1.,0.,0.));
#9073=DIRECTION('',(0.,0.,-1.));
#9074=AXIS2_PLACEMENT_3D('',#9071,#9072,#9073);
#9075=PLANE('',#9074);
#9076=ORIENTED_EDGE('',*,*,#9065,.T.);
#9077=ORIENTED_EDGE('',*,*,#299,.T.);
#9078=CARTESIAN_POINT('',(247.682378153,-38.002566515,1.561697185));
#9079=DIRECTION('',(0.,0.,1.));
#9080=VECTOR('',#9079,3.);
#9081=LINE('',#9078,#9080);
#9082=EDGE_CURVE('',#5395,#288,#9081,.T.);
#9083=ORIENTED_EDGE('',*,*,#9082,.F.);
#9084=ORIENTED_EDGE('',*,*,#5400,.F.);
#9085=EDGE_LOOP('',(#9076,#9077,#9083,#9084));
#9086=FACE_BOUND('',#9085,.T.);
#9087=ADVANCED_FACE('',(#9086),#9075,.F.);
#9088=CARTESIAN_POINT('',(239.882378153,-38.002566515,-45.438302815));
#9089=DIRECTION('',(0.,-1.,0.));
#9090=DIRECTION('',(0.,0.,-1.));
#9091=AXIS2_PLACEMENT_3D('',#9088,#9089,#9090);
#9092=PLANE('',#9091);
#9093=ORIENTED_EDGE('',*,*,#5406,.T.);
#9094=ORIENTED_EDGE('',*,*,#9082,.T.);
#9095=ORIENTED_EDGE('',*,*,#293,.F.);
#9096=CARTESIAN_POINT('',(232.082378153,-38.002566515,1.561697185));
#9097=DIRECTION('',(0.,0.,1.));
#9098=VECTOR('',#9097,3.);
#9099=LINE('',#9096,#9098);
#9100=EDGE_CURVE('',#5377,#280,#9099,.T.);
#9101=ORIENTED_EDGE('',*,*,#9100,.F.);
#9102=EDGE_LOOP('',(#9093,#9094,#9095,#9101));
#9103=FACE_BOUND('',#9102,.T.);
#9104=ADVANCED_FACE('',(#9103),#9092,.T.);
#9105=CARTESIAN_POINT('',(232.082378153,-44.502566515,-45.438302815));
#9106=DIRECTION('',(-1.,0.,0.));
#9107=DIRECTION('',(0.,0.,1.));
#9108=AXIS2_PLACEMENT_3D('',#9105,#9106,#9107);
#9109=PLANE('',#9108);
#9110=ORIENTED_EDGE('',*,*,#9100,.T.);
#9111=ORIENTED_EDGE('',*,*,#285,.T.);
#9112=ORIENTED_EDGE('',*,*,#9058,.F.);
#9113=ORIENTED_EDGE('',*,*,#5384,.F.);
#9114=EDGE_LOOP('',(#9110,#9111,#9112,#9113));
#9115=FACE_BOUND('',#9114,.T.);
#9116=ADVANCED_FACE('',(#9115),#9109,.F.);
#9117=CARTESIAN_POINT('',(180.372378153,-24.212566515,-45.438302815));
#9118=DIRECTION('',(-1.,0.,0.));
#9119=DIRECTION('',(0.,0.,1.));
#9120=AXIS2_PLACEMENT_3D('',#9117,#9118,#9119);
#9121=PLANE('',#9120);
#9122=ORIENTED_EDGE('',*,*,#5418,.T.);
#9123=CARTESIAN_POINT('',(180.372378153,-32.012566515,1.561697185));
#9124=DIRECTION('',(0.,0.,1.));
#9125=VECTOR('',#9124,3.);
#9126=LINE('',#9123,#9125);
#9127=EDGE_CURVE('',#5413,#1742,#9126,.T.);
#9128=ORIENTED_EDGE('',*,*,#9127,.T.);
#9129=ORIENTED_EDGE('',*,*,#1747,.F.);
#9130=CARTESIAN_POINT('',(180.372378153,-16.412566515,1.561697185));
#9131=DIRECTION('',(0.,0.,1.));
#9132=VECTOR('',#9131,3.);
#9133=LINE('',#9130,#9132);
#9134=EDGE_CURVE('',#5411,#1734,#9133,.T.);
#9135=ORIENTED_EDGE('',*,*,#9134,.F.);
#9136=EDGE_LOOP('',(#9122,#9128,#9129,#9135));
#9137=FACE_BOUND('',#9136,.T.);
#9138=ADVANCED_FACE('',(#9137),#9121,.T.);
#9139=CARTESIAN_POINT('',(172.572378153,-16.412566515,-45.438302815));
#9140=DIRECTION('',(0.,-1.,0.));
#9141=DIRECTION('',(0.,0.,-1.));
#9142=AXIS2_PLACEMENT_3D('',#9139,#9140,#9141);
#9143=PLANE('',#9142);
#9144=ORIENTED_EDGE('',*,*,#5426,.T.);
#9145=ORIENTED_EDGE('',*,*,#9134,.T.);
#9146=ORIENTED_EDGE('',*,*,#1739,.F.);
#9147=CARTESIAN_POINT('',(164.772378153,-16.412566515,1.561697185));
#9148=DIRECTION('',(0.,0.,1.));
#9149=VECTOR('',#9148,3.);
#9150=LINE('',#9147,#9149);
#9151=EDGE_CURVE('',#5421,#1732,#9150,.T.);
#9152=ORIENTED_EDGE('',*,*,#9151,.F.);
#9153=EDGE_LOOP('',(#9144,#9145,#9146,#9152));
#9154=FACE_BOUND('',#9153,.T.);
#9155=ADVANCED_FACE('',(#9154),#9143,.T.);
#9156=CARTESIAN_POINT('',(164.772378153,-24.212566515,-45.438302815));
#9157=DIRECTION('',(1.,0.,0.));
#9158=DIRECTION('',(0.,0.,-1.));
#9159=AXIS2_PLACEMENT_3D('',#9156,#9157,#9158);
#9160=PLANE('',#9159);
#9161=ORIENTED_EDGE('',*,*,#5434,.T.);
#9162=ORIENTED_EDGE('',*,*,#9151,.T.);
#9163=ORIENTED_EDGE('',*,*,#1761,.F.);
#9164=CARTESIAN_POINT('',(164.772378153,-32.012566515,1.561697185));
#9165=DIRECTION('',(0.,0.,1.));
#9166=VECTOR('',#9165,3.);
#9167=LINE('',#9164,#9166);
#9168=EDGE_CURVE('',#5429,#1750,#9167,.T.);
#9169=ORIENTED_EDGE('',*,*,#9168,.F.);
#9170=EDGE_LOOP('',(#9161,#9162,#9163,#9169));
#9171=FACE_BOUND('',#9170,.T.);
#9172=ADVANCED_FACE('',(#9171),#9160,.T.);
#9173=CARTESIAN_POINT('',(172.572378153,-32.012566515,-45.438302815));
#9174=DIRECTION('',(0.,-1.,0.));
#9175=DIRECTION('',(0.,0.,-1.));
#9176=AXIS2_PLACEMENT_3D('',#9173,#9174,#9175);
#9177=PLANE('',#9176);
#9178=ORIENTED_EDGE('',*,*,#9168,.T.);
#9179=ORIENTED_EDGE('',*,*,#1755,.T.);
#9180=ORIENTED_EDGE('',*,*,#9127,.F.);
#9181=ORIENTED_EDGE('',*,*,#5440,.F.);
#9182=EDGE_LOOP('',(#9178,#9179,#9180,#9181));
#9183=FACE_BOUND('',#9182,.T.);
#9184=ADVANCED_FACE('',(#9183),#9177,.F.);
#9185=CARTESIAN_POINT('',(208.312378153,-90.252566515,-45.438302815));
#9186=DIRECTION('',(-1.,0.,0.));
#9187=DIRECTION('',(0.,0.,1.));
#9188=AXIS2_PLACEMENT_3D('',#9185,#9186,#9187);
#9189=PLANE('',#9188);
#9190=ORIENTED_EDGE('',*,*,#3886,.T.);
#9191=CARTESIAN_POINT('',(208.312378153,-98.052566515,1.561697185));
#9192=DIRECTION('',(0.,0.,1.));
#9193=VECTOR('',#9192,3.);
#9194=LINE('',#9191,#9193);
#9195=EDGE_CURVE('',#3881,#1776,#9194,.T.);
#9196=ORIENTED_EDGE('',*,*,#9195,.T.);
#9197=ORIENTED_EDGE('',*,*,#1781,.F.);
#9198=CARTESIAN_POINT('',(208.312378153,-82.452566515,1.561697185));
#9199=DIRECTION('',(0.,0.,1.));
#9200=VECTOR('',#9199,3.);
#9201=LINE('',#9198,#9200);
#9202=EDGE_CURVE('',#3879,#1768,#9201,.T.);
#9203=ORIENTED_EDGE('',*,*,#9202,.F.);
#9204=EDGE_LOOP('',(#9190,#9196,#9197,#9203));
#9205=FACE_BOUND('',#9204,.T.);
#9206=ADVANCED_FACE('',(#9205),#9189,.T.);
#9207=CARTESIAN_POINT('',(200.512378153,-82.452566515,-45.438302815));
#9208=DIRECTION('',(0.,-1.,0.));
#9209=DIRECTION('',(0.,0.,-1.));
#9210=AXIS2_PLACEMENT_3D('',#9207,#9208,#9209);
#9211=PLANE('',#9210);
#9212=ORIENTED_EDGE('',*,*,#3894,.T.);
#9213=ORIENTED_EDGE('',*,*,#9202,.T.);
#9214=ORIENTED_EDGE('',*,*,#1773,.F.);
#9215=CARTESIAN_POINT('',(192.712378153,-82.452566515,1.561697185));
#9216=DIRECTION('',(0.,0.,1.));
#9217=VECTOR('',#9216,3.);
#9218=LINE('',#9215,#9217);
#9219=EDGE_CURVE('',#3889,#1766,#9218,.T.);
#9220=ORIENTED_EDGE('',*,*,#9219,.F.);
#9221=EDGE_LOOP('',(#9212,#9213,#9214,#9220));
#9222=FACE_BOUND('',#9221,.T.);
#9223=ADVANCED_FACE('',(#9222),#9211,.T.);
#9224=CARTESIAN_POINT('',(192.712378153,-88.952566515,-45.438302815));
#9225=DIRECTION('',(1.,0.,0.));
#9226=DIRECTION('',(0.,0.,-1.));
#9227=AXIS2_PLACEMENT_3D('',#9224,#9225,#9226);
#9228=PLANE('',#9227);
#9229=ORIENTED_EDGE('',*,*,#3902,.T.);
#9230=ORIENTED_EDGE('',*,*,#9219,.T.);
#9231=ORIENTED_EDGE('',*,*,#1795,.F.);
#9232=CARTESIAN_POINT('',(192.712378153,-98.052566515,1.561697185));
#9233=DIRECTION('',(0.,0.,1.));
#9234=VECTOR('',#9233,3.);
#9235=LINE('',#9232,#9234);
#9236=EDGE_CURVE('',#3897,#1784,#9235,.T.);
#9237=ORIENTED_EDGE('',*,*,#9236,.F.);
#9238=EDGE_LOOP('',(#9229,#9230,#9231,#9237));
#9239=FACE_BOUND('',#9238,.T.);
#9240=ADVANCED_FACE('',(#9239),#9228,.T.);
#9241=CARTESIAN_POINT('',(200.512378153,-98.052566515,-45.438302815));
#9242=DIRECTION('',(0.,1.,0.));
#9243=DIRECTION('',(0.,0.,1.));
#9244=AXIS2_PLACEMENT_3D('',#9241,#9242,#9243);
#9245=PLANE('',#9244);
#9246=ORIENTED_EDGE('',*,*,#3908,.T.);
#9247=ORIENTED_EDGE('',*,*,#9236,.T.);
#9248=ORIENTED_EDGE('',*,*,#1789,.F.);
#9249=ORIENTED_EDGE('',*,*,#9195,.F.);
#9250=EDGE_LOOP('',(#9246,#9247,#9248,#9249));
#9251=FACE_BOUND('',#9250,.T.);
#9252=ADVANCED_FACE('',(#9251),#9245,.T.);
#9253=CARTESIAN_POINT('',(290.862378153,-45.802566515,-45.438302815));
#9254=DIRECTION('',(-1.,0.,0.));
#9255=DIRECTION('',(0.,0.,1.));
#9256=AXIS2_PLACEMENT_3D('',#9253,#9254,#9255);
#9257=PLANE('',#9256);
#9258=ORIENTED_EDGE('',*,*,#5452,.T.);
#9259=CARTESIAN_POINT('',(290.862378153,-53.602566515,1.561697185));
#9260=DIRECTION('',(0.,0.,1.));
#9261=VECTOR('',#9260,3.);
#9262=LINE('',#9259,#9261);
#9263=EDGE_CURVE('',#5447,#1810,#9262,.T.);
#9264=ORIENTED_EDGE('',*,*,#9263,.T.);
#9265=ORIENTED_EDGE('',*,*,#1815,.F.);
#9266=CARTESIAN_POINT('',(290.862378153,-38.002566515,1.561697185));
#9267=DIRECTION('',(0.,0.,1.));
#9268=VECTOR('',#9267,3.);
#9269=LINE('',#9266,#9268);
#9270=EDGE_CURVE('',#5445,#1800,#9269,.T.);
#9271=ORIENTED_EDGE('',*,*,#9270,.F.);
#9272=EDGE_LOOP('',(#9258,#9264,#9265,#9271));
#9273=FACE_BOUND('',#9272,.T.);
#9274=ADVANCED_FACE('',(#9273),#9257,.T.);
#9275=CARTESIAN_POINT('',(283.062378153,-38.002566515,-45.438302815));
#9276=DIRECTION('',(0.,1.,0.));
#9277=DIRECTION('',(0.,0.,1.));
#9278=AXIS2_PLACEMENT_3D('',#9275,#9276,#9277);
#9279=PLANE('',#9278);
#9280=ORIENTED_EDGE('',*,*,#9270,.T.);
#9281=ORIENTED_EDGE('',*,*,#1807,.T.);
#9282=CARTESIAN_POINT('',(275.262378153,-38.002566515,1.561697185));
#9283=DIRECTION('',(0.,0.,1.));
#9284=VECTOR('',#9283,3.);
#9285=LINE('',#9282,#9284);
#9286=EDGE_CURVE('',#5455,#1802,#9285,.T.);
#9287=ORIENTED_EDGE('',*,*,#9286,.F.);
#9288=ORIENTED_EDGE('',*,*,#5460,.F.);
#9289=EDGE_LOOP('',(#9280,#9281,#9287,#9288));
#9290=FACE_BOUND('',#9289,.T.);
#9291=ADVANCED_FACE('',(#9290),#9279,.F.);
#9292=CARTESIAN_POINT('',(275.262378153,-39.302566515,-45.438302815));
#9293=DIRECTION('',(1.,0.,0.));
#9294=DIRECTION('',(0.,0.,-1.));
#9295=AXIS2_PLACEMENT_3D('',#9292,#9293,#9294);
#9296=PLANE('',#9295);
#9297=ORIENTED_EDGE('',*,*,#5468,.T.);
#9298=ORIENTED_EDGE('',*,*,#9286,.T.);
#9299=ORIENTED_EDGE('',*,*,#1829,.F.);
#9300=CARTESIAN_POINT('',(275.262378153,-53.602566515,1.561697185));
#9301=DIRECTION('',(0.,0.,1.));
#9302=VECTOR('',#9301,3.);
#9303=LINE('',#9300,#9302);
#9304=EDGE_CURVE('',#5463,#1818,#9303,.T.);
#9305=ORIENTED_EDGE('',*,*,#9304,.F.);
#9306=EDGE_LOOP('',(#9297,#9298,#9299,#9305));
#9307=FACE_BOUND('',#9306,.T.);
#9308=ADVANCED_FACE('',(#9307),#9296,.T.);
#9309=CARTESIAN_POINT('',(283.062378153,-53.602566515,-45.438302815));
#9310=DIRECTION('',(0.,-1.,0.));
#9311=DIRECTION('',(0.,0.,-1.));
#9312=AXIS2_PLACEMENT_3D('',#9309,#9310,#9311);
#9313=PLANE('',#9312);
#9314=ORIENTED_EDGE('',*,*,#9304,.T.);
#9315=ORIENTED_EDGE('',*,*,#1823,.T.);
#9316=ORIENTED_EDGE('',*,*,#9263,.F.);
#9317=ORIENTED_EDGE('',*,*,#5474,.F.);
#9318=EDGE_LOOP('',(#9314,#9315,#9316,#9317));
#9319=FACE_BOUND('',#9318,.T.);
#9320=ADVANCED_FACE('',(#9319),#9313,.F.);
#9321=CARTESIAN_POINT('',(374.682378153,-9.122566515,-45.438302815));
#9322=DIRECTION('',(-1.,0.,0.));
#9323=DIRECTION('',(0.,0.,1.));
#9324=AXIS2_PLACEMENT_3D('',#9321,#9322,#9323);
#9325=PLANE('',#9324);
#9326=ORIENTED_EDGE('',*,*,#3852,.T.);
#9327=CARTESIAN_POINT('',(374.682378153,-10.422566515,1.561697185));
#9328=DIRECTION('',(0.,0.,1.));
#9329=VECTOR('',#9328,3.);
#9330=LINE('',#9327,#9329);
#9331=EDGE_CURVE('',#3847,#1844,#9330,.T.);
#9332=ORIENTED_EDGE('',*,*,#9331,.T.);
#9333=ORIENTED_EDGE('',*,*,#1849,.F.);
#9334=CARTESIAN_POINT('',(374.682378153,5.177433485,1.561697185));
#9335=DIRECTION('',(0.,0.,1.));
#9336=VECTOR('',#9335,3.);
#9337=LINE('',#9334,#9336);
#9338=EDGE_CURVE('',#3845,#1836,#9337,.T.);
#9339=ORIENTED_EDGE('',*,*,#9338,.F.);
#9340=EDGE_LOOP('',(#9326,#9332,#9333,#9339));
#9341=FACE_BOUND('',#9340,.T.);
#9342=ADVANCED_FACE('',(#9341),#9325,.T.);
#9343=CARTESIAN_POINT('',(366.882378153,5.177433485,-45.438302815));
#9344=DIRECTION('',(0.,-1.,0.));
#9345=DIRECTION('',(0.,0.,-1.));
#9346=AXIS2_PLACEMENT_3D('',#9343,#9344,#9345);
#9347=PLANE('',#9346);
#9348=ORIENTED_EDGE('',*,*,#3860,.T.);
#9349=ORIENTED_EDGE('',*,*,#9338,.T.);
#9350=ORIENTED_EDGE('',*,*,#1841,.F.);
#9351=CARTESIAN_POINT('',(359.082378153,5.177433485,1.561697185));
#9352=DIRECTION('',(0.,0.,1.));
#9353=VECTOR('',#9352,3.);
#9354=LINE('',#9351,#9353);
#9355=EDGE_CURVE('',#3855,#1834,#9354,.T.);
#9356=ORIENTED_EDGE('',*,*,#9355,.F.);
#9357=EDGE_LOOP('',(#9348,#9349,#9350,#9356));
#9358=FACE_BOUND('',#9357,.T.);
#9359=ADVANCED_FACE('',(#9358),#9347,.T.);
#9360=CARTESIAN_POINT('',(359.082378153,3.877433485,-45.438302815));
#9361=DIRECTION('',(1.,0.,0.));
#9362=DIRECTION('',(0.,0.,-1.));
#9363=AXIS2_PLACEMENT_3D('',#9360,#9361,#9362);
#9364=PLANE('',#9363);
#9365=ORIENTED_EDGE('',*,*,#3868,.T.);
#9366=ORIENTED_EDGE('',*,*,#9355,.T.);
#9367=ORIENTED_EDGE('',*,*,#1863,.F.);
#9368=CARTESIAN_POINT('',(359.082378153,-10.422566515,1.561697185));
#9369=DIRECTION('',(0.,0.,1.));
#9370=VECTOR('',#9369,3.);
#9371=LINE('',#9368,#9370);
#9372=EDGE_CURVE('',#3863,#1852,#9371,.T.);
#9373=ORIENTED_EDGE('',*,*,#9372,.F.);
#9374=EDGE_LOOP('',(#9365,#9366,#9367,#9373));
#9375=FACE_BOUND('',#9374,.T.);
#9376=ADVANCED_FACE('',(#9375),#9364,.T.);
#9377=CARTESIAN_POINT('',(366.882378153,-10.422566515,-45.438302815));
#9378=DIRECTION('',(0.,-1.,0.));
#9379=DIRECTION('',(0.,0.,-1.));
#9380=AXIS2_PLACEMENT_3D('',#9377,#9378,#9379);
#9381=PLANE('',#9380);
#9382=ORIENTED_EDGE('',*,*,#9372,.T.);
#9383=ORIENTED_EDGE('',*,*,#1857,.T.);
#9384=ORIENTED_EDGE('',*,*,#9331,.F.);
#9385=ORIENTED_EDGE('',*,*,#3874,.F.);
#9386=EDGE_LOOP('',(#9382,#9383,#9384,#9385));
#9387=FACE_BOUND('',#9386,.T.);
#9388=ADVANCED_FACE('',(#9387),#9381,.F.);
#9389=CARTESIAN_POINT('',(120.682378153,-90.252566515,-45.438302815));
#9390=DIRECTION('',(-1.,0.,0.));
#9391=DIRECTION('',(0.,0.,1.));
#9392=AXIS2_PLACEMENT_3D('',#9389,#9390,#9391);
#9393=PLANE('',#9392);
#9394=ORIENTED_EDGE('',*,*,#5486,.T.);
#9395=CARTESIAN_POINT('',(120.682378153,-98.052566515,1.561697185));
#9396=DIRECTION('',(0.,0.,1.));
#9397=VECTOR('',#9396,3.);
#9398=LINE('',#9395,#9397);
#9399=EDGE_CURVE('',#5481,#1878,#9398,.T.);
#9400=ORIENTED_EDGE('',*,*,#9399,.T.);
#9401=ORIENTED_EDGE('',*,*,#1883,.F.);
#9402=CARTESIAN_POINT('',(120.682378153,-82.452566515,1.561697185));
#9403=DIRECTION('',(0.,0.,1.));
#9404=VECTOR('',#9403,3.);
#9405=LINE('',#9402,#9404);
#9406=EDGE_CURVE('',#5479,#1870,#9405,.T.);
#9407=ORIENTED_EDGE('',*,*,#9406,.F.);
#9408=EDGE_LOOP('',(#9394,#9400,#9401,#9407));
#9409=FACE_BOUND('',#9408,.T.);
#9410=ADVANCED_FACE('',(#9409),#9393,.T.);
#9411=CARTESIAN_POINT('',(112.882378153,-82.452566515,-45.438302815));
#9412=DIRECTION('',(0.,-1.,0.));
#9413=DIRECTION('',(0.,0.,-1.));
#9414=AXIS2_PLACEMENT_3D('',#9411,#9412,#9413);
#9415=PLANE('',#9414);
#9416=ORIENTED_EDGE('',*,*,#5494,.T.);
#9417=ORIENTED_EDGE('',*,*,#9406,.T.);
#9418=ORIENTED_EDGE('',*,*,#1875,.F.);
#9419=CARTESIAN_POINT('',(105.082378153,-82.452566515,1.561697185));
#9420=DIRECTION('',(0.,0.,1.));
#9421=VECTOR('',#9420,3.);
#9422=LINE('',#9419,#9421);
#9423=EDGE_CURVE('',#5489,#1868,#9422,.T.);
#9424=ORIENTED_EDGE('',*,*,#9423,.F.);
#9425=EDGE_LOOP('',(#9416,#9417,#9418,#9424));
#9426=FACE_BOUND('',#9425,.T.);
#9427=ADVANCED_FACE('',(#9426),#9415,.T.);
#9428=CARTESIAN_POINT('',(105.082378153,-83.752566515,-45.438302815));
#9429=DIRECTION('',(1.,0.,0.));
#9430=DIRECTION('',(0.,0.,-1.));
#9431=AXIS2_PLACEMENT_3D('',#9428,#9429,#9430);
#9432=PLANE('',#9431);
#9433=ORIENTED_EDGE('',*,*,#5502,.T.);
#9434=ORIENTED_EDGE('',*,*,#9423,.T.);
#9435=ORIENTED_EDGE('',*,*,#1897,.F.);
#9436=CARTESIAN_POINT('',(105.082378153,-98.052566515,1.561697185));
#9437=DIRECTION('',(0.,0.,1.));
#9438=VECTOR('',#9437,3.);
#9439=LINE('',#9436,#9438);
#9440=EDGE_CURVE('',#5497,#1886,#9439,.T.);
#9441=ORIENTED_EDGE('',*,*,#9440,.F.);
#9442=EDGE_LOOP('',(#9433,#9434,#9435,#9441));
#9443=FACE_BOUND('',#9442,.T.);
#9444=ADVANCED_FACE('',(#9443),#9432,.T.);
#9445=CARTESIAN_POINT('',(112.882378153,-98.052566515,-45.438302815));
#9446=DIRECTION('',(0.,1.,0.));
#9447=DIRECTION('',(0.,0.,1.));
#9448=AXIS2_PLACEMENT_3D('',#9445,#9446,#9447);
#9449=PLANE('',#9448);
#9450=ORIENTED_EDGE('',*,*,#5508,.T.);
#9451=ORIENTED_EDGE('',*,*,#9440,.T.);
#9452=ORIENTED_EDGE('',*,*,#1891,.F.);
#9453=ORIENTED_EDGE('',*,*,#9399,.F.);
#9454=EDGE_LOOP('',(#9450,#9451,#9452,#9453));
#9455=FACE_BOUND('',#9454,.T.);
#9456=ADVANCED_FACE('',(#9455),#9449,.T.);
#9457=CARTESIAN_POINT('',(112.552378153,-111.532566515,-45.438302815));
#9458=DIRECTION('',(-1.,0.,0.));
#9459=DIRECTION('',(0.,0.,1.));
#9460=AXIS2_PLACEMENT_3D('',#9457,#9458,#9459);
#9461=PLANE('',#9460);
#9462=ORIENTED_EDGE('',*,*,#3818,.T.);
#9463=CARTESIAN_POINT('',(112.552378153,-121.532566515,1.561697185));
#9464=DIRECTION('',(0.,0.,1.));
#9465=VECTOR('',#9464,3.);
#9466=LINE('',#9463,#9465);
#9467=EDGE_CURVE('',#3813,#1912,#9466,.T.);
#9468=ORIENTED_EDGE('',*,*,#9467,.T.);
#9469=ORIENTED_EDGE('',*,*,#1917,.F.);
#9470=CARTESIAN_POINT('',(112.552378153,-101.532566515,1.561697185));
#9471=DIRECTION('',(0.,0.,1.));
#9472=VECTOR('',#9471,3.);
#9473=LINE('',#9470,#9472);
#9474=EDGE_CURVE('',#3811,#1904,#9473,.T.);
#9475=ORIENTED_EDGE('',*,*,#9474,.F.);
#9476=EDGE_LOOP('',(#9462,#9468,#9469,#9475));
#9477=FACE_BOUND('',#9476,.T.);
#9478=ADVANCED_FACE('',(#9477),#9461,.T.);
#9479=CARTESIAN_POINT('',(109.552378153,-101.532566515,-45.438302815));
#9480=DIRECTION('',(-0.,-1.,0.));
#9481=DIRECTION('',(1.,-0.,0.));
#9482=AXIS2_PLACEMENT_3D('',#9479,#9480,#9481);
#9483=PLANE('',#9482);
#9484=ORIENTED_EDGE('',*,*,#3826,.T.);
#9485=ORIENTED_EDGE('',*,*,#9474,.T.);
#9486=ORIENTED_EDGE('',*,*,#1909,.F.);
#9487=CARTESIAN_POINT('',(106.552378153,-101.532566515,1.561697185));
#9488=DIRECTION('',(0.,0.,1.));
#9489=VECTOR('',#9488,3.);
#9490=LINE('',#9487,#9489);
#9491=EDGE_CURVE('',#3821,#1902,#9490,.T.);
#9492=ORIENTED_EDGE('',*,*,#9491,.F.);
#9493=EDGE_LOOP('',(#9484,#9485,#9486,#9492));
#9494=FACE_BOUND('',#9493,.T.);
#9495=ADVANCED_FACE('',(#9494),#9483,.T.);
#9496=CARTESIAN_POINT('',(106.552378153,-111.532566515,-45.438302815));
#9497=DIRECTION('',(1.,0.,0.));
#9498=DIRECTION('',(0.,0.,-1.));
#9499=AXIS2_PLACEMENT_3D('',#9496,#9497,#9498);
#9500=PLANE('',#9499);
#9501=ORIENTED_EDGE('',*,*,#3834,.T.);
#9502=ORIENTED_EDGE('',*,*,#9491,.T.);
#9503=ORIENTED_EDGE('',*,*,#1931,.F.);
#9504=CARTESIAN_POINT('',(106.552378153,-121.532566515,1.561697185));
#9505=DIRECTION('',(0.,0.,1.));
#9506=VECTOR('',#9505,3.);
#9507=LINE('',#9504,#9506);
#9508=EDGE_CURVE('',#3829,#1920,#9507,.T.);
#9509=ORIENTED_EDGE('',*,*,#9508,.F.);
#9510=EDGE_LOOP('',(#9501,#9502,#9503,#9509));
#9511=FACE_BOUND('',#9510,.T.);
#9512=ADVANCED_FACE('',(#9511),#9500,.T.);
#9513=CARTESIAN_POINT('',(109.552378153,-121.532566515,-45.438302815));
#9514=DIRECTION('',(0.,1.,0.));
#9515=DIRECTION('',(0.,0.,1.));
#9516=AXIS2_PLACEMENT_3D('',#9513,#9514,#9515);
#9517=PLANE('',#9516);
#9518=ORIENTED_EDGE('',*,*,#3840,.T.);
#9519=ORIENTED_EDGE('',*,*,#9508,.T.);
#9520=ORIENTED_EDGE('',*,*,#1925,.F.);
#9521=ORIENTED_EDGE('',*,*,#9467,.F.);
#9522=EDGE_LOOP('',(#9518,#9519,#9520,#9521));
#9523=FACE_BOUND('',#9522,.T.);
#9524=ADVANCED_FACE('',(#9523),#9517,.T.);
#9525=CARTESIAN_POINT('',(335.552378153,-68.032566515,-45.438302815));
#9526=DIRECTION('',(-1.,0.,0.));
#9527=DIRECTION('',(0.,0.,1.));
#9528=AXIS2_PLACEMENT_3D('',#9525,#9526,#9527);
#9529=PLANE('',#9528);
#9530=ORIENTED_EDGE('',*,*,#5520,.T.);
#9531=CARTESIAN_POINT('',(335.552378153,-78.532566515,1.561697185));
#9532=DIRECTION('',(0.,0.,1.));
#9533=VECTOR('',#9532,3.);
#9534=LINE('',#9531,#9533);
#9535=EDGE_CURVE('',#5515,#1946,#9534,.T.);
#9536=ORIENTED_EDGE('',*,*,#9535,.T.);
#9537=ORIENTED_EDGE('',*,*,#1951,.F.);
#9538=CARTESIAN_POINT('',(335.552378153,-57.532566515,1.561697185));
#9539=DIRECTION('',(0.,0.,1.));
#9540=VECTOR('',#9539,3.);
#9541=LINE('',#9538,#9540);
#9542=EDGE_CURVE('',#5513,#1938,#9541,.T.);
#9543=ORIENTED_EDGE('',*,*,#9542,.F.);
#9544=EDGE_LOOP('',(#9530,#9536,#9537,#9543));
#9545=FACE_BOUND('',#9544,.T.);
#9546=ADVANCED_FACE('',(#9545),#9529,.T.);
#9547=CARTESIAN_POINT('',(332.552378153,-57.532566515,-45.438302815));
#9548=DIRECTION('',(-0.,-1.,0.));
#9549=DIRECTION('',(1.,-0.,0.));
#9550=AXIS2_PLACEMENT_3D('',#9547,#9548,#9549);
#9551=PLANE('',#9550);
#9552=ORIENTED_EDGE('',*,*,#5528,.T.);
#9553=ORIENTED_EDGE('',*,*,#9542,.T.);
#9554=ORIENTED_EDGE('',*,*,#1943,.F.);
#9555=CARTESIAN_POINT('',(329.552378153,-57.532566515,1.561697185));
#9556=DIRECTION('',(0.,0.,1.));
#9557=VECTOR('',#9556,3.);
#9558=LINE('',#9555,#9557);
#9559=EDGE_CURVE('',#5523,#1936,#9558,.T.);
#9560=ORIENTED_EDGE('',*,*,#9559,.F.);
#9561=EDGE_LOOP('',(#9552,#9553,#9554,#9560));
#9562=FACE_BOUND('',#9561,.T.);
#9563=ADVANCED_FACE('',(#9562),#9551,.T.);
#9564=CARTESIAN_POINT('',(329.552378153,-68.032566515,-45.438302815));
#9565=DIRECTION('',(1.,0.,0.));
#9566=DIRECTION('',(0.,0.,-1.));
#9567=AXIS2_PLACEMENT_3D('',#9564,#9565,#9566);
#9568=PLANE('',#9567);
#9569=ORIENTED_EDGE('',*,*,#5536,.T.);
#9570=ORIENTED_EDGE('',*,*,#9559,.T.);
#9571=ORIENTED_EDGE('',*,*,#1965,.F.);
#9572=CARTESIAN_POINT('',(329.552378153,-78.532566515,1.561697185));
#9573=DIRECTION('',(0.,0.,1.));
#9574=VECTOR('',#9573,3.);
#9575=LINE('',#9572,#9574);
#9576=EDGE_CURVE('',#5531,#1954,#9575,.T.);
#9577=ORIENTED_EDGE('',*,*,#9576,.F.);
#9578=EDGE_LOOP('',(#9569,#9570,#9571,#9577));
#9579=FACE_BOUND('',#9578,.T.);
#9580=ADVANCED_FACE('',(#9579),#9568,.T.);
#9581=CARTESIAN_POINT('',(332.552378153,-78.532566515,-45.438302815));
#9582=DIRECTION('',(0.,1.,0.));
#9583=DIRECTION('',(0.,0.,1.));
#9584=AXIS2_PLACEMENT_3D('',#9581,#9582,#9583);
#9585=PLANE('',#9584);
#9586=ORIENTED_EDGE('',*,*,#5542,.T.);
#9587=ORIENTED_EDGE('',*,*,#9576,.T.);
#9588=ORIENTED_EDGE('',*,*,#1959,.F.);
#9589=ORIENTED_EDGE('',*,*,#9535,.F.);
#9590=EDGE_LOOP('',(#9586,#9587,#9588,#9589));
#9591=FACE_BOUND('',#9590,.T.);
#9592=ADVANCED_FACE('',(#9591),#9585,.T.);
#9593=CARTESIAN_POINT('',(238.157378153,-117.707566515,-45.438302815));
#9594=DIRECTION('',(-1.,0.,0.));
#9595=DIRECTION('',(0.,0.,1.));
#9596=AXIS2_PLACEMENT_3D('',#9593,#9594,#9595);
#9597=PLANE('',#9596);
#9598=ORIENTED_EDGE('',*,*,#3784,.T.);
#9599=CARTESIAN_POINT('',(238.157378153,-119.007566515,1.561697185));
#9600=DIRECTION('',(0.,0.,1.));
#9601=VECTOR('',#9600,3.);
#9602=LINE('',#9599,#9601);
#9603=EDGE_CURVE('',#3779,#1980,#9602,.T.);
#9604=ORIENTED_EDGE('',*,*,#9603,.T.);
#9605=ORIENTED_EDGE('',*,*,#1985,.F.);
#9606=CARTESIAN_POINT('',(238.157378153,-103.407566515,1.561697185));
#9607=DIRECTION('',(0.,0.,1.));
#9608=VECTOR('',#9607,3.);
#9609=LINE('',#9606,#9608);
#9610=EDGE_CURVE('',#3777,#1972,#9609,.T.);
#9611=ORIENTED_EDGE('',*,*,#9610,.F.);
#9612=EDGE_LOOP('',(#9598,#9604,#9605,#9611));
#9613=FACE_BOUND('',#9612,.T.);
#9614=ADVANCED_FACE('',(#9613),#9597,.T.);
#9615=CARTESIAN_POINT('',(230.357378153,-103.407566515,-45.438302815));
#9616=DIRECTION('',(0.,-1.,0.));
#9617=DIRECTION('',(0.,0.,-1.));
#9618=AXIS2_PLACEMENT_3D('',#9615,#9616,#9617);
#9619=PLANE('',#9618);
#9620=ORIENTED_EDGE('',*,*,#3792,.T.);
#9621=ORIENTED_EDGE('',*,*,#9610,.T.);
#9622=ORIENTED_EDGE('',*,*,#1977,.F.);
#9623=CARTESIAN_POINT('',(222.557378153,-103.407566515,1.561697185));
#9624=DIRECTION('',(0.,0.,1.));
#9625=VECTOR('',#9624,3.);
#9626=LINE('',#9623,#9625);
#9627=EDGE_CURVE('',#3787,#1970,#9626,.T.);
#9628=ORIENTED_EDGE('',*,*,#9627,.F.);
#9629=EDGE_LOOP('',(#9620,#9621,#9622,#9628));
#9630=FACE_BOUND('',#9629,.T.);
#9631=ADVANCED_FACE('',(#9630),#9619,.T.);
#9632=CARTESIAN_POINT('',(222.557378153,-111.207566515,-45.438302815));
#9633=DIRECTION('',(-1.,0.,0.));
#9634=DIRECTION('',(0.,0.,1.));
#9635=AXIS2_PLACEMENT_3D('',#9632,#9633,#9634);
#9636=PLANE('',#9635);
#9637=ORIENTED_EDGE('',*,*,#9627,.T.);
#9638=ORIENTED_EDGE('',*,*,#1999,.T.);
#9639=CARTESIAN_POINT('',(222.557378153,-119.007566515,1.561697185));
#9640=DIRECTION('',(0.,0.,1.));
#9641=VECTOR('',#9640,3.);
#9642=LINE('',#9639,#9641);
#9643=EDGE_CURVE('',#3795,#1988,#9642,.T.);
#9644=ORIENTED_EDGE('',*,*,#9643,.F.);
#9645=ORIENTED_EDGE('',*,*,#3800,.F.);
#9646=EDGE_LOOP('',(#9637,#9638,#9644,#9645));
#9647=FACE_BOUND('',#9646,.T.);
#9648=ADVANCED_FACE('',(#9647),#9636,.F.);
#9649=CARTESIAN_POINT('',(230.357378153,-119.007566515,-45.438302815));
#9650=DIRECTION('',(0.,-1.,0.));
#9651=DIRECTION('',(0.,0.,-1.));
#9652=AXIS2_PLACEMENT_3D('',#9649,#9650,#9651);
#9653=PLANE('',#9652);
#9654=ORIENTED_EDGE('',*,*,#9643,.T.);
#9655=ORIENTED_EDGE('',*,*,#1993,.T.);
#9656=ORIENTED_EDGE('',*,*,#9603,.F.);
#9657=ORIENTED_EDGE('',*,*,#3806,.F.);
#9658=EDGE_LOOP('',(#9654,#9655,#9656,#9657));
#9659=FACE_BOUND('',#9658,.T.);
#9660=ADVANCED_FACE('',(#9659),#9653,.F.);
#9661=CARTESIAN_POINT('',(366.052378153,-34.532566515,-45.438302815));
#9662=DIRECTION('',(0.,-1.,0.));
#9663=DIRECTION('',(0.,0.,-1.));
#9664=AXIS2_PLACEMENT_3D('',#9661,#9662,#9663);
#9665=PLANE('',#9664);
#9666=CARTESIAN_POINT('',(363.552378153,-34.532566515,1.561697185));
#9667=DIRECTION('',(0.,0.,1.));
#9668=VECTOR('',#9667,3.);
#9669=LINE('',#9666,#9668);
#9670=EDGE_CURVE('',#5549,#236,#9669,.T.);
#9671=ORIENTED_EDGE('',*,*,#9670,.T.);
#9672=ORIENTED_EDGE('',*,*,#243,.T.);
#9673=CARTESIAN_POINT('',(368.552378153,-34.532566515,1.561697185));
#9674=DIRECTION('',(0.,0.,1.));
#9675=VECTOR('',#9674,3.);
#9676=LINE('',#9673,#9675);
#9677=EDGE_CURVE('',#5557,#238,#9676,.T.);
#9678=ORIENTED_EDGE('',*,*,#9677,.F.);
#9679=ORIENTED_EDGE('',*,*,#5562,.F.);
#9680=EDGE_LOOP('',(#9671,#9672,#9678,#9679));
#9681=FACE_BOUND('',#9680,.T.);
#9682=ADVANCED_FACE('',(#9681),#9665,.F.);
#9683=CARTESIAN_POINT('',(368.552378153,-24.532566515,-45.438302815));
#9684=DIRECTION('',(1.,0.,0.));
#9685=DIRECTION('',(0.,0.,-1.));
#9686=AXIS2_PLACEMENT_3D('',#9683,#9684,#9685);
#9687=PLANE('',#9686);
#9688=ORIENTED_EDGE('',*,*,#9677,.T.);
#9689=ORIENTED_EDGE('',*,*,#265,.T.);
#9690=CARTESIAN_POINT('',(368.552378153,-14.532566515,1.561697185));
#9691=DIRECTION('',(0.,0.,1.));
#9692=VECTOR('',#9691,3.);
#9693=LINE('',#9690,#9692);
#9694=EDGE_CURVE('',#5565,#254,#9693,.T.);
#9695=ORIENTED_EDGE('',*,*,#9694,.F.);
#9696=ORIENTED_EDGE('',*,*,#5570,.F.);
#9697=EDGE_LOOP('',(#9688,#9689,#9695,#9696));
#9698=FACE_BOUND('',#9697,.T.);
#9699=ADVANCED_FACE('',(#9698),#9687,.F.);
#9700=CARTESIAN_POINT('',(366.052378153,-14.532566515,-45.438302815));
#9701=DIRECTION('',(0.,1.,0.));
#9702=DIRECTION('',(0.,0.,1.));
#9703=AXIS2_PLACEMENT_3D('',#9700,#9701,#9702);
#9704=PLANE('',#9703);
#9705=ORIENTED_EDGE('',*,*,#9694,.T.);
#9706=ORIENTED_EDGE('',*,*,#259,.T.);
#9707=CARTESIAN_POINT('',(363.552378153,-14.532566515,1.561697185));
#9708=DIRECTION('',(0.,0.,1.));
#9709=VECTOR('',#9708,3.);
#9710=LINE('',#9707,#9709);
#9711=EDGE_CURVE('',#5547,#246,#9710,.T.);
#9712=ORIENTED_EDGE('',*,*,#9711,.F.);
#9713=ORIENTED_EDGE('',*,*,#5576,.F.);
#9714=EDGE_LOOP('',(#9705,#9706,#9712,#9713));
#9715=FACE_BOUND('',#9714,.T.);
#9716=ADVANCED_FACE('',(#9715),#9704,.F.);
#9717=CARTESIAN_POINT('',(363.552378153,-24.532566515,-45.438302815));
#9718=DIRECTION('',(-1.,0.,0.));
#9719=DIRECTION('',(0.,0.,1.));
#9720=AXIS2_PLACEMENT_3D('',#9717,#9718,#9719);
#9721=PLANE('',#9720);
#9722=ORIENTED_EDGE('',*,*,#9711,.T.);
#9723=ORIENTED_EDGE('',*,*,#251,.T.);
#9724=ORIENTED_EDGE('',*,*,#9670,.F.);
#9725=ORIENTED_EDGE('',*,*,#5554,.F.);
#9726=EDGE_LOOP('',(#9722,#9723,#9724,#9725));
#9727=FACE_BOUND('',#9726,.T.);
#9728=ADVANCED_FACE('',(#9727),#9721,.F.);
#9729=CARTESIAN_POINT('',(226.092378153,-52.302566515,-45.438302815));
#9730=DIRECTION('',(-1.,0.,0.));
#9731=DIRECTION('',(0.,0.,1.));
#9732=AXIS2_PLACEMENT_3D('',#9729,#9730,#9731);
#9733=PLANE('',#9732);
#9734=ORIENTED_EDGE('',*,*,#5588,.T.);
#9735=CARTESIAN_POINT('',(226.092378153,-53.602566515,1.561697185));
#9736=DIRECTION('',(0.,0.,1.));
#9737=VECTOR('',#9736,3.);
#9738=LINE('',#9735,#9737);
#9739=EDGE_CURVE('',#5583,#2014,#9738,.T.);
#9740=ORIENTED_EDGE('',*,*,#9739,.T.);
#9741=ORIENTED_EDGE('',*,*,#2019,.F.);
#9742=CARTESIAN_POINT('',(226.092378153,-38.002566515,1.561697185));
#9743=DIRECTION('',(0.,0.,1.));
#9744=VECTOR('',#9743,3.);
#9745=LINE('',#9742,#9744);
#9746=EDGE_CURVE('',#5581,#2006,#9745,.T.);
#9747=ORIENTED_EDGE('',*,*,#9746,.F.);
#9748=EDGE_LOOP('',(#9734,#9740,#9741,#9747));
#9749=FACE_BOUND('',#9748,.T.);
#9750=ADVANCED_FACE('',(#9749),#9733,.T.);
#9751=CARTESIAN_POINT('',(218.292378153,-38.002566515,-45.438302815));
#9752=DIRECTION('',(0.,-1.,0.));
#9753=DIRECTION('',(0.,0.,-1.));
#9754=AXIS2_PLACEMENT_3D('',#9751,#9752,#9753);
#9755=PLANE('',#9754);
#9756=ORIENTED_EDGE('',*,*,#5596,.T.);
#9757=ORIENTED_EDGE('',*,*,#9746,.T.);
#9758=ORIENTED_EDGE('',*,*,#2011,.F.);
#9759=CARTESIAN_POINT('',(210.492378153,-38.002566515,1.561697185));
#9760=DIRECTION('',(0.,0.,1.));
#9761=VECTOR('',#9760,3.);
#9762=LINE('',#9759,#9761);
#9763=EDGE_CURVE('',#5591,#2004,#9762,.T.);
#9764=ORIENTED_EDGE('',*,*,#9763,.F.);
#9765=EDGE_LOOP('',(#9756,#9757,#9758,#9764));
#9766=FACE_BOUND('',#9765,.T.);
#9767=ADVANCED_FACE('',(#9766),#9755,.T.);
#9768=CARTESIAN_POINT('',(210.492378153,-45.802566515,-45.438302815));
#9769=DIRECTION('',(1.,0.,0.));
#9770=DIRECTION('',(0.,0.,-1.));
#9771=AXIS2_PLACEMENT_3D('',#9768,#9769,#9770);
#9772=PLANE('',#9771);
#9773=ORIENTED_EDGE('',*,*,#5604,.T.);
#9774=ORIENTED_EDGE('',*,*,#9763,.T.);
#9775=ORIENTED_EDGE('',*,*,#2033,.F.);
#9776=CARTESIAN_POINT('',(210.492378153,-53.602566515,1.561697185));
#9777=DIRECTION('',(0.,0.,1.));
#9778=VECTOR('',#9777,3.);
#9779=LINE('',#9776,#9778);
#9780=EDGE_CURVE('',#5599,#2022,#9779,.T.);
#9781=ORIENTED_EDGE('',*,*,#9780,.F.);
#9782=EDGE_LOOP('',(#9773,#9774,#9775,#9781));
#9783=FACE_BOUND('',#9782,.T.);
#9784=ADVANCED_FACE('',(#9783),#9772,.T.);
#9785=CARTESIAN_POINT('',(218.292378153,-53.602566515,-45.438302815));
#9786=DIRECTION('',(0.,1.,0.));
#9787=DIRECTION('',(0.,0.,1.));
#9788=AXIS2_PLACEMENT_3D('',#9785,#9786,#9787);
#9789=PLANE('',#9788);
#9790=ORIENTED_EDGE('',*,*,#5610,.T.);
#9791=ORIENTED_EDGE('',*,*,#9780,.T.);
#9792=ORIENTED_EDGE('',*,*,#2027,.F.);
#9793=ORIENTED_EDGE('',*,*,#9739,.F.);
#9794=EDGE_LOOP('',(#9790,#9791,#9792,#9793));
#9795=FACE_BOUND('',#9794,.T.);
#9796=ADVANCED_FACE('',(#9795),#9789,.T.);
#9797=CARTESIAN_POINT('',(266.732378153,-30.712566515,-45.438302815));
#9798=DIRECTION('',(-1.,0.,0.));
#9799=DIRECTION('',(0.,0.,1.));
#9800=AXIS2_PLACEMENT_3D('',#9797,#9798,#9799);
#9801=PLANE('',#9800);
#9802=ORIENTED_EDGE('',*,*,#3750,.T.);
#9803=CARTESIAN_POINT('',(266.732378153,-32.012566515,1.561697185));
#9804=DIRECTION('',(0.,0.,1.));
#9805=VECTOR('',#9804,3.);
#9806=LINE('',#9803,#9805);
#9807=EDGE_CURVE('',#3745,#2048,#9806,.T.);
#9808=ORIENTED_EDGE('',*,*,#9807,.T.);
#9809=ORIENTED_EDGE('',*,*,#2053,.F.);
#9810=CARTESIAN_POINT('',(266.732378153,-16.412566515,1.561697185));
#9811=DIRECTION('',(0.,0.,1.));
#9812=VECTOR('',#9811,3.);
#9813=LINE('',#9810,#9812);
#9814=EDGE_CURVE('',#3743,#2040,#9813,.T.);
#9815=ORIENTED_EDGE('',*,*,#9814,.F.);
#9816=EDGE_LOOP('',(#9802,#9808,#9809,#9815));
#9817=FACE_BOUND('',#9816,.T.);
#9818=ADVANCED_FACE('',(#9817),#9801,.T.);
#9819=CARTESIAN_POINT('',(258.932378153,-16.412566515,-45.438302815));
#9820=DIRECTION('',(0.,-1.,0.));
#9821=DIRECTION('',(0.,0.,-1.));
#9822=AXIS2_PLACEMENT_3D('',#9819,#9820,#9821);
#9823=PLANE('',#9822);
#9824=ORIENTED_EDGE('',*,*,#3758,.T.);
#9825=ORIENTED_EDGE('',*,*,#9814,.T.);
#9826=ORIENTED_EDGE('',*,*,#2045,.F.);
#9827=CARTESIAN_POINT('',(251.132378153,-16.412566515,1.561697185));
#9828=DIRECTION('',(0.,0.,1.));
#9829=VECTOR('',#9828,3.);
#9830=LINE('',#9827,#9829);
#9831=EDGE_CURVE('',#3753,#2038,#9830,.T.);
#9832=ORIENTED_EDGE('',*,*,#9831,.F.);
#9833=EDGE_LOOP('',(#9824,#9825,#9826,#9832));
#9834=FACE_BOUND('',#9833,.T.);
#9835=ADVANCED_FACE('',(#9834),#9823,.T.);
#9836=CARTESIAN_POINT('',(251.132378153,-24.212566515,-45.438302815));
#9837=DIRECTION('',(-1.,0.,0.));
#9838=DIRECTION('',(0.,0.,1.));
#9839=AXIS2_PLACEMENT_3D('',#9836,#9837,#9838);
#9840=PLANE('',#9839);
#9841=ORIENTED_EDGE('',*,*,#9831,.T.);
#9842=ORIENTED_EDGE('',*,*,#2067,.T.);
#9843=CARTESIAN_POINT('',(251.132378153,-32.012566515,1.561697185));
#9844=DIRECTION('',(0.,0.,1.));
#9845=VECTOR('',#9844,3.);
#9846=LINE('',#9843,#9845);
#9847=EDGE_CURVE('',#3761,#2056,#9846,.T.);
#9848=ORIENTED_EDGE('',*,*,#9847,.F.);
#9849=ORIENTED_EDGE('',*,*,#3766,.F.);
#9850=EDGE_LOOP('',(#9841,#9842,#9848,#9849));
#9851=FACE_BOUND('',#9850,.T.);
#9852=ADVANCED_FACE('',(#9851),#9840,.F.);
#9853=CARTESIAN_POINT('',(258.932378153,-32.012566515,-45.438302815));
#9854=DIRECTION('',(0.,-1.,0.));
#9855=DIRECTION('',(0.,0.,-1.));
#9856=AXIS2_PLACEMENT_3D('',#9853,#9854,#9855);
#9857=PLANE('',#9856);
#9858=ORIENTED_EDGE('',*,*,#9847,.T.);
#9859=ORIENTED_EDGE('',*,*,#2061,.T.);
#9860=ORIENTED_EDGE('',*,*,#9807,.F.);
#9861=ORIENTED_EDGE('',*,*,#3772,.F.);
#9862=EDGE_LOOP('',(#9858,#9859,#9860,#9861));
#9863=FACE_BOUND('',#9862,.T.);
#9864=ADVANCED_FACE('',(#9863),#9857,.F.);
#9865=CARTESIAN_POINT('',(187.992378153,-73.892566515,-45.438302815));
#9866=DIRECTION('',(-1.,0.,0.));
#9867=DIRECTION('',(0.,0.,1.));
#9868=AXIS2_PLACEMENT_3D('',#9865,#9866,#9867);
#9869=PLANE('',#9868);
#9870=ORIENTED_EDGE('',*,*,#5622,.T.);
#9871=CARTESIAN_POINT('',(187.992378153,-75.192566515,1.561697185));
#9872=DIRECTION('',(0.,0.,1.));
#9873=VECTOR('',#9872,3.);
#9874=LINE('',#9871,#9873);
#9875=EDGE_CURVE('',#5617,#2082,#9874,.T.);
#9876=ORIENTED_EDGE('',*,*,#9875,.T.);
#9877=ORIENTED_EDGE('',*,*,#2087,.F.);
#9878=CARTESIAN_POINT('',(187.992378153,-59.592566515,1.561697185));
#9879=DIRECTION('',(0.,0.,1.));
#9880=VECTOR('',#9879,3.);
#9881=LINE('',#9878,#9880);
#9882=EDGE_CURVE('',#5615,#2074,#9881,.T.);
#9883=ORIENTED_EDGE('',*,*,#9882,.F.);
#9884=EDGE_LOOP('',(#9870,#9876,#9877,#9883));
#9885=FACE_BOUND('',#9884,.T.);
#9886=ADVANCED_FACE('',(#9885),#9869,.T.);
#9887=CARTESIAN_POINT('',(180.192378153,-59.592566515,-45.438302815));
#9888=DIRECTION('',(0.,-1.,0.));
#9889=DIRECTION('',(0.,0.,-1.));
#9890=AXIS2_PLACEMENT_3D('',#9887,#9888,#9889);
#9891=PLANE('',#9890);
#9892=ORIENTED_EDGE('',*,*,#5630,.T.);
#9893=ORIENTED_EDGE('',*,*,#9882,.T.);
#9894=ORIENTED_EDGE('',*,*,#2079,.F.);
#9895=CARTESIAN_POINT('',(172.392378153,-59.592566515,1.561697185));
#9896=DIRECTION('',(0.,0.,1.));
#9897=VECTOR('',#9896,3.);
#9898=LINE('',#9895,#9897);
#9899=EDGE_CURVE('',#5625,#2072,#9898,.T.);
#9900=ORIENTED_EDGE('',*,*,#9899,.F.);
#9901=EDGE_LOOP('',(#9892,#9893,#9894,#9900));
#9902=FACE_BOUND('',#9901,.T.);
#9903=ADVANCED_FACE('',(#9902),#9891,.T.);
#9904=CARTESIAN_POINT('',(172.392378153,-67.392566515,-45.438302815));
#9905=DIRECTION('',(-1.,0.,0.));
#9906=DIRECTION('',(0.,0.,1.));
#9907=AXIS2_PLACEMENT_3D('',#9904,#9905,#9906);
#9908=PLANE('',#9907);
#9909=ORIENTED_EDGE('',*,*,#9899,.T.);
#9910=ORIENTED_EDGE('',*,*,#2101,.T.);
#9911=CARTESIAN_POINT('',(172.392378153,-75.192566515,1.561697185));
#9912=DIRECTION('',(0.,0.,1.));
#9913=VECTOR('',#9912,3.);
#9914=LINE('',#9911,#9913);
#9915=EDGE_CURVE('',#5633,#2090,#9914,.T.);
#9916=ORIENTED_EDGE('',*,*,#9915,.F.);
#9917=ORIENTED_EDGE('',*,*,#5638,.F.);
#9918=EDGE_LOOP('',(#9909,#9910,#9916,#9917));
#9919=FACE_BOUND('',#9918,.T.);
#9920=ADVANCED_FACE('',(#9919),#9908,.F.);
#9921=CARTESIAN_POINT('',(180.192378153,-75.192566515,-45.438302815));
#9922=DIRECTION('',(0.,-1.,0.));
#9923=DIRECTION('',(0.,0.,-1.));
#9924=AXIS2_PLACEMENT_3D('',#9921,#9922,#9923);
#9925=PLANE('',#9924);
#9926=ORIENTED_EDGE('',*,*,#9915,.T.);
#9927=ORIENTED_EDGE('',*,*,#2095,.T.);
#9928=ORIENTED_EDGE('',*,*,#9875,.F.);
#9929=ORIENTED_EDGE('',*,*,#5644,.F.);
#9930=EDGE_LOOP('',(#9926,#9927,#9928,#9929));
#9931=FACE_BOUND('',#9930,.T.);
#9932=ADVANCED_FACE('',(#9931),#9925,.F.);
#9933=CARTESIAN_POINT('',(52.737378153,-117.707566515,-45.438302815));
#9934=DIRECTION('',(-1.,0.,0.));
#9935=DIRECTION('',(0.,0.,1.));
#9936=AXIS2_PLACEMENT_3D('',#9933,#9934,#9935);
#9937=PLANE('',#9936);
#9938=ORIENTED_EDGE('',*,*,#3716,.T.);
#9939=CARTESIAN_POINT('',(52.737378153,-119.007566515,1.561697185));
#9940=DIRECTION('',(0.,0.,1.));
#9941=VECTOR('',#9940,3.);
#9942=LINE('',#9939,#9941);
#9943=EDGE_CURVE('',#3711,#2116,#9942,.T.);
#9944=ORIENTED_EDGE('',*,*,#9943,.T.);
#9945=ORIENTED_EDGE('',*,*,#2121,.F.);
#9946=CARTESIAN_POINT('',(52.737378153,-103.407566515,1.561697185));
#9947=DIRECTION('',(0.,0.,1.));
#9948=VECTOR('',#9947,3.);
#9949=LINE('',#9946,#9948);
#9950=EDGE_CURVE('',#3709,#2108,#9949,.T.);
#9951=ORIENTED_EDGE('',*,*,#9950,.F.);
#9952=EDGE_LOOP('',(#9938,#9944,#9945,#9951));
#9953=FACE_BOUND('',#9952,.T.);
#9954=ADVANCED_FACE('',(#9953),#9937,.T.);
#9955=CARTESIAN_POINT('',(44.937378153,-103.407566515,-45.438302815));
#9956=DIRECTION('',(0.,-1.,0.));
#9957=DIRECTION('',(0.,0.,-1.));
#9958=AXIS2_PLACEMENT_3D('',#9955,#9956,#9957);
#9959=PLANE('',#9958);
#9960=ORIENTED_EDGE('',*,*,#3724,.T.);
#9961=ORIENTED_EDGE('',*,*,#9950,.T.);
#9962=ORIENTED_EDGE('',*,*,#2113,.F.);
#9963=CARTESIAN_POINT('',(37.137378153,-103.407566515,1.561697185));
#9964=DIRECTION('',(0.,0.,1.));
#9965=VECTOR('',#9964,3.);
#9966=LINE('',#9963,#9965);
#9967=EDGE_CURVE('',#3719,#2106,#9966,.T.);
#9968=ORIENTED_EDGE('',*,*,#9967,.F.);
#9969=EDGE_LOOP('',(#9960,#9961,#9962,#9968));
#9970=FACE_BOUND('',#9969,.T.);
#9971=ADVANCED_FACE('',(#9970),#9959,.T.);
#9972=CARTESIAN_POINT('',(37.137378153,-111.207566515,-45.438302815));
#9973=DIRECTION('',(1.,0.,0.));
#9974=DIRECTION('',(0.,0.,-1.));
#9975=AXIS2_PLACEMENT_3D('',#9972,#9973,#9974);
#9976=PLANE('',#9975);
#9977=ORIENTED_EDGE('',*,*,#3732,.T.);
#9978=ORIENTED_EDGE('',*,*,#9967,.T.);
#9979=ORIENTED_EDGE('',*,*,#2135,.F.);
#9980=CARTESIAN_POINT('',(37.137378153,-119.007566515,1.561697185));
#9981=DIRECTION('',(0.,0.,1.));
#9982=VECTOR('',#9981,3.);
#9983=LINE('',#9980,#9982);
#9984=EDGE_CURVE('',#3727,#2124,#9983,.T.);
#9985=ORIENTED_EDGE('',*,*,#9984,.F.);
#9986=EDGE_LOOP('',(#9977,#9978,#9979,#9985));
#9987=FACE_BOUND('',#9986,.T.);
#9988=ADVANCED_FACE('',(#9987),#9976,.T.);
#9989=CARTESIAN_POINT('',(44.937378153,-119.007566515,-45.438302815));
#9990=DIRECTION('',(0.,1.,0.));
#9991=DIRECTION('',(0.,0.,1.));
#9992=AXIS2_PLACEMENT_3D('',#9989,#9990,#9991);
#9993=PLANE('',#9992);
#9994=ORIENTED_EDGE('',*,*,#3738,.T.);
#9995=ORIENTED_EDGE('',*,*,#9984,.T.);
#9996=ORIENTED_EDGE('',*,*,#2129,.F.);
#9997=ORIENTED_EDGE('',*,*,#9943,.F.);
#9998=EDGE_LOOP('',(#9994,#9995,#9996,#9997));
#9999=FACE_BOUND('',#9998,.T.);
#10000=ADVANCED_FACE('',(#9999),#9993,.T.);
#10001=CARTESIAN_POINT('',(88.752378153,-53.602566515,-45.438302815));
#10002=DIRECTION('',(0.,-1.,0.));
#10003=DIRECTION('',(0.,0.,-1.));
#10004=AXIS2_PLACEMENT_3D('',#10001,#10002,#10003);
#10005=PLANE('',#10004);
#10006=CARTESIAN_POINT('',(80.952378153,-53.602566515,1.561697185));
#10007=DIRECTION('',(0.,0.,1.));
#10008=VECTOR('',#10007,3.);
#10009=LINE('',#10006,#10008);
#10010=EDGE_CURVE('',#5651,#202,#10009,.T.);
#10011=ORIENTED_EDGE('',*,*,#10010,.T.);
#10012=ORIENTED_EDGE('',*,*,#209,.T.);
#10013=CARTESIAN_POINT('',(96.552378153,-53.602566515,1.561697185));
#10014=DIRECTION('',(0.,0.,1.));
#10015=VECTOR('',#10014,3.);
#10016=LINE('',#10013,#10015);
#10017=EDGE_CURVE('',#5659,#204,#10016,.T.);
#10018=ORIENTED_EDGE('',*,*,#10017,.F.);
#10019=ORIENTED_EDGE('',*,*,#5664,.F.);
#10020=EDGE_LOOP('',(#10011,#10012,#10018,#10019));
#10021=FACE_BOUND('',#10020,.T.);
#10022=ADVANCED_FACE('',(#10021),#10005,.F.);
#10023=CARTESIAN_POINT('',(96.552378153,-45.802566515,-45.438302815));
#10024=DIRECTION('',(1.,0.,0.));
#10025=DIRECTION('',(0.,0.,-1.));
#10026=AXIS2_PLACEMENT_3D('',#10023,#10024,#10025);
#10027=PLANE('',#10026);
#10028=ORIENTED_EDGE('',*,*,#10017,.T.);
#10029=ORIENTED_EDGE('',*,*,#231,.T.);
#10030=CARTESIAN_POINT('',(96.552378153,-38.002566515,1.561697185));
#10031=DIRECTION('',(0.,0.,1.));
#10032=VECTOR('',#10031,3.);
#10033=LINE('',#10030,#10032);
#10034=EDGE_CURVE('',#5667,#220,#10033,.T.);
#10035=ORIENTED_EDGE('',*,*,#10034,.F.);
#10036=ORIENTED_EDGE('',*,*,#5672,.F.);
#10037=EDGE_LOOP('',(#10028,#10029,#10035,#10036));
#10038=FACE_BOUND('',#10037,.T.);
#10039=ADVANCED_FACE('',(#10038),#10027,.F.);
#10040=CARTESIAN_POINT('',(88.752378153,-38.002566515,-45.438302815));
#10041=DIRECTION('',(0.,-1.,0.));
#10042=DIRECTION('',(0.,0.,-1.));
#10043=AXIS2_PLACEMENT_3D('',#10040,#10041,#10042);
#10044=PLANE('',#10043);
#10045=ORIENTED_EDGE('',*,*,#5678,.T.);
#10046=ORIENTED_EDGE('',*,*,#10034,.T.);
#10047=ORIENTED_EDGE('',*,*,#225,.F.);
#10048=CARTESIAN_POINT('',(80.952378153,-38.002566515,1.561697185));
#10049=DIRECTION('',(0.,0.,1.));
#10050=VECTOR('',#10049,3.);
#10051=LINE('',#10048,#10050);
#10052=EDGE_CURVE('',#5649,#212,#10051,.T.);
#10053=ORIENTED_EDGE('',*,*,#10052,.F.);
#10054=EDGE_LOOP('',(#10045,#10046,#10047,#10053));
#10055=FACE_BOUND('',#10054,.T.);
#10056=ADVANCED_FACE('',(#10055),#10044,.T.);
#10057=CARTESIAN_POINT('',(80.952378153,-44.502566515,-45.438302815));
#10058=DIRECTION('',(-1.,0.,0.));
#10059=DIRECTION('',(0.,0.,1.));
#10060=AXIS2_PLACEMENT_3D('',#10057,#10058,#10059);
#10061=PLANE('',#10060);
#10062=ORIENTED_EDGE('',*,*,#10052,.T.);
#10063=ORIENTED_EDGE('',*,*,#217,.T.);
#10064=ORIENTED_EDGE('',*,*,#10010,.F.);
#10065=ORIENTED_EDGE('',*,*,#5656,.F.);
#10066=EDGE_LOOP('',(#10062,#10063,#10064,#10065));
#10067=FACE_BOUND('',#10066,.T.);
#10068=ADVANCED_FACE('',(#10067),#10061,.F.);
#10069=CARTESIAN_POINT('',(94.012378153,-24.212566515,-45.438302815));
#10070=DIRECTION('',(-1.,0.,0.));
#10071=DIRECTION('',(0.,0.,1.));
#10072=AXIS2_PLACEMENT_3D('',#10069,#10070,#10071);
#10073=PLANE('',#10072);
#10074=ORIENTED_EDGE('',*,*,#5690,.T.);
#10075=CARTESIAN_POINT('',(94.012378153,-32.012566515,1.561697185));
#10076=DIRECTION('',(0.,0.,1.));
#10077=VECTOR('',#10076,3.);
#10078=LINE('',#10075,#10077);
#10079=EDGE_CURVE('',#5685,#2150,#10078,.T.);
#10080=ORIENTED_EDGE('',*,*,#10079,.T.);
#10081=ORIENTED_EDGE('',*,*,#2155,.F.);
#10082=CARTESIAN_POINT('',(94.012378153,-16.412566515,1.561697185));
#10083=DIRECTION('',(0.,0.,1.));
#10084=VECTOR('',#10083,3.);
#10085=LINE('',#10082,#10084);
#10086=EDGE_CURVE('',#5683,#2142,#10085,.T.);
#10087=ORIENTED_EDGE('',*,*,#10086,.F.);
#10088=EDGE_LOOP('',(#10074,#10080,#10081,#10087));
#10089=FACE_BOUND('',#10088,.T.);
#10090=ADVANCED_FACE('',(#10089),#10073,.T.);
#10091=CARTESIAN_POINT('',(86.212378153,-16.412566515,-45.438302815));
#10092=DIRECTION('',(0.,-1.,0.));
#10093=DIRECTION('',(0.,0.,-1.));
#10094=AXIS2_PLACEMENT_3D('',#10091,#10092,#10093);
#10095=PLANE('',#10094);
#10096=ORIENTED_EDGE('',*,*,#5698,.T.);
#10097=ORIENTED_EDGE('',*,*,#10086,.T.);
#10098=ORIENTED_EDGE('',*,*,#2147,.F.);
#10099=CARTESIAN_POINT('',(78.412378153,-16.412566515,1.561697185));
#10100=DIRECTION('',(0.,0.,1.));
#10101=VECTOR('',#10100,3.);
#10102=LINE('',#10099,#10101);
#10103=EDGE_CURVE('',#5693,#2140,#10102,.T.);
#10104=ORIENTED_EDGE('',*,*,#10103,.F.);
#10105=EDGE_LOOP('',(#10096,#10097,#10098,#10104));
#10106=FACE_BOUND('',#10105,.T.);
#10107=ADVANCED_FACE('',(#10106),#10095,.T.);
#10108=CARTESIAN_POINT('',(78.412378153,-24.212566515,-45.438302815));
#10109=DIRECTION('',(1.,0.,0.));
#10110=DIRECTION('',(0.,0.,-1.));
#10111=AXIS2_PLACEMENT_3D('',#10108,#10109,#10110);
#10112=PLANE('',#10111);
#10113=ORIENTED_EDGE('',*,*,#5706,.T.);
#10114=ORIENTED_EDGE('',*,*,#10103,.T.);
#10115=ORIENTED_EDGE('',*,*,#2169,.F.);
#10116=CARTESIAN_POINT('',(78.412378153,-32.012566515,1.561697185));
#10117=DIRECTION('',(0.,0.,1.));
#10118=VECTOR('',#10117,3.);
#10119=LINE('',#10116,#10118);
#10120=EDGE_CURVE('',#5701,#2158,#10119,.T.);
#10121=ORIENTED_EDGE('',*,*,#10120,.F.);
#10122=EDGE_LOOP('',(#10113,#10114,#10115,#10121));
#10123=FACE_BOUND('',#10122,.T.);
#10124=ADVANCED_FACE('',(#10123),#10112,.T.);
#10125=CARTESIAN_POINT('',(86.212378153,-32.012566515,-45.438302815));
#10126=DIRECTION('',(0.,1.,0.));
#10127=DIRECTION('',(0.,0.,1.));
#10128=AXIS2_PLACEMENT_3D('',#10125,#10126,#10127);
#10129=PLANE('',#10128);
#10130=ORIENTED_EDGE('',*,*,#5712,.T.);
#10131=ORIENTED_EDGE('',*,*,#10120,.T.);
#10132=ORIENTED_EDGE('',*,*,#2163,.F.);
#10133=ORIENTED_EDGE('',*,*,#10079,.F.);
#10134=EDGE_LOOP('',(#10130,#10131,#10132,#10133));
#10135=FACE_BOUND('',#10134,.T.);
#10136=ADVANCED_FACE('',(#10135),#10129,.T.);
#10137=CARTESIAN_POINT('',(74.962378153,-111.207566515,-45.438302815));
#10138=DIRECTION('',(-1.,0.,0.));
#10139=DIRECTION('',(0.,0.,1.));
#10140=AXIS2_PLACEMENT_3D('',#10137,#10138,#10139);
#10141=PLANE('',#10140);
#10142=ORIENTED_EDGE('',*,*,#3682,.T.);
#10143=CARTESIAN_POINT('',(74.962378153,-119.007566515,1.561697185));
#10144=DIRECTION('',(0.,0.,1.));
#10145=VECTOR('',#10144,3.);
#10146=LINE('',#10143,#10145);
#10147=EDGE_CURVE('',#3677,#2184,#10146,.T.);
#10148=ORIENTED_EDGE('',*,*,#10147,.T.);
#10149=ORIENTED_EDGE('',*,*,#2189,.F.);
#10150=CARTESIAN_POINT('',(74.962378153,-103.407566515,1.561697185));
#10151=DIRECTION('',(0.,0.,1.));
#10152=VECTOR('',#10151,3.);
#10153=LINE('',#10150,#10152);
#10154=EDGE_CURVE('',#3675,#2176,#10153,.T.);
#10155=ORIENTED_EDGE('',*,*,#10154,.F.);
#10156=EDGE_LOOP('',(#10142,#10148,#10149,#10155));
#10157=FACE_BOUND('',#10156,.T.);
#10158=ADVANCED_FACE('',(#10157),#10141,.T.);
#10159=CARTESIAN_POINT('',(67.162378153,-103.407566515,-45.438302815));
#10160=DIRECTION('',(0.,-1.,0.));
#10161=DIRECTION('',(0.,0.,-1.));
#10162=AXIS2_PLACEMENT_3D('',#10159,#10160,#10161);
#10163=PLANE('',#10162);
#10164=ORIENTED_EDGE('',*,*,#3690,.T.);
#10165=ORIENTED_EDGE('',*,*,#10154,.T.);
#10166=ORIENTED_EDGE('',*,*,#2181,.F.);
#10167=CARTESIAN_POINT('',(59.362378153,-103.407566515,1.561697185));
#10168=DIRECTION('',(0.,0.,1.));
#10169=VECTOR('',#10168,3.);
#10170=LINE('',#10167,#10169);
#10171=EDGE_CURVE('',#3685,#2174,#10170,.T.);
#10172=ORIENTED_EDGE('',*,*,#10171,.F.);
#10173=EDGE_LOOP('',(#10164,#10165,#10166,#10172));
#10174=FACE_BOUND('',#10173,.T.);
#10175=ADVANCED_FACE('',(#10174),#10163,.T.);
#10176=CARTESIAN_POINT('',(59.362378153,-111.207566515,-45.438302815));
#10177=DIRECTION('',(1.,0.,0.));
#10178=DIRECTION('',(0.,0.,-1.));
#10179=AXIS2_PLACEMENT_3D('',#10176,#10177,#10178);
#10180=PLANE('',#10179);
#10181=ORIENTED_EDGE('',*,*,#3698,.T.);
#10182=ORIENTED_EDGE('',*,*,#10171,.T.);
#10183=ORIENTED_EDGE('',*,*,#2203,.F.);
#10184=CARTESIAN_POINT('',(59.362378153,-119.007566515,1.561697185));
#10185=DIRECTION('',(0.,0.,1.));
#10186=VECTOR('',#10185,3.);
#10187=LINE('',#10184,#10186);
#10188=EDGE_CURVE('',#3693,#2192,#10187,.T.);
#10189=ORIENTED_EDGE('',*,*,#10188,.F.);
#10190=EDGE_LOOP('',(#10181,#10182,#10183,#10189));
#10191=FACE_BOUND('',#10190,.T.);
#10192=ADVANCED_FACE('',(#10191),#10180,.T.);
#10193=CARTESIAN_POINT('',(67.162378153,-119.007566515,-45.438302815));
#10194=DIRECTION('',(0.,1.,0.));
#10195=DIRECTION('',(0.,0.,1.));
#10196=AXIS2_PLACEMENT_3D('',#10193,#10194,#10195);
#10197=PLANE('',#10196);
#10198=ORIENTED_EDGE('',*,*,#3704,.T.);
#10199=ORIENTED_EDGE('',*,*,#10188,.T.);
#10200=ORIENTED_EDGE('',*,*,#2197,.F.);
#10201=ORIENTED_EDGE('',*,*,#10147,.F.);
#10202=EDGE_LOOP('',(#10198,#10199,#10200,#10201));
#10203=FACE_BOUND('',#10202,.T.);
#10204=ADVANCED_FACE('',(#10203),#10197,.T.);
#10205=CARTESIAN_POINT('',(265.462378153,-2.622566515,-45.438302815));
#10206=DIRECTION('',(-1.,0.,0.));
#10207=DIRECTION('',(0.,0.,1.));
#10208=AXIS2_PLACEMENT_3D('',#10205,#10206,#10207);
#10209=PLANE('',#10208);
#10210=ORIENTED_EDGE('',*,*,#5724,.T.);
#10211=CARTESIAN_POINT('',(265.462378153,-10.422566515,1.561697185));
#10212=DIRECTION('',(0.,0.,1.));
#10213=VECTOR('',#10212,3.);
#10214=LINE('',#10211,#10213);
#10215=EDGE_CURVE('',#5719,#2218,#10214,.T.);
#10216=ORIENTED_EDGE('',*,*,#10215,.T.);
#10217=ORIENTED_EDGE('',*,*,#2223,.F.);
#10218=CARTESIAN_POINT('',(265.462378153,5.177433485,1.561697185));
#10219=DIRECTION('',(0.,0.,1.));
#10220=VECTOR('',#10219,3.);
#10221=LINE('',#10218,#10220);
#10222=EDGE_CURVE('',#5717,#2210,#10221,.T.);
#10223=ORIENTED_EDGE('',*,*,#10222,.F.);
#10224=EDGE_LOOP('',(#10210,#10216,#10217,#10223));
#10225=FACE_BOUND('',#10224,.T.);
#10226=ADVANCED_FACE('',(#10225),#10209,.T.);
#10227=CARTESIAN_POINT('',(257.662378153,5.177433485,-45.438302815));
#10228=DIRECTION('',(0.,-1.,0.));
#10229=DIRECTION('',(0.,0.,-1.));
#10230=AXIS2_PLACEMENT_3D('',#10227,#10228,#10229);
#10231=PLANE('',#10230);
#10232=ORIENTED_EDGE('',*,*,#5732,.T.);
#10233=ORIENTED_EDGE('',*,*,#10222,.T.);
#10234=ORIENTED_EDGE('',*,*,#2215,.F.);
#10235=CARTESIAN_POINT('',(249.862378153,5.177433485,1.561697185));
#10236=DIRECTION('',(0.,0.,1.));
#10237=VECTOR('',#10236,3.);
#10238=LINE('',#10235,#10237);
#10239=EDGE_CURVE('',#5727,#2208,#10238,.T.);
#10240=ORIENTED_EDGE('',*,*,#10239,.F.);
#10241=EDGE_LOOP('',(#10232,#10233,#10234,#10240));
#10242=FACE_BOUND('',#10241,.T.);
#10243=ADVANCED_FACE('',(#10242),#10231,.T.);
#10244=CARTESIAN_POINT('',(249.862378153,-1.322566515,-45.438302815));
#10245=DIRECTION('',(-1.,0.,0.));
#10246=DIRECTION('',(0.,0.,1.));
#10247=AXIS2_PLACEMENT_3D('',#10244,#10245,#10246);
#10248=PLANE('',#10247);
#10249=ORIENTED_EDGE('',*,*,#10239,.T.);
#10250=ORIENTED_EDGE('',*,*,#2237,.T.);
#10251=CARTESIAN_POINT('',(249.862378153,-10.422566515,1.561697185));
#10252=DIRECTION('',(0.,0.,1.));
#10253=VECTOR('',#10252,3.);
#10254=LINE('',#10251,#10253);
#10255=EDGE_CURVE('',#5735,#2226,#10254,.T.);
#10256=ORIENTED_EDGE('',*,*,#10255,.F.);
#10257=ORIENTED_EDGE('',*,*,#5740,.F.);
#10258=EDGE_LOOP('',(#10249,#10250,#10256,#10257));
#10259=FACE_BOUND('',#10258,.T.);
#10260=ADVANCED_FACE('',(#10259),#10248,.F.);
#10261=CARTESIAN_POINT('',(257.662378153,-10.422566515,-45.438302815));
#10262=DIRECTION('',(0.,-1.,0.));
#10263=DIRECTION('',(0.,0.,-1.));
#10264=AXIS2_PLACEMENT_3D('',#10261,#10262,#10263);
#10265=PLANE('',#10264);
#10266=ORIENTED_EDGE('',*,*,#10255,.T.);
#10267=ORIENTED_EDGE('',*,*,#2231,.T.);
#10268=ORIENTED_EDGE('',*,*,#10215,.F.);
#10269=ORIENTED_EDGE('',*,*,#5746,.F.);
#10270=EDGE_LOOP('',(#10266,#10267,#10268,#10269));
#10271=FACE_BOUND('',#10270,.T.);
#10272=ADVANCED_FACE('',(#10271),#10265,.F.);
#10273=CARTESIAN_POINT('',(71.552378153,-90.032566515,-45.438302815));
#10274=DIRECTION('',(-1.,0.,0.));
#10275=DIRECTION('',(0.,0.,1.));
#10276=AXIS2_PLACEMENT_3D('',#10273,#10274,#10275);
#10277=PLANE('',#10276);
#10278=ORIENTED_EDGE('',*,*,#3648,.T.);
#10279=CARTESIAN_POINT('',(71.552378153,-100.532566515,1.561697185));
#10280=DIRECTION('',(0.,0.,1.));
#10281=VECTOR('',#10280,3.);
#10282=LINE('',#10279,#10281);
#10283=EDGE_CURVE('',#3643,#2252,#10282,.T.);
#10284=ORIENTED_EDGE('',*,*,#10283,.T.);
#10285=ORIENTED_EDGE('',*,*,#2257,.F.);
#10286=CARTESIAN_POINT('',(71.552378153,-79.532566515,1.561697185));
#10287=DIRECTION('',(0.,0.,1.));
#10288=VECTOR('',#10287,3.);
#10289=LINE('',#10286,#10288);
#10290=EDGE_CURVE('',#3641,#2244,#10289,.T.);
#10291=ORIENTED_EDGE('',*,*,#10290,.F.);
#10292=EDGE_LOOP('',(#10278,#10284,#10285,#10291));
#10293=FACE_BOUND('',#10292,.T.);
#10294=ADVANCED_FACE('',(#10293),#10277,.T.);
#10295=CARTESIAN_POINT('',(68.552378153,-79.532566515,-45.438302815));
#10296=DIRECTION('',(0.,-1.,0.));
#10297=DIRECTION('',(0.,0.,-1.));
#10298=AXIS2_PLACEMENT_3D('',#10295,#10296,#10297);
#10299=PLANE('',#10298);
#10300=ORIENTED_EDGE('',*,*,#3656,.T.);
#10301=ORIENTED_EDGE('',*,*,#10290,.T.);
#10302=ORIENTED_EDGE('',*,*,#2249,.F.);
#10303=CARTESIAN_POINT('',(65.552378153,-79.532566515,1.561697185));
#10304=DIRECTION('',(0.,0.,1.));
#10305=VECTOR('',#10304,3.);
#10306=LINE('',#10303,#10305);
#10307=EDGE_CURVE('',#3651,#2242,#10306,.T.);
#10308=ORIENTED_EDGE('',*,*,#10307,.F.);
#10309=EDGE_LOOP('',(#10300,#10301,#10302,#10308));
#10310=FACE_BOUND('',#10309,.T.);
#10311=ADVANCED_FACE('',(#10310),#10299,.T.);
#10312=CARTESIAN_POINT('',(65.552378153,-90.032566515,-45.438302815));
#10313=DIRECTION('',(1.,0.,0.));
#10314=DIRECTION('',(0.,0.,-1.));
#10315=AXIS2_PLACEMENT_3D('',#10312,#10313,#10314);
#10316=PLANE('',#10315);
#10317=ORIENTED_EDGE('',*,*,#3664,.T.);
#10318=ORIENTED_EDGE('',*,*,#10307,.T.);
#10319=ORIENTED_EDGE('',*,*,#2271,.F.);
#10320=CARTESIAN_POINT('',(65.552378153,-100.532566515,1.561697185));
#10321=DIRECTION('',(0.,0.,1.));
#10322=VECTOR('',#10321,3.);
#10323=LINE('',#10320,#10322);
#10324=EDGE_CURVE('',#3659,#2260,#10323,.T.);
#10325=ORIENTED_EDGE('',*,*,#10324,.F.);
#10326=EDGE_LOOP('',(#10317,#10318,#10319,#10325));
#10327=FACE_BOUND('',#10326,.T.);
#10328=ADVANCED_FACE('',(#10327),#10316,.T.);
#10329=CARTESIAN_POINT('',(68.552378153,-100.532566515,-45.438302815));
#10330=DIRECTION('',(-0.,1.,0.));
#10331=DIRECTION('',(-1.,-0.,0.));
#10332=AXIS2_PLACEMENT_3D('',#10329,#10330,#10331);
#10333=PLANE('',#10332);
#10334=ORIENTED_EDGE('',*,*,#3670,.T.);
#10335=ORIENTED_EDGE('',*,*,#10324,.T.);
#10336=ORIENTED_EDGE('',*,*,#2265,.F.);
#10337=ORIENTED_EDGE('',*,*,#10283,.F.);
#10338=EDGE_LOOP('',(#10334,#10335,#10336,#10337));
#10339=FACE_BOUND('',#10338,.T.);
#10340=ADVANCED_FACE('',(#10339),#10333,.T.);
#10341=CARTESIAN_POINT('',(245.142378153,-24.212566515,-45.438302815));
#10342=DIRECTION('',(-1.,0.,0.));
#10343=DIRECTION('',(0.,0.,1.));
#10344=AXIS2_PLACEMENT_3D('',#10341,#10342,#10343);
#10345=PLANE('',#10344);
#10346=ORIENTED_EDGE('',*,*,#5758,.T.);
#10347=CARTESIAN_POINT('',(245.142378153,-32.012566515,1.561697185));
#10348=DIRECTION('',(0.,0.,1.));
#10349=VECTOR('',#10348,3.);
#10350=LINE('',#10347,#10349);
#10351=EDGE_CURVE('',#5753,#2286,#10350,.T.);
#10352=ORIENTED_EDGE('',*,*,#10351,.T.);
#10353=ORIENTED_EDGE('',*,*,#2291,.F.);
#10354=CARTESIAN_POINT('',(245.142378153,-16.412566515,1.561697185));
#10355=DIRECTION('',(0.,0.,1.));
#10356=VECTOR('',#10355,3.);
#10357=LINE('',#10354,#10356);
#10358=EDGE_CURVE('',#5751,#2278,#10357,.T.);
#10359=ORIENTED_EDGE('',*,*,#10358,.F.);
#10360=EDGE_LOOP('',(#10346,#10352,#10353,#10359));
#10361=FACE_BOUND('',#10360,.T.);
#10362=ADVANCED_FACE('',(#10361),#10345,.T.);
#10363=CARTESIAN_POINT('',(237.342378153,-16.412566515,-45.438302815));
#10364=DIRECTION('',(0.,-1.,0.));
#10365=DIRECTION('',(0.,0.,-1.));
#10366=AXIS2_PLACEMENT_3D('',#10363,#10364,#10365);
#10367=PLANE('',#10366);
#10368=ORIENTED_EDGE('',*,*,#5766,.T.);
#10369=ORIENTED_EDGE('',*,*,#10358,.T.);
#10370=ORIENTED_EDGE('',*,*,#2283,.F.);
#10371=CARTESIAN_POINT('',(229.542378153,-16.412566515,1.561697185));
#10372=DIRECTION('',(0.,0.,1.));
#10373=VECTOR('',#10372,3.);
#10374=LINE('',#10371,#10373);
#10375=EDGE_CURVE('',#5761,#2276,#10374,.T.);
#10376=ORIENTED_EDGE('',*,*,#10375,.F.);
#10377=EDGE_LOOP('',(#10368,#10369,#10370,#10376));
#10378=FACE_BOUND('',#10377,.T.);
#10379=ADVANCED_FACE('',(#10378),#10367,.T.);
#10380=CARTESIAN_POINT('',(229.542378153,-17.712566515,-45.438302815));
#10381=DIRECTION('',(1.,0.,0.));
#10382=DIRECTION('',(0.,0.,-1.));
#10383=AXIS2_PLACEMENT_3D('',#10380,#10381,#10382);
#10384=PLANE('',#10383);
#10385=ORIENTED_EDGE('',*,*,#5774,.T.);
#10386=ORIENTED_EDGE('',*,*,#10375,.T.);
#10387=ORIENTED_EDGE('',*,*,#2305,.F.);
#10388=CARTESIAN_POINT('',(229.542378153,-32.012566515,1.561697185));
#10389=DIRECTION('',(0.,0.,1.));
#10390=VECTOR('',#10389,3.);
#10391=LINE('',#10388,#10390);
#10392=EDGE_CURVE('',#5769,#2294,#10391,.T.);
#10393=ORIENTED_EDGE('',*,*,#10392,.F.);
#10394=EDGE_LOOP('',(#10385,#10386,#10387,#10393));
#10395=FACE_BOUND('',#10394,.T.);
#10396=ADVANCED_FACE('',(#10395),#10384,.T.);
#10397=CARTESIAN_POINT('',(237.342378153,-32.012566515,-45.438302815));
#10398=DIRECTION('',(0.,-1.,0.));
#10399=DIRECTION('',(0.,0.,-1.));
#10400=AXIS2_PLACEMENT_3D('',#10397,#10398,#10399);
#10401=PLANE('',#10400);
#10402=ORIENTED_EDGE('',*,*,#10392,.T.);
#10403=ORIENTED_EDGE('',*,*,#2299,.T.);
#10404=ORIENTED_EDGE('',*,*,#10351,.F.);
#10405=ORIENTED_EDGE('',*,*,#5780,.F.);
#10406=EDGE_LOOP('',(#10402,#10403,#10404,#10405));
#10407=FACE_BOUND('',#10406,.T.);
#10408=ADVANCED_FACE('',(#10407),#10401,.F.);
#10409=CARTESIAN_POINT('',(274.352378153,-68.692566515,-45.438302815));
#10410=DIRECTION('',(-1.,0.,0.));
#10411=DIRECTION('',(0.,0.,1.));
#10412=AXIS2_PLACEMENT_3D('',#10409,#10410,#10411);
#10413=PLANE('',#10412);
#10414=ORIENTED_EDGE('',*,*,#3614,.T.);
#10415=CARTESIAN_POINT('',(274.352378153,-75.192566515,1.561697185));
#10416=DIRECTION('',(0.,0.,1.));
#10417=VECTOR('',#10416,3.);
#10418=LINE('',#10415,#10417);
#10419=EDGE_CURVE('',#3609,#2320,#10418,.T.);
#10420=ORIENTED_EDGE('',*,*,#10419,.T.);
#10421=ORIENTED_EDGE('',*,*,#2325,.F.);
#10422=CARTESIAN_POINT('',(274.352378153,-59.592566515,1.561697185));
#10423=DIRECTION('',(0.,0.,1.));
#10424=VECTOR('',#10423,3.);
#10425=LINE('',#10422,#10424);
#10426=EDGE_CURVE('',#3607,#2312,#10425,.T.);
#10427=ORIENTED_EDGE('',*,*,#10426,.F.);
#10428=EDGE_LOOP('',(#10414,#10420,#10421,#10427));
#10429=FACE_BOUND('',#10428,.T.);
#10430=ADVANCED_FACE('',(#10429),#10413,.T.);
#10431=CARTESIAN_POINT('',(266.552378153,-59.592566515,-45.438302815));
#10432=DIRECTION('',(0.,-1.,0.));
#10433=DIRECTION('',(0.,0.,-1.));
#10434=AXIS2_PLACEMENT_3D('',#10431,#10432,#10433);
#10435=PLANE('',#10434);
#10436=ORIENTED_EDGE('',*,*,#3622,.T.);
#10437=ORIENTED_EDGE('',*,*,#10426,.T.);
#10438=ORIENTED_EDGE('',*,*,#2317,.F.);
#10439=CARTESIAN_POINT('',(258.752378153,-59.592566515,1.561697185));
#10440=DIRECTION('',(0.,0.,1.));
#10441=VECTOR('',#10440,3.);
#10442=LINE('',#10439,#10441);
#10443=EDGE_CURVE('',#3617,#2310,#10442,.T.);
#10444=ORIENTED_EDGE('',*,*,#10443,.F.);
#10445=EDGE_LOOP('',(#10436,#10437,#10438,#10444));
#10446=FACE_BOUND('',#10445,.T.);
#10447=ADVANCED_FACE('',(#10446),#10435,.T.);
#10448=CARTESIAN_POINT('',(258.752378153,-67.392566515,-45.438302815));
#10449=DIRECTION('',(1.,0.,0.));
#10450=DIRECTION('',(0.,0.,-1.));
#10451=AXIS2_PLACEMENT_3D('',#10448,#10449,#10450);
#10452=PLANE('',#10451);
#10453=ORIENTED_EDGE('',*,*,#3630,.T.);
#10454=ORIENTED_EDGE('',*,*,#10443,.T.);
#10455=ORIENTED_EDGE('',*,*,#2339,.F.);
#10456=CARTESIAN_POINT('',(258.752378153,-75.192566515,1.561697185));
#10457=DIRECTION('',(0.,0.,1.));
#10458=VECTOR('',#10457,3.);
#10459=LINE('',#10456,#10458);
#10460=EDGE_CURVE('',#3625,#2328,#10459,.T.);
#10461=ORIENTED_EDGE('',*,*,#10460,.F.);
#10462=EDGE_LOOP('',(#10453,#10454,#10455,#10461));
#10463=FACE_BOUND('',#10462,.T.);
#10464=ADVANCED_FACE('',(#10463),#10452,.T.);
#10465=CARTESIAN_POINT('',(266.552378153,-75.192566515,-45.438302815));
#10466=DIRECTION('',(0.,-1.,0.));
#10467=DIRECTION('',(0.,0.,-1.));
#10468=AXIS2_PLACEMENT_3D('',#10465,#10466,#10467);
#10469=PLANE('',#10468);
#10470=ORIENTED_EDGE('',*,*,#10460,.T.);
#10471=ORIENTED_EDGE('',*,*,#2333,.T.);
#10472=ORIENTED_EDGE('',*,*,#10419,.F.);
#10473=ORIENTED_EDGE('',*,*,#3636,.F.);
#10474=EDGE_LOOP('',(#10470,#10471,#10472,#10473));
#10475=FACE_BOUND('',#10474,.T.);
#10476=ADVANCED_FACE('',(#10475),#10469,.F.);
#10477=CARTESIAN_POINT('',(196.882378153,-9.122566515,-45.438302815));
#10478=DIRECTION('',(-1.,0.,0.));
#10479=DIRECTION('',(0.,0.,1.));
#10480=AXIS2_PLACEMENT_3D('',#10477,#10478,#10479);
#10481=PLANE('',#10480);
#10482=ORIENTED_EDGE('',*,*,#5792,.T.);
#10483=CARTESIAN_POINT('',(196.882378153,-10.422566515,1.561697185));
#10484=DIRECTION('',(0.,0.,1.));
#10485=VECTOR('',#10484,3.);
#10486=LINE('',#10483,#10485);
#10487=EDGE_CURVE('',#5787,#2354,#10486,.T.);
#10488=ORIENTED_EDGE('',*,*,#10487,.T.);
#10489=ORIENTED_EDGE('',*,*,#2359,.F.);
#10490=CARTESIAN_POINT('',(196.882378153,5.177433485,1.561697185));
#10491=DIRECTION('',(0.,0.,1.));
#10492=VECTOR('',#10491,3.);
#10493=LINE('',#10490,#10492);
#10494=EDGE_CURVE('',#5785,#2346,#10493,.T.);
#10495=ORIENTED_EDGE('',*,*,#10494,.F.);
#10496=EDGE_LOOP('',(#10482,#10488,#10489,#10495));
#10497=FACE_BOUND('',#10496,.T.);
#10498=ADVANCED_FACE('',(#10497),#10481,.T.);
#10499=CARTESIAN_POINT('',(189.082378153,5.177433485,-45.438302815));
#10500=DIRECTION('',(0.,-1.,0.));
#10501=DIRECTION('',(0.,0.,-1.));
#10502=AXIS2_PLACEMENT_3D('',#10499,#10500,#10501);
#10503=PLANE('',#10502);
#10504=ORIENTED_EDGE('',*,*,#5800,.T.);
#10505=ORIENTED_EDGE('',*,*,#10494,.T.);
#10506=ORIENTED_EDGE('',*,*,#2351,.F.);
#10507=CARTESIAN_POINT('',(181.282378153,5.177433485,1.561697185));
#10508=DIRECTION('',(0.,0.,1.));
#10509=VECTOR('',#10508,3.);
#10510=LINE('',#10507,#10509);
#10511=EDGE_CURVE('',#5795,#2344,#10510,.T.);
#10512=ORIENTED_EDGE('',*,*,#10511,.F.);
#10513=EDGE_LOOP('',(#10504,#10505,#10506,#10512));
#10514=FACE_BOUND('',#10513,.T.);
#10515=ADVANCED_FACE('',(#10514),#10503,.T.);
#10516=CARTESIAN_POINT('',(181.282378153,3.877433485,-45.438302815));
#10517=DIRECTION('',(1.,0.,0.));
#10518=DIRECTION('',(0.,0.,-1.));
#10519=AXIS2_PLACEMENT_3D('',#10516,#10517,#10518);
#10520=PLANE('',#10519);
#10521=ORIENTED_EDGE('',*,*,#5808,.T.);
#10522=ORIENTED_EDGE('',*,*,#10511,.T.);
#10523=ORIENTED_EDGE('',*,*,#2373,.F.);
#10524=CARTESIAN_POINT('',(181.282378153,-10.422566515,1.561697185));
#10525=DIRECTION('',(0.,0.,1.));
#10526=VECTOR('',#10525,3.);
#10527=LINE('',#10524,#10526);
#10528=EDGE_CURVE('',#5803,#2362,#10527,.T.);
#10529=ORIENTED_EDGE('',*,*,#10528,.F.);
#10530=EDGE_LOOP('',(#10521,#10522,#10523,#10529));
#10531=FACE_BOUND('',#10530,.T.);
#10532=ADVANCED_FACE('',(#10531),#10520,.T.);
#10533=CARTESIAN_POINT('',(189.082378153,-10.422566515,-45.438302815));
#10534=DIRECTION('',(0.,-1.,0.));
#10535=DIRECTION('',(0.,0.,-1.));
#10536=AXIS2_PLACEMENT_3D('',#10533,#10534,#10535);
#10537=PLANE('',#10536);
#10538=ORIENTED_EDGE('',*,*,#10528,.T.);
#10539=ORIENTED_EDGE('',*,*,#2367,.T.);
#10540=ORIENTED_EDGE('',*,*,#10487,.F.);
#10541=ORIENTED_EDGE('',*,*,#5814,.F.);
#10542=EDGE_LOOP('',(#10538,#10539,#10540,#10541));
#10543=FACE_BOUND('',#10542,.T.);
#10544=ADVANCED_FACE('',(#10543),#10537,.F.);
#10545=CARTESIAN_POINT('',(196.702378153,-53.602566515,-45.438302815));
#10546=DIRECTION('',(0.,-1.,0.));
#10547=DIRECTION('',(0.,0.,-1.));
#10548=AXIS2_PLACEMENT_3D('',#10545,#10546,#10547);
#10549=PLANE('',#10548);
#10550=CARTESIAN_POINT('',(188.902378153,-53.602566515,1.561697185));
#10551=DIRECTION('',(0.,0.,1.));
#10552=VECTOR('',#10551,3.);
#10553=LINE('',#10550,#10552);
#10554=EDGE_CURVE('',#3573,#168,#10553,.T.);
#10555=ORIENTED_EDGE('',*,*,#10554,.T.);
#10556=ORIENTED_EDGE('',*,*,#175,.T.);
#10557=CARTESIAN_POINT('',(204.502378153,-53.602566515,1.561697185));
#10558=DIRECTION('',(0.,0.,1.));
#10559=VECTOR('',#10558,3.);
#10560=LINE('',#10557,#10559);
#10561=EDGE_CURVE('',#3583,#170,#10560,.T.);
#10562=ORIENTED_EDGE('',*,*,#10561,.F.);
#10563=ORIENTED_EDGE('',*,*,#3588,.F.);
#10564=EDGE_LOOP('',(#10555,#10556,#10562,#10563));
#10565=FACE_BOUND('',#10564,.T.);
#10566=ADVANCED_FACE('',(#10565),#10549,.F.);
#10567=CARTESIAN_POINT('',(204.502378153,-45.802566515,-45.438302815));
#10568=DIRECTION('',(1.,0.,0.));
#10569=DIRECTION('',(0.,0.,-1.));
#10570=AXIS2_PLACEMENT_3D('',#10567,#10568,#10569);
#10571=PLANE('',#10570);
#10572=ORIENTED_EDGE('',*,*,#10561,.T.);
#10573=ORIENTED_EDGE('',*,*,#197,.T.);
#10574=CARTESIAN_POINT('',(204.502378153,-38.002566515,1.561697185));
#10575=DIRECTION('',(0.,0.,1.));
#10576=VECTOR('',#10575,3.);
#10577=LINE('',#10574,#10576);
#10578=EDGE_CURVE('',#3591,#186,#10577,.T.);
#10579=ORIENTED_EDGE('',*,*,#10578,.F.);
#10580=ORIENTED_EDGE('',*,*,#3596,.F.);
#10581=EDGE_LOOP('',(#10572,#10573,#10579,#10580));
#10582=FACE_BOUND('',#10581,.T.);
#10583=ADVANCED_FACE('',(#10582),#10571,.F.);
#10584=CARTESIAN_POINT('',(196.702378153,-38.002566515,-45.438302815));
#10585=DIRECTION('',(0.,1.,0.));
#10586=DIRECTION('',(0.,0.,1.));
#10587=AXIS2_PLACEMENT_3D('',#10584,#10585,#10586);
#10588=PLANE('',#10587);
#10589=ORIENTED_EDGE('',*,*,#10578,.T.);
#10590=ORIENTED_EDGE('',*,*,#191,.T.);
#10591=CARTESIAN_POINT('',(188.902378153,-38.002566515,1.561697185));
#10592=DIRECTION('',(0.,0.,1.));
#10593=VECTOR('',#10592,3.);
#10594=LINE('',#10591,#10593);
#10595=EDGE_CURVE('',#3575,#178,#10594,.T.);
#10596=ORIENTED_EDGE('',*,*,#10595,.F.);
#10597=ORIENTED_EDGE('',*,*,#3602,.F.);
#10598=EDGE_LOOP('',(#10589,#10590,#10596,#10597));
#10599=FACE_BOUND('',#10598,.T.);
#10600=ADVANCED_FACE('',(#10599),#10588,.F.);
#10601=CARTESIAN_POINT('',(188.902378153,-39.302566515,-45.438302815));
#10602=DIRECTION('',(1.,0.,0.));
#10603=DIRECTION('',(0.,0.,-1.));
#10604=AXIS2_PLACEMENT_3D('',#10601,#10602,#10603);
#10605=PLANE('',#10604);
#10606=ORIENTED_EDGE('',*,*,#3580,.T.);
#10607=ORIENTED_EDGE('',*,*,#10595,.T.);
#10608=ORIENTED_EDGE('',*,*,#183,.F.);
#10609=ORIENTED_EDGE('',*,*,#10554,.F.);
#10610=EDGE_LOOP('',(#10606,#10607,#10608,#10609));
#10611=FACE_BOUND('',#10610,.T.);
#10612=ADVANCED_FACE('',(#10611),#10605,.T.);
#10613=CARTESIAN_POINT('',(212.552378153,-111.532566515,-45.438302815));
#10614=DIRECTION('',(-1.,0.,0.));
#10615=DIRECTION('',(0.,0.,1.));
#10616=AXIS2_PLACEMENT_3D('',#10613,#10614,#10615);
#10617=PLANE('',#10616);
#10618=ORIENTED_EDGE('',*,*,#3546,.T.);
#10619=CARTESIAN_POINT('',(212.552378153,-121.532566515,1.561697185));
#10620=DIRECTION('',(0.,0.,1.));
#10621=VECTOR('',#10620,3.);
#10622=LINE('',#10619,#10621);
#10623=EDGE_CURVE('',#3541,#2388,#10622,.T.);
#10624=ORIENTED_EDGE('',*,*,#10623,.T.);
#10625=ORIENTED_EDGE('',*,*,#2393,.F.);
#10626=CARTESIAN_POINT('',(212.552378153,-101.532566515,1.561697185));
#10627=DIRECTION('',(0.,0.,1.));
#10628=VECTOR('',#10627,3.);
#10629=LINE('',#10626,#10628);
#10630=EDGE_CURVE('',#3539,#2380,#10629,.T.);
#10631=ORIENTED_EDGE('',*,*,#10630,.F.);
#10632=EDGE_LOOP('',(#10618,#10624,#10625,#10631));
#10633=FACE_BOUND('',#10632,.T.);
#10634=ADVANCED_FACE('',(#10633),#10617,.T.);
#10635=CARTESIAN_POINT('',(210.052378153,-101.532566515,-45.438302815));
#10636=DIRECTION('',(-0.,-1.,0.));
#10637=DIRECTION('',(1.,-0.,0.));
#10638=AXIS2_PLACEMENT_3D('',#10635,#10636,#10637);
#10639=PLANE('',#10638);
#10640=ORIENTED_EDGE('',*,*,#3554,.T.);
#10641=ORIENTED_EDGE('',*,*,#10630,.T.);
#10642=ORIENTED_EDGE('',*,*,#2385,.F.);
#10643=CARTESIAN_POINT('',(207.552378153,-101.532566515,1.561697185));
#10644=DIRECTION('',(0.,0.,1.));
#10645=VECTOR('',#10644,3.);
#10646=LINE('',#10643,#10645);
#10647=EDGE_CURVE('',#3549,#2378,#10646,.T.);
#10648=ORIENTED_EDGE('',*,*,#10647,.F.);
#10649=EDGE_LOOP('',(#10640,#10641,#10642,#10648));
#10650=FACE_BOUND('',#10649,.T.);
#10651=ADVANCED_FACE('',(#10650),#10639,.T.);
#10652=CARTESIAN_POINT('',(207.552378153,-111.532566515,-45.438302815));
#10653=DIRECTION('',(1.,0.,0.));
#10654=DIRECTION('',(0.,0.,-1.));
#10655=AXIS2_PLACEMENT_3D('',#10652,#10653,#10654);
#10656=PLANE('',#10655);
#10657=ORIENTED_EDGE('',*,*,#3562,.T.);
#10658=ORIENTED_EDGE('',*,*,#10647,.T.);
#10659=ORIENTED_EDGE('',*,*,#2407,.F.);
#10660=CARTESIAN_POINT('',(207.552378153,-121.532566515,1.561697185));
#10661=DIRECTION('',(0.,0.,1.));
#10662=VECTOR('',#10661,3.);
#10663=LINE('',#10660,#10662);
#10664=EDGE_CURVE('',#3557,#2396,#10663,.T.);
#10665=ORIENTED_EDGE('',*,*,#10664,.F.);
#10666=EDGE_LOOP('',(#10657,#10658,#10659,#10665));
#10667=FACE_BOUND('',#10666,.T.);
#10668=ADVANCED_FACE('',(#10667),#10656,.T.);
#10669=CARTESIAN_POINT('',(210.052378153,-121.532566515,-45.438302815));
#10670=DIRECTION('',(0.,1.,0.));
#10671=DIRECTION('',(0.,0.,1.));
#10672=AXIS2_PLACEMENT_3D('',#10669,#10670,#10671);
#10673=PLANE('',#10672);
#10674=ORIENTED_EDGE('',*,*,#3568,.T.);
#10675=ORIENTED_EDGE('',*,*,#10664,.T.);
#10676=ORIENTED_EDGE('',*,*,#2401,.F.);
#10677=ORIENTED_EDGE('',*,*,#10623,.F.);
#10678=EDGE_LOOP('',(#10674,#10675,#10676,#10677));
#10679=FACE_BOUND('',#10678,.T.);
#10680=ADVANCED_FACE('',(#10679),#10673,.T.);
#10681=CARTESIAN_POINT('',(50.832378153,-2.622566515,-45.438302815));
#10682=DIRECTION('',(-1.,0.,0.));
#10683=DIRECTION('',(0.,0.,1.));
#10684=AXIS2_PLACEMENT_3D('',#10681,#10682,#10683);
#10685=PLANE('',#10684);
#10686=ORIENTED_EDGE('',*,*,#5826,.T.);
#10687=CARTESIAN_POINT('',(50.832378153,-10.422566515,1.561697185));
#10688=DIRECTION('',(0.,0.,1.));
#10689=VECTOR('',#10688,3.);
#10690=LINE('',#10687,#10689);
#10691=EDGE_CURVE('',#5821,#2422,#10690,.T.);
#10692=ORIENTED_EDGE('',*,*,#10691,.T.);
#10693=ORIENTED_EDGE('',*,*,#2427,.F.);
#10694=CARTESIAN_POINT('',(50.832378153,5.177433485,1.561697185));
#10695=DIRECTION('',(0.,0.,1.));
#10696=VECTOR('',#10695,3.);
#10697=LINE('',#10694,#10696);
#10698=EDGE_CURVE('',#5819,#2414,#10697,.T.);
#10699=ORIENTED_EDGE('',*,*,#10698,.F.);
#10700=EDGE_LOOP('',(#10686,#10692,#10693,#10699));
#10701=FACE_BOUND('',#10700,.T.);
#10702=ADVANCED_FACE('',(#10701),#10685,.T.);
#10703=CARTESIAN_POINT('',(43.032378153,5.177433485,-45.438302815));
#10704=DIRECTION('',(0.,-1.,0.));
#10705=DIRECTION('',(0.,0.,-1.));
#10706=AXIS2_PLACEMENT_3D('',#10703,#10704,#10705);
#10707=PLANE('',#10706);
#10708=ORIENTED_EDGE('',*,*,#5834,.T.);
#10709=ORIENTED_EDGE('',*,*,#10698,.T.);
#10710=ORIENTED_EDGE('',*,*,#2419,.F.);
#10711=CARTESIAN_POINT('',(35.232378153,5.177433485,1.561697185));
#10712=DIRECTION('',(0.,0.,1.));
#10713=VECTOR('',#10712,3.);
#10714=LINE('',#10711,#10713);
#10715=EDGE_CURVE('',#5829,#2412,#10714,.T.);
#10716=ORIENTED_EDGE('',*,*,#10715,.F.);
#10717=EDGE_LOOP('',(#10708,#10709,#10710,#10716));
#10718=FACE_BOUND('',#10717,.T.);
#10719=ADVANCED_FACE('',(#10718),#10707,.T.);
#10720=CARTESIAN_POINT('',(35.232378153,3.877433485,-45.438302815));
#10721=DIRECTION('',(1.,0.,0.));
#10722=DIRECTION('',(0.,0.,-1.));
#10723=AXIS2_PLACEMENT_3D('',#10720,#10721,#10722);
#10724=PLANE('',#10723);
#10725=ORIENTED_EDGE('',*,*,#5842,.T.);
#10726=ORIENTED_EDGE('',*,*,#10715,.T.);
#10727=ORIENTED_EDGE('',*,*,#2441,.F.);
#10728=CARTESIAN_POINT('',(35.232378153,-10.422566515,1.561697185));
#10729=DIRECTION('',(0.,0.,1.));
#10730=VECTOR('',#10729,3.);
#10731=LINE('',#10728,#10730);
#10732=EDGE_CURVE('',#5837,#2430,#10731,.T.);
#10733=ORIENTED_EDGE('',*,*,#10732,.F.);
#10734=EDGE_LOOP('',(#10725,#10726,#10727,#10733));
#10735=FACE_BOUND('',#10734,.T.);
#10736=ADVANCED_FACE('',(#10735),#10724,.T.);
#10737=CARTESIAN_POINT('',(43.032378153,-10.422566515,-45.438302815));
#10738=DIRECTION('',(0.,1.,0.));
#10739=DIRECTION('',(0.,0.,1.));
#10740=AXIS2_PLACEMENT_3D('',#10737,#10738,#10739);
#10741=PLANE('',#10740);
#10742=ORIENTED_EDGE('',*,*,#5848,.T.);
#10743=ORIENTED_EDGE('',*,*,#10732,.T.);
#10744=ORIENTED_EDGE('',*,*,#2435,.F.);
#10745=ORIENTED_EDGE('',*,*,#10691,.F.);
#10746=EDGE_LOOP('',(#10742,#10743,#10744,#10745));
#10747=FACE_BOUND('',#10746,.T.);
#10748=ADVANCED_FACE('',(#10747),#10741,.T.);
#10749=CARTESIAN_POINT('',(259.112378153,-117.707566515,-45.438302815));
#10750=DIRECTION('',(-1.,0.,0.));
#10751=DIRECTION('',(0.,0.,1.));
#10752=AXIS2_PLACEMENT_3D('',#10749,#10750,#10751);
#10753=PLANE('',#10752);
#10754=ORIENTED_EDGE('',*,*,#3512,.T.);
#10755=CARTESIAN_POINT('',(259.112378153,-119.007566515,1.561697185));
#10756=DIRECTION('',(0.,0.,1.));
#10757=VECTOR('',#10756,3.);
#10758=LINE('',#10755,#10757);
#10759=EDGE_CURVE('',#3507,#2456,#10758,.T.);
#10760=ORIENTED_EDGE('',*,*,#10759,.T.);
#10761=ORIENTED_EDGE('',*,*,#2461,.F.);
#10762=CARTESIAN_POINT('',(259.112378153,-103.407566515,1.561697185));
#10763=DIRECTION('',(0.,0.,1.));
#10764=VECTOR('',#10763,3.);
#10765=LINE('',#10762,#10764);
#10766=EDGE_CURVE('',#3505,#2448,#10765,.T.);
#10767=ORIENTED_EDGE('',*,*,#10766,.F.);
#10768=EDGE_LOOP('',(#10754,#10760,#10761,#10767));
#10769=FACE_BOUND('',#10768,.T.);
#10770=ADVANCED_FACE('',(#10769),#10753,.T.);
#10771=CARTESIAN_POINT('',(251.312378153,-103.407566515,-45.438302815));
#10772=DIRECTION('',(0.,-1.,0.));
#10773=DIRECTION('',(0.,0.,-1.));
#10774=AXIS2_PLACEMENT_3D('',#10771,#10772,#10773);
#10775=PLANE('',#10774);
#10776=ORIENTED_EDGE('',*,*,#3520,.T.);
#10777=ORIENTED_EDGE('',*,*,#10766,.T.);
#10778=ORIENTED_EDGE('',*,*,#2453,.F.);
#10779=CARTESIAN_POINT('',(243.512378153,-103.407566515,1.561697185));
#10780=DIRECTION('',(0.,0.,1.));
#10781=VECTOR('',#10780,3.);
#10782=LINE('',#10779,#10781);
#10783=EDGE_CURVE('',#3515,#2446,#10782,.T.);
#10784=ORIENTED_EDGE('',*,*,#10783,.F.);
#10785=EDGE_LOOP('',(#10776,#10777,#10778,#10784));
#10786=FACE_BOUND('',#10785,.T.);
#10787=ADVANCED_FACE('',(#10786),#10775,.T.);
#10788=CARTESIAN_POINT('',(243.512378153,-109.907566515,-45.438302815));
#10789=DIRECTION('',(1.,0.,0.));
#10790=DIRECTION('',(0.,0.,-1.));
#10791=AXIS2_PLACEMENT_3D('',#10788,#10789,#10790);
#10792=PLANE('',#10791);
#10793=ORIENTED_EDGE('',*,*,#3528,.T.);
#10794=ORIENTED_EDGE('',*,*,#10783,.T.);
#10795=ORIENTED_EDGE('',*,*,#2475,.F.);
#10796=CARTESIAN_POINT('',(243.512378153,-119.007566515,1.561697185));
#10797=DIRECTION('',(0.,0.,1.));
#10798=VECTOR('',#10797,3.);
#10799=LINE('',#10796,#10798);
#10800=EDGE_CURVE('',#3523,#2464,#10799,.T.);
#10801=ORIENTED_EDGE('',*,*,#10800,.F.);
#10802=EDGE_LOOP('',(#10793,#10794,#10795,#10801));
#10803=FACE_BOUND('',#10802,.T.);
#10804=ADVANCED_FACE('',(#10803),#10792,.T.);
#10805=CARTESIAN_POINT('',(251.312378153,-119.007566515,-45.438302815));
#10806=DIRECTION('',(0.,-1.,0.));
#10807=DIRECTION('',(0.,0.,-1.));
#10808=AXIS2_PLACEMENT_3D('',#10805,#10806,#10807);
#10809=PLANE('',#10808);
#10810=ORIENTED_EDGE('',*,*,#10800,.T.);
#10811=ORIENTED_EDGE('',*,*,#2469,.T.);
#10812=ORIENTED_EDGE('',*,*,#10759,.F.);
#10813=ORIENTED_EDGE('',*,*,#3534,.F.);
#10814=EDGE_LOOP('',(#10810,#10811,#10812,#10813));
#10815=FACE_BOUND('',#10814,.T.);
#10816=ADVANCED_FACE('',(#10815),#10809,.F.);
#10817=CARTESIAN_POINT('',(186.722378153,-90.252566515,-45.438302815));
#10818=DIRECTION('',(-1.,0.,0.));
#10819=DIRECTION('',(0.,0.,1.));
#10820=AXIS2_PLACEMENT_3D('',#10817,#10818,#10819);
#10821=PLANE('',#10820);
#10822=ORIENTED_EDGE('',*,*,#5860,.T.);
#10823=CARTESIAN_POINT('',(186.722378153,-98.052566515,1.561697185));
#10824=DIRECTION('',(0.,0.,1.));
#10825=VECTOR('',#10824,3.);
#10826=LINE('',#10823,#10825);
#10827=EDGE_CURVE('',#5855,#2490,#10826,.T.);
#10828=ORIENTED_EDGE('',*,*,#10827,.T.);
#10829=ORIENTED_EDGE('',*,*,#2495,.F.);
#10830=CARTESIAN_POINT('',(186.722378153,-82.452566515,1.561697185));
#10831=DIRECTION('',(0.,0.,1.));
#10832=VECTOR('',#10831,3.);
#10833=LINE('',#10830,#10832);
#10834=EDGE_CURVE('',#5853,#2482,#10833,.T.);
#10835=ORIENTED_EDGE('',*,*,#10834,.F.);
#10836=EDGE_LOOP('',(#10822,#10828,#10829,#10835));
#10837=FACE_BOUND('',#10836,.T.);
#10838=ADVANCED_FACE('',(#10837),#10821,.T.);
#10839=CARTESIAN_POINT('',(178.922378153,-82.452566515,-45.438302815));
#10840=DIRECTION('',(0.,-1.,0.));
#10841=DIRECTION('',(0.,0.,-1.));
#10842=AXIS2_PLACEMENT_3D('',#10839,#10840,#10841);
#10843=PLANE('',#10842);
#10844=ORIENTED_EDGE('',*,*,#5868,.T.);
#10845=ORIENTED_EDGE('',*,*,#10834,.T.);
#10846=ORIENTED_EDGE('',*,*,#2487,.F.);
#10847=CARTESIAN_POINT('',(171.122378153,-82.452566515,1.561697185));
#10848=DIRECTION('',(0.,0.,1.));
#10849=VECTOR('',#10848,3.);
#10850=LINE('',#10847,#10849);
#10851=EDGE_CURVE('',#5863,#2480,#10850,.T.);
#10852=ORIENTED_EDGE('',*,*,#10851,.F.);
#10853=EDGE_LOOP('',(#10844,#10845,#10846,#10852));
#10854=FACE_BOUND('',#10853,.T.);
#10855=ADVANCED_FACE('',(#10854),#10843,.T.);
#10856=CARTESIAN_POINT('',(171.122378153,-83.752566515,-45.438302815));
#10857=DIRECTION('',(1.,0.,0.));
#10858=DIRECTION('',(0.,0.,-1.));
#10859=AXIS2_PLACEMENT_3D('',#10856,#10857,#10858);
#10860=PLANE('',#10859);
#10861=ORIENTED_EDGE('',*,*,#5876,.T.);
#10862=ORIENTED_EDGE('',*,*,#10851,.T.);
#10863=ORIENTED_EDGE('',*,*,#2509,.F.);
#10864=CARTESIAN_POINT('',(171.122378153,-98.052566515,1.561697185));
#10865=DIRECTION('',(0.,0.,1.));
#10866=VECTOR('',#10865,3.);
#10867=LINE('',#10864,#10866);
#10868=EDGE_CURVE('',#5871,#2498,#10867,.T.);
#10869=ORIENTED_EDGE('',*,*,#10868,.F.);
#10870=EDGE_LOOP('',(#10861,#10862,#10863,#10869));
#10871=FACE_BOUND('',#10870,.T.);
#10872=ADVANCED_FACE('',(#10871),#10860,.T.);
#10873=CARTESIAN_POINT('',(178.922378153,-98.052566515,-45.438302815));
#10874=DIRECTION('',(0.,-1.,0.));
#10875=DIRECTION('',(0.,0.,-1.));
#10876=AXIS2_PLACEMENT_3D('',#10873,#10874,#10875);
#10877=PLANE('',#10876);
#10878=ORIENTED_EDGE('',*,*,#10868,.T.);
#10879=ORIENTED_EDGE('',*,*,#2503,.T.);
#10880=ORIENTED_EDGE('',*,*,#10827,.F.);
#10881=ORIENTED_EDGE('',*,*,#5882,.F.);
#10882=EDGE_LOOP('',(#10878,#10879,#10880,#10881));
#10883=FACE_BOUND('',#10882,.T.);
#10884=ADVANCED_FACE('',(#10883),#10877,.F.);
#10885=CARTESIAN_POINT('',(137.192378153,-24.212566515,-45.438302815));
#10886=DIRECTION('',(-1.,0.,0.));
#10887=DIRECTION('',(0.,0.,1.));
#10888=AXIS2_PLACEMENT_3D('',#10885,#10886,#10887);
#10889=PLANE('',#10888);
#10890=ORIENTED_EDGE('',*,*,#3478,.T.);
#10891=CARTESIAN_POINT('',(137.192378153,-32.012566515,1.561697185));
#10892=DIRECTION('',(0.,0.,1.));
#10893=VECTOR('',#10892,3.);
#10894=LINE('',#10891,#10893);
#10895=EDGE_CURVE('',#3473,#2524,#10894,.T.);
#10896=ORIENTED_EDGE('',*,*,#10895,.T.);
#10897=ORIENTED_EDGE('',*,*,#2529,.F.);
#10898=CARTESIAN_POINT('',(137.192378153,-16.412566515,1.561697185));
#10899=DIRECTION('',(0.,0.,1.));
#10900=VECTOR('',#10899,3.);
#10901=LINE('',#10898,#10900);
#10902=EDGE_CURVE('',#3471,#2516,#10901,.T.);
#10903=ORIENTED_EDGE('',*,*,#10902,.F.);
#10904=EDGE_LOOP('',(#10890,#10896,#10897,#10903));
#10905=FACE_BOUND('',#10904,.T.);
#10906=ADVANCED_FACE('',(#10905),#10889,.T.);
#10907=CARTESIAN_POINT('',(129.392378153,-16.412566515,-45.438302815));
#10908=DIRECTION('',(0.,-1.,0.));
#10909=DIRECTION('',(0.,0.,-1.));
#10910=AXIS2_PLACEMENT_3D('',#10907,#10908,#10909);
#10911=PLANE('',#10910);
#10912=ORIENTED_EDGE('',*,*,#3486,.T.);
#10913=ORIENTED_EDGE('',*,*,#10902,.T.);
#10914=ORIENTED_EDGE('',*,*,#2521,.F.);
#10915=CARTESIAN_POINT('',(121.592378153,-16.412566515,1.561697185));
#10916=DIRECTION('',(0.,0.,1.));
#10917=VECTOR('',#10916,3.);
#10918=LINE('',#10915,#10917);
#10919=EDGE_CURVE('',#3481,#2514,#10918,.T.);
#10920=ORIENTED_EDGE('',*,*,#10919,.F.);
#10921=EDGE_LOOP('',(#10912,#10913,#10914,#10920));
#10922=FACE_BOUND('',#10921,.T.);
#10923=ADVANCED_FACE('',(#10922),#10911,.T.);
#10924=CARTESIAN_POINT('',(121.592378153,-17.712566515,-45.438302815));
#10925=DIRECTION('',(1.,0.,0.));
#10926=DIRECTION('',(0.,0.,-1.));
#10927=AXIS2_PLACEMENT_3D('',#10924,#10925,#10926);
#10928=PLANE('',#10927);
#10929=ORIENTED_EDGE('',*,*,#3494,.T.);
#10930=ORIENTED_EDGE('',*,*,#10919,.T.);
#10931=ORIENTED_EDGE('',*,*,#2543,.F.);
#10932=CARTESIAN_POINT('',(121.592378153,-32.012566515,1.561697185));
#10933=DIRECTION('',(0.,0.,1.));
#10934=VECTOR('',#10933,3.);
#10935=LINE('',#10932,#10934);
#10936=EDGE_CURVE('',#3489,#2532,#10935,.T.);
#10937=ORIENTED_EDGE('',*,*,#10936,.F.);
#10938=EDGE_LOOP('',(#10929,#10930,#10931,#10937));
#10939=FACE_BOUND('',#10938,.T.);
#10940=ADVANCED_FACE('',(#10939),#10928,.T.);
#10941=CARTESIAN_POINT('',(129.392378153,-32.012566515,-45.438302815));
#10942=DIRECTION('',(0.,-1.,0.));
#10943=DIRECTION('',(0.,0.,-1.));
#10944=AXIS2_PLACEMENT_3D('',#10941,#10942,#10943);
#10945=PLANE('',#10944);
#10946=ORIENTED_EDGE('',*,*,#10936,.T.);
#10947=ORIENTED_EDGE('',*,*,#2537,.T.);
#10948=ORIENTED_EDGE('',*,*,#10895,.F.);
#10949=ORIENTED_EDGE('',*,*,#3500,.F.);
#10950=EDGE_LOOP('',(#10946,#10947,#10948,#10949));
#10951=FACE_BOUND('',#10950,.T.);
#10952=ADVANCED_FACE('',(#10951),#10945,.F.);
#10953=CARTESIAN_POINT('',(317.532378153,-90.252566515,-45.438302815));
#10954=DIRECTION('',(-1.,0.,0.));
#10955=DIRECTION('',(0.,0.,1.));
#10956=AXIS2_PLACEMENT_3D('',#10953,#10954,#10955);
#10957=PLANE('',#10956);
#10958=ORIENTED_EDGE('',*,*,#5894,.T.);
#10959=CARTESIAN_POINT('',(317.532378153,-98.052566515,1.561697185));
#10960=DIRECTION('',(0.,0.,1.));
#10961=VECTOR('',#10960,3.);
#10962=LINE('',#10959,#10961);
#10963=EDGE_CURVE('',#5889,#2558,#10962,.T.);
#10964=ORIENTED_EDGE('',*,*,#10963,.T.);
#10965=ORIENTED_EDGE('',*,*,#2563,.F.);
#10966=CARTESIAN_POINT('',(317.532378153,-82.452566515,1.561697185));
#10967=DIRECTION('',(0.,0.,1.));
#10968=VECTOR('',#10967,3.);
#10969=LINE('',#10966,#10968);
#10970=EDGE_CURVE('',#5887,#2550,#10969,.T.);
#10971=ORIENTED_EDGE('',*,*,#10970,.F.);
#10972=EDGE_LOOP('',(#10958,#10964,#10965,#10971));
#10973=FACE_BOUND('',#10972,.T.);
#10974=ADVANCED_FACE('',(#10973),#10957,.T.);
#10975=CARTESIAN_POINT('',(309.732378153,-82.452566515,-45.438302815));
#10976=DIRECTION('',(0.,-1.,0.));
#10977=DIRECTION('',(0.,0.,-1.));
#10978=AXIS2_PLACEMENT_3D('',#10975,#10976,#10977);
#10979=PLANE('',#10978);
#10980=ORIENTED_EDGE('',*,*,#5902,.T.);
#10981=ORIENTED_EDGE('',*,*,#10970,.T.);
#10982=ORIENTED_EDGE('',*,*,#2555,.F.);
#10983=CARTESIAN_POINT('',(301.932378153,-82.452566515,1.561697185));
#10984=DIRECTION('',(0.,0.,1.));
#10985=VECTOR('',#10984,3.);
#10986=LINE('',#10983,#10985);
#10987=EDGE_CURVE('',#5897,#2548,#10986,.T.);
#10988=ORIENTED_EDGE('',*,*,#10987,.F.);
#10989=EDGE_LOOP('',(#10980,#10981,#10982,#10988));
#10990=FACE_BOUND('',#10989,.T.);
#10991=ADVANCED_FACE('',(#10990),#10979,.T.);
#10992=CARTESIAN_POINT('',(301.932378153,-83.752566515,-45.438302815));
#10993=DIRECTION('',(1.,0.,0.));
#10994=DIRECTION('',(0.,0.,-1.));
#10995=AXIS2_PLACEMENT_3D('',#10992,#10993,#10994);
#10996=PLANE('',#10995);
#10997=ORIENTED_EDGE('',*,*,#5910,.T.);
#10998=ORIENTED_EDGE('',*,*,#10987,.T.);
#10999=ORIENTED_EDGE('',*,*,#2577,.F.);
#11000=CARTESIAN_POINT('',(301.932378153,-98.052566515,1.561697185));
#11001=DIRECTION('',(0.,0.,1.));
#11002=VECTOR('',#11001,3.);
#11003=LINE('',#11000,#11002);
#11004=EDGE_CURVE('',#5905,#2566,#11003,.T.);
#11005=ORIENTED_EDGE('',*,*,#11004,.F.);
#11006=EDGE_LOOP('',(#10997,#10998,#10999,#11005));
#11007=FACE_BOUND('',#11006,.T.);
#11008=ADVANCED_FACE('',(#11007),#10996,.T.);
#11009=CARTESIAN_POINT('',(309.732378153,-98.052566515,-45.438302815));
#11010=DIRECTION('',(0.,-1.,0.));
#11011=DIRECTION('',(0.,0.,-1.));
#11012=AXIS2_PLACEMENT_3D('',#11009,#11010,#11011);
#11013=PLANE('',#11012);
#11014=ORIENTED_EDGE('',*,*,#11004,.T.);
#11015=ORIENTED_EDGE('',*,*,#2571,.T.);
#11016=ORIENTED_EDGE('',*,*,#10963,.F.);
#11017=ORIENTED_EDGE('',*,*,#5916,.F.);
#11018=EDGE_LOOP('',(#11014,#11015,#11016,#11017));
#11019=FACE_BOUND('',#11018,.T.);
#11020=ADVANCED_FACE('',(#11019),#11013,.F.);
#11021=CARTESIAN_POINT('',(328.962378153,-2.622566515,-45.438302815));
#11022=DIRECTION('',(-1.,0.,0.));
#11023=DIRECTION('',(0.,0.,1.));
#11024=AXIS2_PLACEMENT_3D('',#11021,#11022,#11023);
#11025=PLANE('',#11024);
#11026=ORIENTED_EDGE('',*,*,#3444,.T.);
#11027=CARTESIAN_POINT('',(328.962378153,-10.422566515,1.561697185));
#11028=DIRECTION('',(0.,0.,1.));
#11029=VECTOR('',#11028,3.);
#11030=LINE('',#11027,#11029);
#11031=EDGE_CURVE('',#3439,#2592,#11030,.T.);
#11032=ORIENTED_EDGE('',*,*,#11031,.T.);
#11033=ORIENTED_EDGE('',*,*,#2597,.F.);
#11034=CARTESIAN_POINT('',(328.962378153,5.177433485,1.561697185));
#11035=DIRECTION('',(0.,0.,1.));
#11036=VECTOR('',#11035,3.);
#11037=LINE('',#11034,#11036);
#11038=EDGE_CURVE('',#3437,#2584,#11037,.T.);
#11039=ORIENTED_EDGE('',*,*,#11038,.F.);
#11040=EDGE_LOOP('',(#11026,#11032,#11033,#11039));
#11041=FACE_BOUND('',#11040,.T.);
#11042=ADVANCED_FACE('',(#11041),#11025,.T.);
#11043=CARTESIAN_POINT('',(321.162378153,5.177433485,-45.438302815));
#11044=DIRECTION('',(0.,-1.,0.));
#11045=DIRECTION('',(0.,0.,-1.));
#11046=AXIS2_PLACEMENT_3D('',#11043,#11044,#11045);
#11047=PLANE('',#11046);
#11048=ORIENTED_EDGE('',*,*,#3452,.T.);
#11049=ORIENTED_EDGE('',*,*,#11038,.T.);
#11050=ORIENTED_EDGE('',*,*,#2589,.F.);
#11051=CARTESIAN_POINT('',(313.362378153,5.177433485,1.561697185));
#11052=DIRECTION('',(0.,0.,1.));
#11053=VECTOR('',#11052,3.);
#11054=LINE('',#11051,#11053);
#11055=EDGE_CURVE('',#3447,#2582,#11054,.T.);
#11056=ORIENTED_EDGE('',*,*,#11055,.F.);
#11057=EDGE_LOOP('',(#11048,#11049,#11050,#11056));
#11058=FACE_BOUND('',#11057,.T.);
#11059=ADVANCED_FACE('',(#11058),#11047,.T.);
#11060=CARTESIAN_POINT('',(313.362378153,3.877433485,-45.438302815));
#11061=DIRECTION('',(1.,0.,0.));
#11062=DIRECTION('',(0.,0.,-1.));
#11063=AXIS2_PLACEMENT_3D('',#11060,#11061,#11062);
#11064=PLANE('',#11063);
#11065=ORIENTED_EDGE('',*,*,#3460,.T.);
#11066=ORIENTED_EDGE('',*,*,#11055,.T.);
#11067=ORIENTED_EDGE('',*,*,#2611,.F.);
#11068=CARTESIAN_POINT('',(313.362378153,-10.422566515,1.561697185));
#11069=DIRECTION('',(0.,0.,1.));
#11070=VECTOR('',#11069,3.);
#11071=LINE('',#11068,#11070);
#11072=EDGE_CURVE('',#3455,#2600,#11071,.T.);
#11073=ORIENTED_EDGE('',*,*,#11072,.F.);
#11074=EDGE_LOOP('',(#11065,#11066,#11067,#11073));
#11075=FACE_BOUND('',#11074,.T.);
#11076=ADVANCED_FACE('',(#11075),#11064,.T.);
#11077=CARTESIAN_POINT('',(321.162378153,-10.422566515,-45.438302815));
#11078=DIRECTION('',(0.,-1.,0.));
#11079=DIRECTION('',(0.,0.,-1.));
#11080=AXIS2_PLACEMENT_3D('',#11077,#11078,#11079);
#11081=PLANE('',#11080);
#11082=ORIENTED_EDGE('',*,*,#11072,.T.);
#11083=ORIENTED_EDGE('',*,*,#2605,.T.);
#11084=ORIENTED_EDGE('',*,*,#11031,.F.);
#11085=ORIENTED_EDGE('',*,*,#3466,.F.);
#11086=EDGE_LOOP('',(#11082,#11083,#11084,#11085));
#11087=FACE_BOUND('',#11086,.T.);
#11088=ADVANCED_FACE('',(#11087),#11081,.F.);
#11089=CARTESIAN_POINT('',(209.582378153,-67.392566515,-45.438302815));
#11090=DIRECTION('',(-1.,0.,0.));
#11091=DIRECTION('',(0.,0.,1.));
#11092=AXIS2_PLACEMENT_3D('',#11089,#11090,#11091);
#11093=PLANE('',#11092);
#11094=ORIENTED_EDGE('',*,*,#5928,.T.);
#11095=CARTESIAN_POINT('',(209.582378153,-75.192566515,1.561697185));
#11096=DIRECTION('',(0.,0.,1.));
#11097=VECTOR('',#11096,3.);
#11098=LINE('',#11095,#11097);
#11099=EDGE_CURVE('',#5923,#2626,#11098,.T.);
#11100=ORIENTED_EDGE('',*,*,#11099,.T.);
#11101=ORIENTED_EDGE('',*,*,#2631,.F.);
#11102=CARTESIAN_POINT('',(209.582378153,-59.592566515,1.561697185));
#11103=DIRECTION('',(0.,0.,1.));
#11104=VECTOR('',#11103,3.);
#11105=LINE('',#11102,#11104);
#11106=EDGE_CURVE('',#5921,#2618,#11105,.T.);
#11107=ORIENTED_EDGE('',*,*,#11106,.F.);
#11108=EDGE_LOOP('',(#11094,#11100,#11101,#11107));
#11109=FACE_BOUND('',#11108,.T.);
#11110=ADVANCED_FACE('',(#11109),#11093,.T.);
#11111=CARTESIAN_POINT('',(201.782378153,-59.592566515,-45.438302815));
#11112=DIRECTION('',(0.,-1.,0.));
#11113=DIRECTION('',(0.,0.,-1.));
#11114=AXIS2_PLACEMENT_3D('',#11111,#11112,#11113);
#11115=PLANE('',#11114);
#11116=ORIENTED_EDGE('',*,*,#5936,.T.);
#11117=ORIENTED_EDGE('',*,*,#11106,.T.);
#11118=ORIENTED_EDGE('',*,*,#2623,.F.);
#11119=CARTESIAN_POINT('',(193.982378153,-59.592566515,1.561697185));
#11120=DIRECTION('',(0.,0.,1.));
#11121=VECTOR('',#11120,3.);
#11122=LINE('',#11119,#11121);
#11123=EDGE_CURVE('',#5931,#2616,#11122,.T.);
#11124=ORIENTED_EDGE('',*,*,#11123,.F.);
#11125=EDGE_LOOP('',(#11116,#11117,#11118,#11124));
#11126=FACE_BOUND('',#11125,.T.);
#11127=ADVANCED_FACE('',(#11126),#11115,.T.);
#11128=CARTESIAN_POINT('',(193.982378153,-67.392566515,-45.438302815));
#11129=DIRECTION('',(1.,0.,0.));
#11130=DIRECTION('',(0.,0.,-1.));
#11131=AXIS2_PLACEMENT_3D('',#11128,#11129,#11130);
#11132=PLANE('',#11131);
#11133=ORIENTED_EDGE('',*,*,#5944,.T.);
#11134=ORIENTED_EDGE('',*,*,#11123,.T.);
#11135=ORIENTED_EDGE('',*,*,#2645,.F.);
#11136=CARTESIAN_POINT('',(193.982378153,-75.192566515,1.561697185));
#11137=DIRECTION('',(0.,0.,1.));
#11138=VECTOR('',#11137,3.);
#11139=LINE('',#11136,#11138);
#11140=EDGE_CURVE('',#5939,#2634,#11139,.T.);
#11141=ORIENTED_EDGE('',*,*,#11140,.F.);
#11142=EDGE_LOOP('',(#11133,#11134,#11135,#11141));
#11143=FACE_BOUND('',#11142,.T.);
#11144=ADVANCED_FACE('',(#11143),#11132,.T.);
#11145=CARTESIAN_POINT('',(201.782378153,-75.192566515,-45.438302815));
#11146=DIRECTION('',(0.,-1.,0.));
#11147=DIRECTION('',(0.,0.,-1.));
#11148=AXIS2_PLACEMENT_3D('',#11145,#11146,#11147);
#11149=PLANE('',#11148);
#11150=ORIENTED_EDGE('',*,*,#11140,.T.);
#11151=ORIENTED_EDGE('',*,*,#2639,.T.);
#11152=ORIENTED_EDGE('',*,*,#11099,.F.);
#11153=ORIENTED_EDGE('',*,*,#5950,.F.);
#11154=EDGE_LOOP('',(#11150,#11151,#11152,#11153));
#11155=FACE_BOUND('',#11154,.T.);
#11156=ADVANCED_FACE('',(#11155),#11149,.F.);
#11157=CARTESIAN_POINT('',(280.702378153,-111.207566515,-45.438302815));
#11158=DIRECTION('',(-1.,0.,0.));
#11159=DIRECTION('',(0.,0.,1.));
#11160=AXIS2_PLACEMENT_3D('',#11157,#11158,#11159);
#11161=PLANE('',#11160);
#11162=ORIENTED_EDGE('',*,*,#3410,.T.);
#11163=CARTESIAN_POINT('',(280.702378153,-119.007566515,1.561697185));
#11164=DIRECTION('',(0.,0.,1.));
#11165=VECTOR('',#11164,3.);
#11166=LINE('',#11163,#11165);
#11167=EDGE_CURVE('',#3405,#2660,#11166,.T.);
#11168=ORIENTED_EDGE('',*,*,#11167,.T.);
#11169=ORIENTED_EDGE('',*,*,#2665,.F.);
#11170=CARTESIAN_POINT('',(280.702378153,-103.407566515,1.561697185));
#11171=DIRECTION('',(0.,0.,1.));
#11172=VECTOR('',#11171,3.);
#11173=LINE('',#11170,#11172);
#11174=EDGE_CURVE('',#3403,#2652,#11173,.T.);
#11175=ORIENTED_EDGE('',*,*,#11174,.F.);
#11176=EDGE_LOOP('',(#11162,#11168,#11169,#11175));
#11177=FACE_BOUND('',#11176,.T.);
#11178=ADVANCED_FACE('',(#11177),#11161,.T.);
#11179=CARTESIAN_POINT('',(272.902378153,-103.407566515,-45.438302815));
#11180=DIRECTION('',(0.,-1.,0.));
#11181=DIRECTION('',(0.,0.,-1.));
#11182=AXIS2_PLACEMENT_3D('',#11179,#11180,#11181);
#11183=PLANE('',#11182);
#11184=ORIENTED_EDGE('',*,*,#3418,.T.);
#11185=ORIENTED_EDGE('',*,*,#11174,.T.);
#11186=ORIENTED_EDGE('',*,*,#2657,.F.);
#11187=CARTESIAN_POINT('',(265.102378153,-103.407566515,1.561697185));
#11188=DIRECTION('',(0.,0.,1.));
#11189=VECTOR('',#11188,3.);
#11190=LINE('',#11187,#11189);
#11191=EDGE_CURVE('',#3413,#2650,#11190,.T.);
#11192=ORIENTED_EDGE('',*,*,#11191,.F.);
#11193=EDGE_LOOP('',(#11184,#11185,#11186,#11192));
#11194=FACE_BOUND('',#11193,.T.);
#11195=ADVANCED_FACE('',(#11194),#11183,.T.);
#11196=CARTESIAN_POINT('',(265.102378153,-104.707566515,-45.438302815));
#11197=DIRECTION('',(1.,0.,0.));
#11198=DIRECTION('',(0.,0.,-1.));
#11199=AXIS2_PLACEMENT_3D('',#11196,#11197,#11198);
#11200=PLANE('',#11199);
#11201=ORIENTED_EDGE('',*,*,#3426,.T.);
#11202=ORIENTED_EDGE('',*,*,#11191,.T.);
#11203=ORIENTED_EDGE('',*,*,#2679,.F.);
#11204=CARTESIAN_POINT('',(265.102378153,-119.007566515,1.561697185));
#11205=DIRECTION('',(0.,0.,1.));
#11206=VECTOR('',#11205,3.);
#11207=LINE('',#11204,#11206);
#11208=EDGE_CURVE('',#3421,#2668,#11207,.T.);
#11209=ORIENTED_EDGE('',*,*,#11208,.F.);
#11210=EDGE_LOOP('',(#11201,#11202,#11203,#11209));
#11211=FACE_BOUND('',#11210,.T.);
#11212=ADVANCED_FACE('',(#11211),#11200,.T.);
#11213=CARTESIAN_POINT('',(272.902378153,-119.007566515,-45.438302815));
#11214=DIRECTION('',(0.,1.,0.));
#11215=DIRECTION('',(0.,0.,1.));
#11216=AXIS2_PLACEMENT_3D('',#11213,#11214,#11215);
#11217=PLANE('',#11216);
#11218=ORIENTED_EDGE('',*,*,#3432,.T.);
#11219=ORIENTED_EDGE('',*,*,#11208,.T.);
#11220=ORIENTED_EDGE('',*,*,#2673,.F.);
#11221=ORIENTED_EDGE('',*,*,#11167,.F.);
#11222=EDGE_LOOP('',(#11218,#11219,#11220,#11221));
#11223=FACE_BOUND('',#11222,.T.);
#11224=ADVANCED_FACE('',(#11223),#11217,.T.);
#11225=CARTESIAN_POINT('',(333.872378153,-45.802566515,-45.438302815));
#11226=DIRECTION('',(1.,0.,0.));
#11227=DIRECTION('',(0.,0.,-1.));
#11228=AXIS2_PLACEMENT_3D('',#11225,#11226,#11227);
#11229=PLANE('',#11228);
#11230=CARTESIAN_POINT('',(333.872378153,-53.602566515,1.561697185));
#11231=DIRECTION('',(0.,0.,1.));
#11232=VECTOR('',#11231,3.);
#11233=LINE('',#11230,#11232);
#11234=EDGE_CURVE('',#5957,#134,#11233,.T.);
#11235=ORIENTED_EDGE('',*,*,#11234,.T.);
#11236=ORIENTED_EDGE('',*,*,#141,.T.);
#11237=CARTESIAN_POINT('',(333.872378153,-38.002566515,1.561697185));
#11238=DIRECTION('',(0.,0.,1.));
#11239=VECTOR('',#11238,3.);
#11240=LINE('',#11237,#11239);
#11241=EDGE_CURVE('',#5965,#136,#11240,.T.);
#11242=ORIENTED_EDGE('',*,*,#11241,.F.);
#11243=ORIENTED_EDGE('',*,*,#5970,.F.);
#11244=EDGE_LOOP('',(#11235,#11236,#11242,#11243));
#11245=FACE_BOUND('',#11244,.T.);
#11246=ADVANCED_FACE('',(#11245),#11229,.F.);
#11247=CARTESIAN_POINT('',(326.072378153,-38.002566515,-45.438302815));
#11248=DIRECTION('',(0.,-1.,0.));
#11249=DIRECTION('',(0.,0.,-1.));
#11250=AXIS2_PLACEMENT_3D('',#11247,#11248,#11249);
#11251=PLANE('',#11250);
#11252=ORIENTED_EDGE('',*,*,#5978,.T.);
#11253=ORIENTED_EDGE('',*,*,#11241,.T.);
#11254=ORIENTED_EDGE('',*,*,#163,.F.);
#11255=CARTESIAN_POINT('',(318.272378153,-38.002566515,1.561697185));
#11256=DIRECTION('',(0.,0.,1.));
#11257=VECTOR('',#11256,3.);
#11258=LINE('',#11255,#11257);
#11259=EDGE_CURVE('',#5973,#152,#11258,.T.);
#11260=ORIENTED_EDGE('',*,*,#11259,.F.);
#11261=EDGE_LOOP('',(#11252,#11253,#11254,#11260));
#11262=FACE_BOUND('',#11261,.T.);
#11263=ADVANCED_FACE('',(#11262),#11251,.T.);
#11264=CARTESIAN_POINT('',(318.272378153,-39.302566515,-45.438302815));
#11265=DIRECTION('',(1.,0.,0.));
#11266=DIRECTION('',(0.,0.,-1.));
#11267=AXIS2_PLACEMENT_3D('',#11264,#11265,#11266);
#11268=PLANE('',#11267);
#11269=ORIENTED_EDGE('',*,*,#5984,.T.);
#11270=ORIENTED_EDGE('',*,*,#11259,.T.);
#11271=ORIENTED_EDGE('',*,*,#157,.F.);
#11272=CARTESIAN_POINT('',(318.272378153,-53.602566515,1.561697185));
#11273=DIRECTION('',(0.,0.,1.));
#11274=VECTOR('',#11273,3.);
#11275=LINE('',#11272,#11274);
#11276=EDGE_CURVE('',#5955,#144,#11275,.T.);
#11277=ORIENTED_EDGE('',*,*,#11276,.F.);
#11278=EDGE_LOOP('',(#11269,#11270,#11271,#11277));
#11279=FACE_BOUND('',#11278,.T.);
#11280=ADVANCED_FACE('',(#11279),#11268,.T.);
#11281=CARTESIAN_POINT('',(326.072378153,-53.602566515,-45.438302815));
#11282=DIRECTION('',(0.,-1.,0.));
#11283=DIRECTION('',(0.,0.,-1.));
#11284=AXIS2_PLACEMENT_3D('',#11281,#11282,#11283);
#11285=PLANE('',#11284);
#11286=ORIENTED_EDGE('',*,*,#11276,.T.);
#11287=ORIENTED_EDGE('',*,*,#149,.T.);
#11288=ORIENTED_EDGE('',*,*,#11234,.F.);
#11289=ORIENTED_EDGE('',*,*,#5962,.F.);
#11290=EDGE_LOOP('',(#11286,#11287,#11288,#11289));
#11291=FACE_BOUND('',#11290,.T.);
#11292=ADVANCED_FACE('',(#11291),#11285,.F.);
#11293=CARTESIAN_POINT('',(96.552378153,-117.707566515,-45.438302815));
#11294=DIRECTION('',(-1.,0.,0.));
#11295=DIRECTION('',(0.,0.,1.));
#11296=AXIS2_PLACEMENT_3D('',#11293,#11294,#11295);
#11297=PLANE('',#11296);
#11298=ORIENTED_EDGE('',*,*,#5996,.T.);
#11299=CARTESIAN_POINT('',(96.552378153,-119.007566515,1.561697185));
#11300=DIRECTION('',(0.,0.,1.));
#11301=VECTOR('',#11300,3.);
#11302=LINE('',#11299,#11301);
#11303=EDGE_CURVE('',#5991,#2694,#11302,.T.);
#11304=ORIENTED_EDGE('',*,*,#11303,.T.);
#11305=ORIENTED_EDGE('',*,*,#2699,.F.);
#11306=CARTESIAN_POINT('',(96.552378153,-103.407566515,1.561697185));
#11307=DIRECTION('',(0.,0.,1.));
#11308=VECTOR('',#11307,3.);
#11309=LINE('',#11306,#11308);
#11310=EDGE_CURVE('',#5989,#2686,#11309,.T.);
#11311=ORIENTED_EDGE('',*,*,#11310,.F.);
#11312=EDGE_LOOP('',(#11298,#11304,#11305,#11311));
#11313=FACE_BOUND('',#11312,.T.);
#11314=ADVANCED_FACE('',(#11313),#11297,.T.);
#11315=CARTESIAN_POINT('',(88.752378153,-103.407566515,-45.438302815));
#11316=DIRECTION('',(0.,-1.,0.));
#11317=DIRECTION('',(0.,0.,-1.));
#11318=AXIS2_PLACEMENT_3D('',#11315,#11316,#11317);
#11319=PLANE('',#11318);
#11320=ORIENTED_EDGE('',*,*,#6004,.T.);
#11321=ORIENTED_EDGE('',*,*,#11310,.T.);
#11322=ORIENTED_EDGE('',*,*,#2691,.F.);
#11323=CARTESIAN_POINT('',(80.952378153,-103.407566515,1.561697185));
#11324=DIRECTION('',(0.,0.,1.));
#11325=VECTOR('',#11324,3.);
#11326=LINE('',#11323,#11325);
#11327=EDGE_CURVE('',#5999,#2684,#11326,.T.);
#11328=ORIENTED_EDGE('',*,*,#11327,.F.);
#11329=EDGE_LOOP('',(#11320,#11321,#11322,#11328));
#11330=FACE_BOUND('',#11329,.T.);
#11331=ADVANCED_FACE('',(#11330),#11319,.T.);
#11332=CARTESIAN_POINT('',(80.952378153,-111.207566515,-45.438302815));
#11333=DIRECTION('',(1.,0.,0.));
#11334=DIRECTION('',(0.,0.,-1.));
#11335=AXIS2_PLACEMENT_3D('',#11332,#11333,#11334);
#11336=PLANE('',#11335);
#11337=ORIENTED_EDGE('',*,*,#6012,.T.);
#11338=ORIENTED_EDGE('',*,*,#11327,.T.);
#11339=ORIENTED_EDGE('',*,*,#2713,.F.);
#11340=CARTESIAN_POINT('',(80.952378153,-119.007566515,1.561697185));
#11341=DIRECTION('',(0.,0.,1.));
#11342=VECTOR('',#11341,3.);
#11343=LINE('',#11340,#11342);
#11344=EDGE_CURVE('',#6007,#2702,#11343,.T.);
#11345=ORIENTED_EDGE('',*,*,#11344,.F.);
#11346=EDGE_LOOP('',(#11337,#11338,#11339,#11345));
#11347=FACE_BOUND('',#11346,.T.);
#11348=ADVANCED_FACE('',(#11347),#11336,.T.);
#11349=CARTESIAN_POINT('',(88.752378153,-119.007566515,-45.438302815));
#11350=DIRECTION('',(0.,1.,0.));
#11351=DIRECTION('',(0.,0.,1.));
#11352=AXIS2_PLACEMENT_3D('',#11349,#11350,#11351);
#11353=PLANE('',#11352);
#11354=ORIENTED_EDGE('',*,*,#6018,.T.);
#11355=ORIENTED_EDGE('',*,*,#11344,.T.);
#11356=ORIENTED_EDGE('',*,*,#2707,.F.);
#11357=ORIENTED_EDGE('',*,*,#11303,.F.);
#11358=EDGE_LOOP('',(#11354,#11355,#11356,#11357));
#11359=FACE_BOUND('',#11358,.T.);
#11360=ADVANCED_FACE('',(#11359),#11353,.T.);
#11361=CARTESIAN_POINT('',(57.002378153,-97.417566515,-45.438302815));
#11362=DIRECTION('',(0.,-1.,0.));
#11363=DIRECTION('',(0.,0.,-1.));
#11364=AXIS2_PLACEMENT_3D('',#11361,#11362,#11363);
#11365=PLANE('',#11364);
#11366=CARTESIAN_POINT('',(49.202378153,-97.417566515,1.561697185));
#11367=DIRECTION('',(0.,0.,1.));
#11368=VECTOR('',#11367,3.);
#11369=LINE('',#11366,#11368);
#11370=EDGE_CURVE('',#3369,#100,#11369,.T.);
#11371=ORIENTED_EDGE('',*,*,#11370,.T.);
#11372=ORIENTED_EDGE('',*,*,#107,.T.);
#11373=CARTESIAN_POINT('',(64.802378153,-97.417566515,1.561697185));
#11374=DIRECTION('',(0.,0.,1.));
#11375=VECTOR('',#11374,3.);
#11376=LINE('',#11373,#11375);
#11377=EDGE_CURVE('',#3379,#102,#11376,.T.);
#11378=ORIENTED_EDGE('',*,*,#11377,.F.);
#11379=ORIENTED_EDGE('',*,*,#3384,.F.);
#11380=EDGE_LOOP('',(#11371,#11372,#11378,#11379));
#11381=FACE_BOUND('',#11380,.T.);
#11382=ADVANCED_FACE('',(#11381),#11365,.F.);
#11383=CARTESIAN_POINT('',(64.802378153,-89.617566515,-45.438302815));
#11384=DIRECTION('',(1.,0.,0.));
#11385=DIRECTION('',(0.,0.,-1.));
#11386=AXIS2_PLACEMENT_3D('',#11383,#11384,#11385);
#11387=PLANE('',#11386);
#11388=ORIENTED_EDGE('',*,*,#11377,.T.);
#11389=ORIENTED_EDGE('',*,*,#129,.T.);
#11390=CARTESIAN_POINT('',(64.802378153,-81.817566515,1.561697185));
#11391=DIRECTION('',(0.,0.,1.));
#11392=VECTOR('',#11391,3.);
#11393=LINE('',#11390,#11392);
#11394=EDGE_CURVE('',#3387,#118,#11393,.T.);
#11395=ORIENTED_EDGE('',*,*,#11394,.F.);
#11396=ORIENTED_EDGE('',*,*,#3392,.F.);
#11397=EDGE_LOOP('',(#11388,#11389,#11395,#11396));
#11398=FACE_BOUND('',#11397,.T.);
#11399=ADVANCED_FACE('',(#11398),#11387,.F.);
#11400=CARTESIAN_POINT('',(57.002378153,-81.817566515,-45.438302815));
#11401=DIRECTION('',(0.,-1.,0.));
#11402=DIRECTION('',(0.,0.,-1.));
#11403=AXIS2_PLACEMENT_3D('',#11400,#11401,#11402);
#11404=PLANE('',#11403);
#11405=ORIENTED_EDGE('',*,*,#3398,.T.);
#11406=ORIENTED_EDGE('',*,*,#11394,.T.);
#11407=ORIENTED_EDGE('',*,*,#123,.F.);
#11408=CARTESIAN_POINT('',(49.202378153,-81.817566515,1.561697185));
#11409=DIRECTION('',(0.,0.,1.));
#11410=VECTOR('',#11409,3.);
#11411=LINE('',#11408,#11410);
#11412=EDGE_CURVE('',#3371,#110,#11411,.T.);
#11413=ORIENTED_EDGE('',*,*,#11412,.F.);
#11414=EDGE_LOOP('',(#11405,#11406,#11407,#11413));
#11415=FACE_BOUND('',#11414,.T.);
#11416=ADVANCED_FACE('',(#11415),#11404,.T.);
#11417=CARTESIAN_POINT('',(49.202378153,-83.117566515,-45.438302815));
#11418=DIRECTION('',(1.,0.,0.));
#11419=DIRECTION('',(0.,0.,-1.));
#11420=AXIS2_PLACEMENT_3D('',#11417,#11418,#11419);
#11421=PLANE('',#11420);
#11422=ORIENTED_EDGE('',*,*,#3376,.T.);
#11423=ORIENTED_EDGE('',*,*,#11412,.T.);
#11424=ORIENTED_EDGE('',*,*,#115,.F.);
#11425=ORIENTED_EDGE('',*,*,#11370,.F.);
#11426=EDGE_LOOP('',(#11422,#11423,#11424,#11425));
#11427=FACE_BOUND('',#11426,.T.);
#11428=ADVANCED_FACE('',(#11427),#11421,.T.);
#11429=CARTESIAN_POINT('',(331.502378153,-24.212566515,-45.438302815));
#11430=DIRECTION('',(-1.,0.,0.));
#11431=DIRECTION('',(0.,0.,1.));
#11432=AXIS2_PLACEMENT_3D('',#11429,#11430,#11431);
#11433=PLANE('',#11432);
#11434=ORIENTED_EDGE('',*,*,#3342,.T.);
#11435=CARTESIAN_POINT('',(331.502378153,-32.012566515,1.561697185));
#11436=DIRECTION('',(0.,0.,1.));
#11437=VECTOR('',#11436,3.);
#11438=LINE('',#11435,#11437);
#11439=EDGE_CURVE('',#3337,#2728,#11438,.T.);
#11440=ORIENTED_EDGE('',*,*,#11439,.T.);
#11441=ORIENTED_EDGE('',*,*,#2733,.F.);
#11442=CARTESIAN_POINT('',(331.502378153,-16.412566515,1.561697185));
#11443=DIRECTION('',(0.,0.,1.));
#11444=VECTOR('',#11443,3.);
#11445=LINE('',#11442,#11444);
#11446=EDGE_CURVE('',#3335,#2720,#11445,.T.);
#11447=ORIENTED_EDGE('',*,*,#11446,.F.);
#11448=EDGE_LOOP('',(#11434,#11440,#11441,#11447));
#11449=FACE_BOUND('',#11448,.T.);
#11450=ADVANCED_FACE('',(#11449),#11433,.T.);
#11451=CARTESIAN_POINT('',(323.702378153,-16.412566515,-45.438302815));
#11452=DIRECTION('',(0.,-1.,0.));
#11453=DIRECTION('',(0.,0.,-1.));
#11454=AXIS2_PLACEMENT_3D('',#11451,#11452,#11453);
#11455=PLANE('',#11454);
#11456=ORIENTED_EDGE('',*,*,#3350,.T.);
#11457=ORIENTED_EDGE('',*,*,#11446,.T.);
#11458=ORIENTED_EDGE('',*,*,#2725,.F.);
#11459=CARTESIAN_POINT('',(315.902378153,-16.412566515,1.561697185));
#11460=DIRECTION('',(0.,0.,1.));
#11461=VECTOR('',#11460,3.);
#11462=LINE('',#11459,#11461);
#11463=EDGE_CURVE('',#3345,#2718,#11462,.T.);
#11464=ORIENTED_EDGE('',*,*,#11463,.F.);
#11465=EDGE_LOOP('',(#11456,#11457,#11458,#11464));
#11466=FACE_BOUND('',#11465,.T.);
#11467=ADVANCED_FACE('',(#11466),#11455,.T.);
#11468=CARTESIAN_POINT('',(315.902378153,-24.212566515,-45.438302815));
#11469=DIRECTION('',(1.,0.,0.));
#11470=DIRECTION('',(0.,0.,-1.));
#11471=AXIS2_PLACEMENT_3D('',#11468,#11469,#11470);
#11472=PLANE('',#11471);
#11473=ORIENTED_EDGE('',*,*,#3358,.T.);
#11474=ORIENTED_EDGE('',*,*,#11463,.T.);
#11475=ORIENTED_EDGE('',*,*,#2747,.F.);
#11476=CARTESIAN_POINT('',(315.902378153,-32.012566515,1.561697185));
#11477=DIRECTION('',(0.,0.,1.));
#11478=VECTOR('',#11477,3.);
#11479=LINE('',#11476,#11478);
#11480=EDGE_CURVE('',#3353,#2736,#11479,.T.);
#11481=ORIENTED_EDGE('',*,*,#11480,.F.);
#11482=EDGE_LOOP('',(#11473,#11474,#11475,#11481));
#11483=FACE_BOUND('',#11482,.T.);
#11484=ADVANCED_FACE('',(#11483),#11472,.T.);
#11485=CARTESIAN_POINT('',(323.702378153,-32.012566515,-45.438302815));
#11486=DIRECTION('',(0.,1.,0.));
#11487=DIRECTION('',(0.,0.,1.));
#11488=AXIS2_PLACEMENT_3D('',#11485,#11486,#11487);
#11489=PLANE('',#11488);
#11490=ORIENTED_EDGE('',*,*,#3364,.T.);
#11491=ORIENTED_EDGE('',*,*,#11480,.T.);
#11492=ORIENTED_EDGE('',*,*,#2741,.F.);
#11493=ORIENTED_EDGE('',*,*,#11439,.F.);
#11494=EDGE_LOOP('',(#11490,#11491,#11492,#11493));
#11495=FACE_BOUND('',#11494,.T.);
#11496=ADVANCED_FACE('',(#11495),#11489,.T.);
#11497=CARTESIAN_POINT('',(47.552378153,-90.532566515,-45.438302815));
#11498=DIRECTION('',(-1.,0.,0.));
#11499=DIRECTION('',(0.,0.,1.));
#11500=AXIS2_PLACEMENT_3D('',#11497,#11498,#11499);
#11501=PLANE('',#11500);
#11502=ORIENTED_EDGE('',*,*,#6030,.T.);
#11503=CARTESIAN_POINT('',(47.552378153,-101.532566515,1.561697185));
#11504=DIRECTION('',(0.,0.,1.));
#11505=VECTOR('',#11504,3.);
#11506=LINE('',#11503,#11505);
#11507=EDGE_CURVE('',#6025,#2762,#11506,.T.);
#11508=ORIENTED_EDGE('',*,*,#11507,.T.);
#11509=ORIENTED_EDGE('',*,*,#2767,.F.);
#11510=CARTESIAN_POINT('',(47.552378153,-79.532566515,1.561697185));
#11511=DIRECTION('',(0.,0.,1.));
#11512=VECTOR('',#11511,3.);
#11513=LINE('',#11510,#11512);
#11514=EDGE_CURVE('',#6023,#2754,#11513,.T.);
#11515=ORIENTED_EDGE('',*,*,#11514,.F.);
#11516=EDGE_LOOP('',(#11502,#11508,#11509,#11515));
#11517=FACE_BOUND('',#11516,.T.);
#11518=ADVANCED_FACE('',(#11517),#11501,.T.);
#11519=CARTESIAN_POINT('',(45.052378153,-79.532566515,-45.438302815));
#11520=DIRECTION('',(0.,-1.,0.));
#11521=DIRECTION('',(0.,0.,-1.));
#11522=AXIS2_PLACEMENT_3D('',#11519,#11520,#11521);
#11523=PLANE('',#11522);
#11524=ORIENTED_EDGE('',*,*,#6038,.T.);
#11525=ORIENTED_EDGE('',*,*,#11514,.T.);
#11526=ORIENTED_EDGE('',*,*,#2759,.F.);
#11527=CARTESIAN_POINT('',(42.552378153,-79.532566515,1.561697185));
#11528=DIRECTION('',(0.,0.,1.));
#11529=VECTOR('',#11528,3.);
#11530=LINE('',#11527,#11529);
#11531=EDGE_CURVE('',#6033,#2752,#11530,.T.);
#11532=ORIENTED_EDGE('',*,*,#11531,.F.);
#11533=EDGE_LOOP('',(#11524,#11525,#11526,#11532));
#11534=FACE_BOUND('',#11533,.T.);
#11535=ADVANCED_FACE('',(#11534),#11523,.T.);
#11536=CARTESIAN_POINT('',(42.552378153,-89.532566515,-45.438302815));
#11537=DIRECTION('',(1.,0.,0.));
#11538=DIRECTION('',(0.,0.,-1.));
#11539=AXIS2_PLACEMENT_3D('',#11536,#11537,#11538);
#11540=PLANE('',#11539);
#11541=ORIENTED_EDGE('',*,*,#6046,.T.);
#11542=ORIENTED_EDGE('',*,*,#11531,.T.);
#11543=ORIENTED_EDGE('',*,*,#2781,.F.);
#11544=CARTESIAN_POINT('',(42.552378153,-101.532566515,1.561697185));
#11545=DIRECTION('',(0.,0.,1.));
#11546=VECTOR('',#11545,3.);
#11547=LINE('',#11544,#11546);
#11548=EDGE_CURVE('',#6041,#2770,#11547,.T.);
#11549=ORIENTED_EDGE('',*,*,#11548,.F.);
#11550=EDGE_LOOP('',(#11541,#11542,#11543,#11549));
#11551=FACE_BOUND('',#11550,.T.);
#11552=ADVANCED_FACE('',(#11551),#11540,.T.);
#11553=CARTESIAN_POINT('',(45.052378153,-101.532566515,-45.438302815));
#11554=DIRECTION('',(0.,1.,0.));
#11555=DIRECTION('',(-1.,0.,0.));
#11556=AXIS2_PLACEMENT_3D('',#11553,#11554,#11555);
#11557=PLANE('',#11556);
#11558=ORIENTED_EDGE('',*,*,#6052,.T.);
#11559=ORIENTED_EDGE('',*,*,#11548,.T.);
#11560=ORIENTED_EDGE('',*,*,#2775,.F.);
#11561=ORIENTED_EDGE('',*,*,#11507,.F.);
#11562=EDGE_LOOP('',(#11558,#11559,#11560,#11561));
#11563=FACE_BOUND('',#11562,.T.);
#11564=ADVANCED_FACE('',(#11563),#11557,.T.);
#11565=CARTESIAN_POINT('',(99.092378153,-90.252566515,-45.438302815));
#11566=DIRECTION('',(-1.,0.,0.));
#11567=DIRECTION('',(0.,0.,1.));
#11568=AXIS2_PLACEMENT_3D('',#11565,#11566,#11567);
#11569=PLANE('',#11568);
#11570=ORIENTED_EDGE('',*,*,#3308,.T.);
#11571=CARTESIAN_POINT('',(99.092378153,-98.052566515,1.561697185));
#11572=DIRECTION('',(0.,0.,1.));
#11573=VECTOR('',#11572,3.);
#11574=LINE('',#11571,#11573);
#11575=EDGE_CURVE('',#3303,#2796,#11574,.T.);
#11576=ORIENTED_EDGE('',*,*,#11575,.T.);
#11577=ORIENTED_EDGE('',*,*,#2801,.F.);
#11578=CARTESIAN_POINT('',(99.092378153,-82.452566515,1.561697185));
#11579=DIRECTION('',(0.,0.,1.));
#11580=VECTOR('',#11579,3.);
#11581=LINE('',#11578,#11580);
#11582=EDGE_CURVE('',#3301,#2788,#11581,.T.);
#11583=ORIENTED_EDGE('',*,*,#11582,.F.);
#11584=EDGE_LOOP('',(#11570,#11576,#11577,#11583));
#11585=FACE_BOUND('',#11584,.T.);
#11586=ADVANCED_FACE('',(#11585),#11569,.T.);
#11587=CARTESIAN_POINT('',(91.292378153,-82.452566515,-45.438302815));
#11588=DIRECTION('',(0.,-1.,0.));
#11589=DIRECTION('',(0.,0.,-1.));
#11590=AXIS2_PLACEMENT_3D('',#11587,#11588,#11589);
#11591=PLANE('',#11590);
#11592=ORIENTED_EDGE('',*,*,#3316,.T.);
#11593=ORIENTED_EDGE('',*,*,#11582,.T.);
#11594=ORIENTED_EDGE('',*,*,#2793,.F.);
#11595=CARTESIAN_POINT('',(83.492378153,-82.452566515,1.561697185));
#11596=DIRECTION('',(0.,0.,1.));
#11597=VECTOR('',#11596,3.);
#11598=LINE('',#11595,#11597);
#11599=EDGE_CURVE('',#3311,#2786,#11598,.T.);
#11600=ORIENTED_EDGE('',*,*,#11599,.F.);
#11601=EDGE_LOOP('',(#11592,#11593,#11594,#11600));
#11602=FACE_BOUND('',#11601,.T.);
#11603=ADVANCED_FACE('',(#11602),#11591,.T.);
#11604=CARTESIAN_POINT('',(83.492378153,-83.752566515,-45.438302815));
#11605=DIRECTION('',(1.,0.,0.));
#11606=DIRECTION('',(0.,0.,-1.));
#11607=AXIS2_PLACEMENT_3D('',#11604,#11605,#11606);
#11608=PLANE('',#11607);
#11609=ORIENTED_EDGE('',*,*,#3324,.T.);
#11610=ORIENTED_EDGE('',*,*,#11599,.T.);
#11611=ORIENTED_EDGE('',*,*,#2815,.F.);
#11612=CARTESIAN_POINT('',(83.492378153,-98.052566515,1.561697185));
#11613=DIRECTION('',(0.,0.,1.));
#11614=VECTOR('',#11613,3.);
#11615=LINE('',#11612,#11614);
#11616=EDGE_CURVE('',#3319,#2804,#11615,.T.);
#11617=ORIENTED_EDGE('',*,*,#11616,.F.);
#11618=EDGE_LOOP('',(#11609,#11610,#11611,#11617));
#11619=FACE_BOUND('',#11618,.T.);
#11620=ADVANCED_FACE('',(#11619),#11608,.T.);
#11621=CARTESIAN_POINT('',(91.292378153,-98.052566515,-45.438302815));
#11622=DIRECTION('',(0.,-1.,0.));
#11623=DIRECTION('',(0.,0.,-1.));
#11624=AXIS2_PLACEMENT_3D('',#11621,#11622,#11623);
#11625=PLANE('',#11624);
#11626=ORIENTED_EDGE('',*,*,#11616,.T.);
#11627=ORIENTED_EDGE('',*,*,#2809,.T.);
#11628=ORIENTED_EDGE('',*,*,#11575,.F.);
#11629=ORIENTED_EDGE('',*,*,#3330,.F.);
#11630=EDGE_LOOP('',(#11626,#11627,#11628,#11629));
#11631=FACE_BOUND('',#11630,.T.);
#11632=ADVANCED_FACE('',(#11631),#11625,.F.);
#11633=CARTESIAN_POINT('',(379.127378153,-110.572566515,-45.438302815));
#11634=DIRECTION('',(-1.,0.,0.));
#11635=DIRECTION('',(0.,0.,1.));
#11636=AXIS2_PLACEMENT_3D('',#11633,#11634,#11635);
#11637=PLANE('',#11636);
#11638=ORIENTED_EDGE('',*,*,#6064,.T.);
#11639=CARTESIAN_POINT('',(379.127378153,-118.372566515,1.561697185));
#11640=DIRECTION('',(0.,0.,1.));
#11641=VECTOR('',#11640,3.);
#11642=LINE('',#11639,#11641);
#11643=EDGE_CURVE('',#6059,#2830,#11642,.T.);
#11644=ORIENTED_EDGE('',*,*,#11643,.T.);
#11645=ORIENTED_EDGE('',*,*,#2835,.F.);
#11646=CARTESIAN_POINT('',(379.127378153,-102.772566515,1.561697185));
#11647=DIRECTION('',(0.,0.,1.));
#11648=VECTOR('',#11647,3.);
#11649=LINE('',#11646,#11648);
#11650=EDGE_CURVE('',#6057,#2822,#11649,.T.);
#11651=ORIENTED_EDGE('',*,*,#11650,.F.);
#11652=EDGE_LOOP('',(#11638,#11644,#11645,#11651));
#11653=FACE_BOUND('',#11652,.T.);
#11654=ADVANCED_FACE('',(#11653),#11637,.T.);
#11655=CARTESIAN_POINT('',(371.327378153,-102.772566515,-45.438302815));
#11656=DIRECTION('',(0.,-1.,0.));
#11657=DIRECTION('',(0.,0.,-1.));
#11658=AXIS2_PLACEMENT_3D('',#11655,#11656,#11657);
#11659=PLANE('',#11658);
#11660=ORIENTED_EDGE('',*,*,#6072,.T.);
#11661=ORIENTED_EDGE('',*,*,#11650,.T.);
#11662=ORIENTED_EDGE('',*,*,#2827,.F.);
#11663=CARTESIAN_POINT('',(363.527378153,-102.772566515,1.561697185));
#11664=DIRECTION('',(0.,0.,1.));
#11665=VECTOR('',#11664,3.);
#11666=LINE('',#11663,#11665);
#11667=EDGE_CURVE('',#6067,#2820,#11666,.T.);
#11668=ORIENTED_EDGE('',*,*,#11667,.F.);
#11669=EDGE_LOOP('',(#11660,#11661,#11662,#11668));
#11670=FACE_BOUND('',#11669,.T.);
#11671=ADVANCED_FACE('',(#11670),#11659,.T.);
#11672=CARTESIAN_POINT('',(363.527378153,-104.072566515,-45.438302815));
#11673=DIRECTION('',(1.,0.,0.));
#11674=DIRECTION('',(0.,0.,-1.));
#11675=AXIS2_PLACEMENT_3D('',#11672,#11673,#11674);
#11676=PLANE('',#11675);
#11677=ORIENTED_EDGE('',*,*,#6080,.T.);
#11678=ORIENTED_EDGE('',*,*,#11667,.T.);
#11679=ORIENTED_EDGE('',*,*,#2849,.F.);
#11680=CARTESIAN_POINT('',(363.527378153,-118.372566515,1.561697185));
#11681=DIRECTION('',(0.,0.,1.));
#11682=VECTOR('',#11681,3.);
#11683=LINE('',#11680,#11682);
#11684=EDGE_CURVE('',#6075,#2838,#11683,.T.);
#11685=ORIENTED_EDGE('',*,*,#11684,.F.);
#11686=EDGE_LOOP('',(#11677,#11678,#11679,#11685));
#11687=FACE_BOUND('',#11686,.T.);
#11688=ADVANCED_FACE('',(#11687),#11676,.T.);
#11689=CARTESIAN_POINT('',(371.327378153,-118.372566515,-45.438302815));
#11690=DIRECTION('',(0.,-1.,0.));
#11691=DIRECTION('',(0.,0.,-1.));
#11692=AXIS2_PLACEMENT_3D('',#11689,#11690,#11691);
#11693=PLANE('',#11692);
#11694=ORIENTED_EDGE('',*,*,#11684,.T.);
#11695=ORIENTED_EDGE('',*,*,#2843,.T.);
#11696=ORIENTED_EDGE('',*,*,#11643,.F.);
#11697=ORIENTED_EDGE('',*,*,#6086,.F.);
#11698=EDGE_LOOP('',(#11694,#11695,#11696,#11697));
#11699=FACE_BOUND('',#11698,.T.);
#11700=ADVANCED_FACE('',(#11699),#11693,.F.);
#11701=CARTESIAN_POINT('',(361.982378153,-24.212566515,-45.438302815));
#11702=DIRECTION('',(-1.,0.,0.));
#11703=DIRECTION('',(0.,0.,1.));
#11704=AXIS2_PLACEMENT_3D('',#11701,#11702,#11703);
#11705=PLANE('',#11704);
#11706=ORIENTED_EDGE('',*,*,#3274,.T.);
#11707=CARTESIAN_POINT('',(361.982378153,-32.012566515,1.561697185));
#11708=DIRECTION('',(0.,0.,1.));
#11709=VECTOR('',#11708,3.);
#11710=LINE('',#11707,#11709);
#11711=EDGE_CURVE('',#3269,#2864,#11710,.T.);
#11712=ORIENTED_EDGE('',*,*,#11711,.T.);
#11713=ORIENTED_EDGE('',*,*,#2869,.F.);
#11714=CARTESIAN_POINT('',(361.982378153,-16.412566515,1.561697185));
#11715=DIRECTION('',(0.,0.,1.));
#11716=VECTOR('',#11715,3.);
#11717=LINE('',#11714,#11716);
#11718=EDGE_CURVE('',#3267,#2856,#11717,.T.);
#11719=ORIENTED_EDGE('',*,*,#11718,.F.);
#11720=EDGE_LOOP('',(#11706,#11712,#11713,#11719));
#11721=FACE_BOUND('',#11720,.T.);
#11722=ADVANCED_FACE('',(#11721),#11705,.T.);
#11723=CARTESIAN_POINT('',(354.182378153,-16.412566515,-45.438302815));
#11724=DIRECTION('',(0.,-1.,0.));
#11725=DIRECTION('',(0.,0.,-1.));
#11726=AXIS2_PLACEMENT_3D('',#11723,#11724,#11725);
#11727=PLANE('',#11726);
#11728=ORIENTED_EDGE('',*,*,#3282,.T.);
#11729=ORIENTED_EDGE('',*,*,#11718,.T.);
#11730=ORIENTED_EDGE('',*,*,#2861,.F.);
#11731=CARTESIAN_POINT('',(346.382378153,-16.412566515,1.561697185));
#11732=DIRECTION('',(0.,0.,1.));
#11733=VECTOR('',#11732,3.);
#11734=LINE('',#11731,#11733);
#11735=EDGE_CURVE('',#3277,#2854,#11734,.T.);
#11736=ORIENTED_EDGE('',*,*,#11735,.F.);
#11737=EDGE_LOOP('',(#11728,#11729,#11730,#11736));
#11738=FACE_BOUND('',#11737,.T.);
#11739=ADVANCED_FACE('',(#11738),#11727,.T.);
#11740=CARTESIAN_POINT('',(346.382378153,-17.712566515,-45.438302815));
#11741=DIRECTION('',(1.,0.,0.));
#11742=DIRECTION('',(0.,0.,-1.));
#11743=AXIS2_PLACEMENT_3D('',#11740,#11741,#11742);
#11744=PLANE('',#11743);
#11745=ORIENTED_EDGE('',*,*,#3290,.T.);
#11746=ORIENTED_EDGE('',*,*,#11735,.T.);
#11747=ORIENTED_EDGE('',*,*,#2883,.F.);
#11748=CARTESIAN_POINT('',(346.382378153,-32.012566515,1.561697185));
#11749=DIRECTION('',(0.,0.,1.));
#11750=VECTOR('',#11749,3.);
#11751=LINE('',#11748,#11750);
#11752=EDGE_CURVE('',#3285,#2872,#11751,.T.);
#11753=ORIENTED_EDGE('',*,*,#11752,.F.);
#11754=EDGE_LOOP('',(#11745,#11746,#11747,#11753));
#11755=FACE_BOUND('',#11754,.T.);
#11756=ADVANCED_FACE('',(#11755),#11744,.T.);
#11757=CARTESIAN_POINT('',(354.182378153,-32.012566515,-45.438302815));
#11758=DIRECTION('',(0.,1.,0.));
#11759=DIRECTION('',(0.,0.,1.));
#11760=AXIS2_PLACEMENT_3D('',#11757,#11758,#11759);
#11761=PLANE('',#11760);
#11762=ORIENTED_EDGE('',*,*,#3296,.T.);
#11763=ORIENTED_EDGE('',*,*,#11752,.T.);
#11764=ORIENTED_EDGE('',*,*,#2877,.F.);
#11765=ORIENTED_EDGE('',*,*,#11711,.F.);
#11766=EDGE_LOOP('',(#11762,#11763,#11764,#11765));
#11767=FACE_BOUND('',#11766,.T.);
#11768=ADVANCED_FACE('',(#11767),#11761,.T.);
#11769=CARTESIAN_POINT('',(234.802378153,-10.422566515,-45.438302815));
#11770=DIRECTION('',(0.,-1.,0.));
#11771=DIRECTION('',(0.,0.,-1.));
#11772=AXIS2_PLACEMENT_3D('',#11769,#11770,#11771);
#11773=PLANE('',#11772);
#11774=CARTESIAN_POINT('',(227.002378153,-10.422566515,1.561697185));
#11775=DIRECTION('',(0.,0.,1.));
#11776=VECTOR('',#11775,3.);
#11777=LINE('',#11774,#11776);
#11778=EDGE_CURVE('',#6093,#66,#11777,.T.);
#11779=ORIENTED_EDGE('',*,*,#11778,.T.);
#11780=ORIENTED_EDGE('',*,*,#73,.T.);
#11781=CARTESIAN_POINT('',(242.602378153,-10.422566515,1.561697185));
#11782=DIRECTION('',(0.,0.,1.));
#11783=VECTOR('',#11782,3.);
#11784=LINE('',#11781,#11783);
#11785=EDGE_CURVE('',#6101,#68,#11784,.T.);
#11786=ORIENTED_EDGE('',*,*,#11785,.F.);
#11787=ORIENTED_EDGE('',*,*,#6106,.F.);
#11788=EDGE_LOOP('',(#11779,#11780,#11786,#11787));
#11789=FACE_BOUND('',#11788,.T.);
#11790=ADVANCED_FACE('',(#11789),#11773,.F.);
#11791=CARTESIAN_POINT('',(242.602378153,-2.622566515,-45.438302815));
#11792=DIRECTION('',(1.,0.,0.));
#11793=DIRECTION('',(0.,0.,-1.));
#11794=AXIS2_PLACEMENT_3D('',#11791,#11792,#11793);
#11795=PLANE('',#11794);
#11796=ORIENTED_EDGE('',*,*,#11785,.T.);
#11797=ORIENTED_EDGE('',*,*,#95,.T.);
#11798=CARTESIAN_POINT('',(242.602378153,5.177433485,1.561697185));
#11799=DIRECTION('',(0.,0.,1.));
#11800=VECTOR('',#11799,3.);
#11801=LINE('',#11798,#11800);
#11802=EDGE_CURVE('',#6109,#84,#11801,.T.);
#11803=ORIENTED_EDGE('',*,*,#11802,.F.);
#11804=ORIENTED_EDGE('',*,*,#6114,.F.);
#11805=EDGE_LOOP('',(#11796,#11797,#11803,#11804));
#11806=FACE_BOUND('',#11805,.T.);
#11807=ADVANCED_FACE('',(#11806),#11795,.F.);
#11808=CARTESIAN_POINT('',(234.802378153,5.177433485,-45.438302815));
#11809=DIRECTION('',(0.,1.,0.));
#11810=DIRECTION('',(0.,0.,1.));
#11811=AXIS2_PLACEMENT_3D('',#11808,#11809,#11810);
#11812=PLANE('',#11811);
#11813=ORIENTED_EDGE('',*,*,#11802,.T.);
#11814=ORIENTED_EDGE('',*,*,#89,.T.);
#11815=CARTESIAN_POINT('',(227.002378153,5.177433485,1.561697185));
#11816=DIRECTION('',(0.,0.,1.));
#11817=VECTOR('',#11816,3.);
#11818=LINE('',#11815,#11817);
#11819=EDGE_CURVE('',#6091,#76,#11818,.T.);
#11820=ORIENTED_EDGE('',*,*,#11819,.F.);
#11821=ORIENTED_EDGE('',*,*,#6120,.F.);
#11822=EDGE_LOOP('',(#11813,#11814,#11820,#11821));
#11823=FACE_BOUND('',#11822,.T.);
#11824=ADVANCED_FACE('',(#11823),#11812,.F.);
#11825=CARTESIAN_POINT('',(227.002378153,-2.622566515,-45.438302815));
#11826=DIRECTION('',(-1.,0.,0.));
#11827=DIRECTION('',(0.,0.,1.));
#11828=AXIS2_PLACEMENT_3D('',#11825,#11826,#11827);
#11829=PLANE('',#11828);
#11830=ORIENTED_EDGE('',*,*,#11819,.T.);
#11831=ORIENTED_EDGE('',*,*,#81,.T.);
#11832=ORIENTED_EDGE('',*,*,#11778,.F.);
#11833=ORIENTED_EDGE('',*,*,#6098,.F.);
#11834=EDGE_LOOP('',(#11830,#11831,#11832,#11833));
#11835=FACE_BOUND('',#11834,.T.);
#11836=ADVANCED_FACE('',(#11835),#11829,.F.);
#11837=CARTESIAN_POINT('',(99.092378153,-73.892566515,-45.438302815));
#11838=DIRECTION('',(-1.,0.,0.));
#11839=DIRECTION('',(0.,0.,1.));
#11840=AXIS2_PLACEMENT_3D('',#11837,#11838,#11839);
#11841=PLANE('',#11840);
#11842=ORIENTED_EDGE('',*,*,#6132,.T.);
#11843=CARTESIAN_POINT('',(99.092378153,-75.192566515,1.561697185));
#11844=DIRECTION('',(0.,0.,1.));
#11845=VECTOR('',#11844,3.);
#11846=LINE('',#11843,#11845);
#11847=EDGE_CURVE('',#6127,#2898,#11846,.T.);
#11848=ORIENTED_EDGE('',*,*,#11847,.T.);
#11849=ORIENTED_EDGE('',*,*,#2903,.F.);
#11850=CARTESIAN_POINT('',(99.092378153,-59.592566515,1.561697185));
#11851=DIRECTION('',(0.,0.,1.));
#11852=VECTOR('',#11851,3.);
#11853=LINE('',#11850,#11852);
#11854=EDGE_CURVE('',#6125,#2890,#11853,.T.);
#11855=ORIENTED_EDGE('',*,*,#11854,.F.);
#11856=EDGE_LOOP('',(#11842,#11848,#11849,#11855));
#11857=FACE_BOUND('',#11856,.T.);
#11858=ADVANCED_FACE('',(#11857),#11841,.T.);
#11859=CARTESIAN_POINT('',(91.292378153,-59.592566515,-45.438302815));
#11860=DIRECTION('',(0.,-1.,0.));
#11861=DIRECTION('',(0.,0.,-1.));
#11862=AXIS2_PLACEMENT_3D('',#11859,#11860,#11861);
#11863=PLANE('',#11862);
#11864=ORIENTED_EDGE('',*,*,#6140,.T.);
#11865=ORIENTED_EDGE('',*,*,#11854,.T.);
#11866=ORIENTED_EDGE('',*,*,#2895,.F.);
#11867=CARTESIAN_POINT('',(83.492378153,-59.592566515,1.561697185));
#11868=DIRECTION('',(0.,0.,1.));
#11869=VECTOR('',#11868,3.);
#11870=LINE('',#11867,#11869);
#11871=EDGE_CURVE('',#6135,#2888,#11870,.T.);
#11872=ORIENTED_EDGE('',*,*,#11871,.F.);
#11873=EDGE_LOOP('',(#11864,#11865,#11866,#11872));
#11874=FACE_BOUND('',#11873,.T.);
#11875=ADVANCED_FACE('',(#11874),#11863,.T.);
#11876=CARTESIAN_POINT('',(83.492378153,-67.392566515,-45.438302815));
#11877=DIRECTION('',(-1.,0.,0.));
#11878=DIRECTION('',(0.,0.,1.));
#11879=AXIS2_PLACEMENT_3D('',#11876,#11877,#11878);
#11880=PLANE('',#11879);
#11881=ORIENTED_EDGE('',*,*,#11871,.T.);
#11882=ORIENTED_EDGE('',*,*,#2917,.T.);
#11883=CARTESIAN_POINT('',(83.492378153,-75.192566515,1.561697185));
#11884=DIRECTION('',(0.,0.,1.));
#11885=VECTOR('',#11884,3.);
#11886=LINE('',#11883,#11885);
#11887=EDGE_CURVE('',#6143,#2906,#11886,.T.);
#11888=ORIENTED_EDGE('',*,*,#11887,.F.);
#11889=ORIENTED_EDGE('',*,*,#6148,.F.);
#11890=EDGE_LOOP('',(#11881,#11882,#11888,#11889));
#11891=FACE_BOUND('',#11890,.T.);
#11892=ADVANCED_FACE('',(#11891),#11880,.F.);
#11893=CARTESIAN_POINT('',(91.292378153,-75.192566515,-45.438302815));
#11894=DIRECTION('',(0.,-1.,0.));
#11895=DIRECTION('',(0.,0.,-1.));
#11896=AXIS2_PLACEMENT_3D('',#11893,#11894,#11895);
#11897=PLANE('',#11896);
#11898=ORIENTED_EDGE('',*,*,#11887,.T.);
#11899=ORIENTED_EDGE('',*,*,#2911,.T.);
#11900=ORIENTED_EDGE('',*,*,#11847,.F.);
#11901=ORIENTED_EDGE('',*,*,#6154,.F.);
#11902=EDGE_LOOP('',(#11898,#11899,#11900,#11901));
#11903=FACE_BOUND('',#11902,.T.);
#11904=ADVANCED_FACE('',(#11903),#11897,.F.);
#11905=CARTESIAN_POINT('',(351.822378153,-3.922566515,-45.438302815));
#11906=DIRECTION('',(-1.,0.,0.));
#11907=DIRECTION('',(0.,0.,1.));
#11908=AXIS2_PLACEMENT_3D('',#11905,#11906,#11907);
#11909=PLANE('',#11908);
#11910=ORIENTED_EDGE('',*,*,#3240,.T.);
#11911=CARTESIAN_POINT('',(351.822378153,-10.422566515,1.561697185));
#11912=DIRECTION('',(0.,0.,1.));
#11913=VECTOR('',#11912,3.);
#11914=LINE('',#11911,#11913);
#11915=EDGE_CURVE('',#3235,#2932,#11914,.T.);
#11916=ORIENTED_EDGE('',*,*,#11915,.T.);
#11917=ORIENTED_EDGE('',*,*,#2937,.F.);
#11918=CARTESIAN_POINT('',(351.822378153,5.177433485,1.561697185));
#11919=DIRECTION('',(0.,0.,1.));
#11920=VECTOR('',#11919,3.);
#11921=LINE('',#11918,#11920);
#11922=EDGE_CURVE('',#3233,#2924,#11921,.T.);
#11923=ORIENTED_EDGE('',*,*,#11922,.F.);
#11924=EDGE_LOOP('',(#11910,#11916,#11917,#11923));
#11925=FACE_BOUND('',#11924,.T.);
#11926=ADVANCED_FACE('',(#11925),#11909,.T.);
#11927=CARTESIAN_POINT('',(344.022378153,5.177433485,-45.438302815));
#11928=DIRECTION('',(0.,-1.,0.));
#11929=DIRECTION('',(0.,0.,-1.));
#11930=AXIS2_PLACEMENT_3D('',#11927,#11928,#11929);
#11931=PLANE('',#11930);
#11932=ORIENTED_EDGE('',*,*,#3248,.T.);
#11933=ORIENTED_EDGE('',*,*,#11922,.T.);
#11934=ORIENTED_EDGE('',*,*,#2929,.F.);
#11935=CARTESIAN_POINT('',(336.222378153,5.177433485,1.561697185));
#11936=DIRECTION('',(0.,0.,1.));
#11937=VECTOR('',#11936,3.);
#11938=LINE('',#11935,#11937);
#11939=EDGE_CURVE('',#3243,#2922,#11938,.T.);
#11940=ORIENTED_EDGE('',*,*,#11939,.F.);
#11941=EDGE_LOOP('',(#11932,#11933,#11934,#11940));
#11942=FACE_BOUND('',#11941,.T.);
#11943=ADVANCED_FACE('',(#11942),#11931,.T.);
#11944=CARTESIAN_POINT('',(336.222378153,3.877433485,-45.438302815));
#11945=DIRECTION('',(1.,0.,0.));
#11946=DIRECTION('',(0.,0.,-1.));
#11947=AXIS2_PLACEMENT_3D('',#11944,#11945,#11946);
#11948=PLANE('',#11947);
#11949=ORIENTED_EDGE('',*,*,#3256,.T.);
#11950=ORIENTED_EDGE('',*,*,#11939,.T.);
#11951=ORIENTED_EDGE('',*,*,#2951,.F.);
#11952=CARTESIAN_POINT('',(336.222378153,-10.422566515,1.561697185));
#11953=DIRECTION('',(0.,0.,1.));
#11954=VECTOR('',#11953,3.);
#11955=LINE('',#11952,#11954);
#11956=EDGE_CURVE('',#3251,#2940,#11955,.T.);
#11957=ORIENTED_EDGE('',*,*,#11956,.F.);
#11958=EDGE_LOOP('',(#11949,#11950,#11951,#11957));
#11959=FACE_BOUND('',#11958,.T.);
#11960=ADVANCED_FACE('',(#11959),#11948,.T.);
#11961=CARTESIAN_POINT('',(344.022378153,-10.422566515,-45.438302815));
#11962=DIRECTION('',(0.,-1.,0.));
#11963=DIRECTION('',(0.,0.,-1.));
#11964=AXIS2_PLACEMENT_3D('',#11961,#11962,#11963);
#11965=PLANE('',#11964);
#11966=ORIENTED_EDGE('',*,*,#11956,.T.);
#11967=ORIENTED_EDGE('',*,*,#2945,.T.);
#11968=ORIENTED_EDGE('',*,*,#11915,.F.);
#11969=ORIENTED_EDGE('',*,*,#3262,.F.);
#11970=EDGE_LOOP('',(#11966,#11967,#11968,#11969));
#11971=FACE_BOUND('',#11970,.T.);
#11972=ADVANCED_FACE('',(#11971),#11965,.F.);
#11973=CARTESIAN_POINT('',(90.202378153,-3.962566515,-45.438302815));
#11974=DIRECTION('',(-1.,0.,0.));
#11975=DIRECTION('',(0.,0.,1.));
#11976=AXIS2_PLACEMENT_3D('',#11973,#11974,#11975);
#11977=PLANE('',#11976);
#11978=ORIENTED_EDGE('',*,*,#6166,.T.);
#11979=CARTESIAN_POINT('',(90.202378153,-10.462566515,1.561697185));
#11980=DIRECTION('',(0.,0.,1.));
#11981=VECTOR('',#11980,3.);
#11982=LINE('',#11979,#11981);
#11983=EDGE_CURVE('',#6161,#2966,#11982,.T.);
#11984=ORIENTED_EDGE('',*,*,#11983,.T.);
#11985=ORIENTED_EDGE('',*,*,#2971,.F.);
#11986=CARTESIAN_POINT('',(90.202378153,5.137433485,1.561697185));
#11987=DIRECTION('',(0.,0.,1.));
#11988=VECTOR('',#11987,3.);
#11989=LINE('',#11986,#11988);
#11990=EDGE_CURVE('',#6159,#2958,#11989,.T.);
#11991=ORIENTED_EDGE('',*,*,#11990,.F.);
#11992=EDGE_LOOP('',(#11978,#11984,#11985,#11991));
#11993=FACE_BOUND('',#11992,.T.);
#11994=ADVANCED_FACE('',(#11993),#11977,.T.);
#11995=CARTESIAN_POINT('',(82.402378153,5.137433485,-45.438302815));
#11996=DIRECTION('',(0.,-1.,0.));
#11997=DIRECTION('',(0.,0.,-1.));
#11998=AXIS2_PLACEMENT_3D('',#11995,#11996,#11997);
#11999=PLANE('',#11998);
#12000=ORIENTED_EDGE('',*,*,#6174,.T.);
#12001=ORIENTED_EDGE('',*,*,#11990,.T.);
#12002=ORIENTED_EDGE('',*,*,#2963,.F.);
#12003=CARTESIAN_POINT('',(74.602378153,5.137433485,1.561697185));
#12004=DIRECTION('',(0.,0.,1.));
#12005=VECTOR('',#12004,3.);
#12006=LINE('',#12003,#12005);
#12007=EDGE_CURVE('',#6169,#2956,#12006,.T.);
#12008=ORIENTED_EDGE('',*,*,#12007,.F.);
#12009=EDGE_LOOP('',(#12000,#12001,#12002,#12008));
#12010=FACE_BOUND('',#12009,.T.);
#12011=ADVANCED_FACE('',(#12010),#11999,.T.);
#12012=CARTESIAN_POINT('',(74.602378153,3.837433485,-45.438302815));
#12013=DIRECTION('',(1.,0.,0.));
#12014=DIRECTION('',(0.,0.,-1.));
#12015=AXIS2_PLACEMENT_3D('',#12012,#12013,#12014);
#12016=PLANE('',#12015);
#12017=ORIENTED_EDGE('',*,*,#6182,.T.);
#12018=ORIENTED_EDGE('',*,*,#12007,.T.);
#12019=ORIENTED_EDGE('',*,*,#2985,.F.);
#12020=CARTESIAN_POINT('',(74.602378153,-10.462566515,1.561697185));
#12021=DIRECTION('',(0.,0.,1.));
#12022=VECTOR('',#12021,3.);
#12023=LINE('',#12020,#12022);
#12024=EDGE_CURVE('',#6177,#2974,#12023,.T.);
#12025=ORIENTED_EDGE('',*,*,#12024,.F.);
#12026=EDGE_LOOP('',(#12017,#12018,#12019,#12025));
#12027=FACE_BOUND('',#12026,.T.);
#12028=ADVANCED_FACE('',(#12027),#12016,.T.);
#12029=CARTESIAN_POINT('',(82.402378153,-10.462566515,-45.438302815));
#12030=DIRECTION('',(0.,-1.,0.));
#12031=DIRECTION('',(0.,0.,-1.));
#12032=AXIS2_PLACEMENT_3D('',#12029,#12030,#12031);
#12033=PLANE('',#12032);
#12034=ORIENTED_EDGE('',*,*,#12024,.T.);
#12035=ORIENTED_EDGE('',*,*,#2979,.T.);
#12036=ORIENTED_EDGE('',*,*,#11983,.F.);
#12037=ORIENTED_EDGE('',*,*,#6188,.F.);
#12038=EDGE_LOOP('',(#12034,#12035,#12036,#12037));
#12039=FACE_BOUND('',#12038,.T.);
#12040=ADVANCED_FACE('',(#12039),#12033,.F.);
#12041=CARTESIAN_POINT('',(201.962378153,-24.212566515,-45.438302815));
#12042=DIRECTION('',(-1.,0.,0.));
#12043=DIRECTION('',(0.,0.,1.));
#12044=AXIS2_PLACEMENT_3D('',#12041,#12042,#12043);
#12045=PLANE('',#12044);
#12046=ORIENTED_EDGE('',*,*,#3206,.T.);
#12047=CARTESIAN_POINT('',(201.962378153,-32.012566515,1.561697185));
#12048=DIRECTION('',(0.,0.,1.));
#12049=VECTOR('',#12048,3.);
#12050=LINE('',#12047,#12049);
#12051=EDGE_CURVE('',#3201,#3000,#12050,.T.);
#12052=ORIENTED_EDGE('',*,*,#12051,.T.);
#12053=ORIENTED_EDGE('',*,*,#3005,.F.);
#12054=CARTESIAN_POINT('',(201.962378153,-16.412566515,1.561697185));
#12055=DIRECTION('',(0.,0.,1.));
#12056=VECTOR('',#12055,3.);
#12057=LINE('',#12054,#12056);
#12058=EDGE_CURVE('',#3199,#2992,#12057,.T.);
#12059=ORIENTED_EDGE('',*,*,#12058,.F.);
#12060=EDGE_LOOP('',(#12046,#12052,#12053,#12059));
#12061=FACE_BOUND('',#12060,.T.);
#12062=ADVANCED_FACE('',(#12061),#12045,.T.);
#12063=CARTESIAN_POINT('',(194.162378153,-16.412566515,-45.438302815));
#12064=DIRECTION('',(0.,-1.,0.));
#12065=DIRECTION('',(0.,0.,-1.));
#12066=AXIS2_PLACEMENT_3D('',#12063,#12064,#12065);
#12067=PLANE('',#12066);
#12068=ORIENTED_EDGE('',*,*,#3214,.T.);
#12069=ORIENTED_EDGE('',*,*,#12058,.T.);
#12070=ORIENTED_EDGE('',*,*,#2997,.F.);
#12071=CARTESIAN_POINT('',(186.362378153,-16.412566515,1.561697185));
#12072=DIRECTION('',(0.,0.,1.));
#12073=VECTOR('',#12072,3.);
#12074=LINE('',#12071,#12073);
#12075=EDGE_CURVE('',#3209,#2990,#12074,.T.);
#12076=ORIENTED_EDGE('',*,*,#12075,.F.);
#12077=EDGE_LOOP('',(#12068,#12069,#12070,#12076));
#12078=FACE_BOUND('',#12077,.T.);
#12079=ADVANCED_FACE('',(#12078),#12067,.T.);
#12080=CARTESIAN_POINT('',(186.362378153,-24.212566515,-45.438302815));
#12081=DIRECTION('',(1.,0.,0.));
#12082=DIRECTION('',(0.,0.,-1.));
#12083=AXIS2_PLACEMENT_3D('',#12080,#12081,#12082);
#12084=PLANE('',#12083);
#12085=ORIENTED_EDGE('',*,*,#3222,.T.);
#12086=ORIENTED_EDGE('',*,*,#12075,.T.);
#12087=ORIENTED_EDGE('',*,*,#3019,.F.);
#12088=CARTESIAN_POINT('',(186.362378153,-32.012566515,1.561697185));
#12089=DIRECTION('',(0.,0.,1.));
#12090=VECTOR('',#12089,3.);
#12091=LINE('',#12088,#12090);
#12092=EDGE_CURVE('',#3217,#3008,#12091,.T.);
#12093=ORIENTED_EDGE('',*,*,#12092,.F.);
#12094=EDGE_LOOP('',(#12085,#12086,#12087,#12093));
#12095=FACE_BOUND('',#12094,.T.);
#12096=ADVANCED_FACE('',(#12095),#12084,.T.);
#12097=CARTESIAN_POINT('',(194.162378153,-32.012566515,-45.438302815));
#12098=DIRECTION('',(0.,-1.,0.));
#12099=DIRECTION('',(0.,0.,-1.));
#12100=AXIS2_PLACEMENT_3D('',#12097,#12098,#12099);
#12101=PLANE('',#12100);
#12102=ORIENTED_EDGE('',*,*,#12092,.T.);
#12103=ORIENTED_EDGE('',*,*,#3013,.T.);
#12104=ORIENTED_EDGE('',*,*,#12051,.F.);
#12105=ORIENTED_EDGE('',*,*,#3228,.F.);
#12106=EDGE_LOOP('',(#12102,#12103,#12104,#12105));
#12107=FACE_BOUND('',#12106,.T.);
#12108=ADVANCED_FACE('',(#12107),#12101,.F.);
#12109=CARTESIAN_POINT('',(356.902378153,-110.572566515,-45.438302815));
#12110=DIRECTION('',(-1.,0.,0.));
#12111=DIRECTION('',(0.,0.,1.));
#12112=AXIS2_PLACEMENT_3D('',#12109,#12110,#12111);
#12113=PLANE('',#12112);
#12114=ORIENTED_EDGE('',*,*,#6200,.T.);
#12115=CARTESIAN_POINT('',(356.902378153,-118.372566515,1.561697185));
#12116=DIRECTION('',(0.,0.,1.));
#12117=VECTOR('',#12116,3.);
#12118=LINE('',#12115,#12117);
#12119=EDGE_CURVE('',#6195,#3034,#12118,.T.);
#12120=ORIENTED_EDGE('',*,*,#12119,.T.);
#12121=ORIENTED_EDGE('',*,*,#3039,.F.);
#12122=CARTESIAN_POINT('',(356.902378153,-102.772566515,1.561697185));
#12123=DIRECTION('',(0.,0.,1.));
#12124=VECTOR('',#12123,3.);
#12125=LINE('',#12122,#12124);
#12126=EDGE_CURVE('',#6193,#3026,#12125,.T.);
#12127=ORIENTED_EDGE('',*,*,#12126,.F.);
#12128=EDGE_LOOP('',(#12114,#12120,#12121,#12127));
#12129=FACE_BOUND('',#12128,.T.);
#12130=ADVANCED_FACE('',(#12129),#12113,.T.);
#12131=CARTESIAN_POINT('',(349.102378153,-102.772566515,-45.438302815));
#12132=DIRECTION('',(0.,-1.,0.));
#12133=DIRECTION('',(0.,0.,-1.));
#12134=AXIS2_PLACEMENT_3D('',#12131,#12132,#12133);
#12135=PLANE('',#12134);
#12136=ORIENTED_EDGE('',*,*,#6208,.T.);
#12137=ORIENTED_EDGE('',*,*,#12126,.T.);
#12138=ORIENTED_EDGE('',*,*,#3031,.F.);
#12139=CARTESIAN_POINT('',(341.302378153,-102.772566515,1.561697185));
#12140=DIRECTION('',(0.,0.,1.));
#12141=VECTOR('',#12140,3.);
#12142=LINE('',#12139,#12141);
#12143=EDGE_CURVE('',#6203,#3024,#12142,.T.);
#12144=ORIENTED_EDGE('',*,*,#12143,.F.);
#12145=EDGE_LOOP('',(#12136,#12137,#12138,#12144));
#12146=FACE_BOUND('',#12145,.T.);
#12147=ADVANCED_FACE('',(#12146),#12135,.T.);
#12148=CARTESIAN_POINT('',(341.302378153,-104.072566515,-45.438302815));
#12149=DIRECTION('',(1.,0.,0.));
#12150=DIRECTION('',(0.,0.,-1.));
#12151=AXIS2_PLACEMENT_3D('',#12148,#12149,#12150);
#12152=PLANE('',#12151);
#12153=ORIENTED_EDGE('',*,*,#6216,.T.);
#12154=ORIENTED_EDGE('',*,*,#12143,.T.);
#12155=ORIENTED_EDGE('',*,*,#3053,.F.);
#12156=CARTESIAN_POINT('',(341.302378153,-118.372566515,1.561697185));
#12157=DIRECTION('',(0.,0.,1.));
#12158=VECTOR('',#12157,3.);
#12159=LINE('',#12156,#12158);
#12160=EDGE_CURVE('',#6211,#3042,#12159,.T.);
#12161=ORIENTED_EDGE('',*,*,#12160,.F.);
#12162=EDGE_LOOP('',(#12153,#12154,#12155,#12161));
#12163=FACE_BOUND('',#12162,.T.);
#12164=ADVANCED_FACE('',(#12163),#12152,.T.);
#12165=CARTESIAN_POINT('',(349.102378153,-118.372566515,-45.438302815));
#12166=DIRECTION('',(0.,1.,0.));
#12167=DIRECTION('',(0.,0.,1.));
#12168=AXIS2_PLACEMENT_3D('',#12165,#12166,#12167);
#12169=PLANE('',#12168);
#12170=ORIENTED_EDGE('',*,*,#6222,.T.);
#12171=ORIENTED_EDGE('',*,*,#12160,.T.);
#12172=ORIENTED_EDGE('',*,*,#3047,.F.);
#12173=ORIENTED_EDGE('',*,*,#12119,.F.);
#12174=EDGE_LOOP('',(#12170,#12171,#12172,#12173));
#12175=FACE_BOUND('',#12174,.T.);
#12176=ADVANCED_FACE('',(#12175),#12169,.T.);
#12177=CARTESIAN_POINT('',(50.832378153,-25.512566515,-45.438302815));
#12178=DIRECTION('',(-1.,0.,0.));
#12179=DIRECTION('',(0.,0.,1.));
#12180=AXIS2_PLACEMENT_3D('',#12177,#12178,#12179);
#12181=PLANE('',#12180);
#12182=ORIENTED_EDGE('',*,*,#3172,.T.);
#12183=CARTESIAN_POINT('',(50.832378153,-32.012566515,1.561697185));
#12184=DIRECTION('',(0.,0.,1.));
#12185=VECTOR('',#12184,3.);
#12186=LINE('',#12183,#12185);
#12187=EDGE_CURVE('',#3167,#3068,#12186,.T.);
#12188=ORIENTED_EDGE('',*,*,#12187,.T.);
#12189=ORIENTED_EDGE('',*,*,#3073,.F.);
#12190=CARTESIAN_POINT('',(50.832378153,-16.412566515,1.561697185));
#12191=DIRECTION('',(0.,0.,1.));
#12192=VECTOR('',#12191,3.);
#12193=LINE('',#12190,#12192);
#12194=EDGE_CURVE('',#3165,#3060,#12193,.T.);
#12195=ORIENTED_EDGE('',*,*,#12194,.F.);
#12196=EDGE_LOOP('',(#12182,#12188,#12189,#12195));
#12197=FACE_BOUND('',#12196,.T.);
#12198=ADVANCED_FACE('',(#12197),#12181,.T.);
#12199=CARTESIAN_POINT('',(43.032378153,-16.412566515,-45.438302815));
#12200=DIRECTION('',(0.,-1.,0.));
#12201=DIRECTION('',(0.,0.,-1.));
#12202=AXIS2_PLACEMENT_3D('',#12199,#12200,#12201);
#12203=PLANE('',#12202);
#12204=ORIENTED_EDGE('',*,*,#3180,.T.);
#12205=ORIENTED_EDGE('',*,*,#12194,.T.);
#12206=ORIENTED_EDGE('',*,*,#3065,.F.);
#12207=CARTESIAN_POINT('',(35.232378153,-16.412566515,1.561697185));
#12208=DIRECTION('',(0.,0.,1.));
#12209=VECTOR('',#12208,3.);
#12210=LINE('',#12207,#12209);
#12211=EDGE_CURVE('',#3175,#3058,#12210,.T.);
#12212=ORIENTED_EDGE('',*,*,#12211,.F.);
#12213=EDGE_LOOP('',(#12204,#12205,#12206,#12212));
#12214=FACE_BOUND('',#12213,.T.);
#12215=ADVANCED_FACE('',(#12214),#12203,.T.);
#12216=CARTESIAN_POINT('',(35.232378153,-24.212566515,-45.438302815));
#12217=DIRECTION('',(1.,0.,0.));
#12218=DIRECTION('',(0.,0.,-1.));
#12219=AXIS2_PLACEMENT_3D('',#12216,#12217,#12218);
#12220=PLANE('',#12219);
#12221=ORIENTED_EDGE('',*,*,#3188,.T.);
#12222=ORIENTED_EDGE('',*,*,#12211,.T.);
#12223=ORIENTED_EDGE('',*,*,#3087,.F.);
#12224=CARTESIAN_POINT('',(35.232378153,-32.012566515,1.561697185));
#12225=DIRECTION('',(0.,0.,1.));
#12226=VECTOR('',#12225,3.);
#12227=LINE('',#12224,#12226);
#12228=EDGE_CURVE('',#3183,#3076,#12227,.T.);
#12229=ORIENTED_EDGE('',*,*,#12228,.F.);
#12230=EDGE_LOOP('',(#12221,#12222,#12223,#12229));
#12231=FACE_BOUND('',#12230,.T.);
#12232=ADVANCED_FACE('',(#12231),#12220,.T.);
#12233=CARTESIAN_POINT('',(43.032378153,-32.012566515,-45.438302815));
#12234=DIRECTION('',(0.,1.,0.));
#12235=DIRECTION('',(0.,0.,1.));
#12236=AXIS2_PLACEMENT_3D('',#12233,#12234,#12235);
#12237=PLANE('',#12236);
#12238=ORIENTED_EDGE('',*,*,#3194,.T.);
#12239=ORIENTED_EDGE('',*,*,#12228,.T.);
#12240=ORIENTED_EDGE('',*,*,#3081,.F.);
#12241=ORIENTED_EDGE('',*,*,#12187,.F.);
#12242=EDGE_LOOP('',(#12238,#12239,#12240,#12241));
#12243=FACE_BOUND('',#12242,.T.);
#12244=ADVANCED_FACE('',(#12243),#12237,.T.);
#12245=CARTESIAN_POINT('',(113.062378153,-2.662566515,-45.438302815));
#12246=DIRECTION('',(-1.,0.,0.));
#12247=DIRECTION('',(0.,0.,1.));
#12248=AXIS2_PLACEMENT_3D('',#12245,#12246,#12247);
#12249=PLANE('',#12248);
#12250=ORIENTED_EDGE('',*,*,#6234,.T.);
#12251=CARTESIAN_POINT('',(113.062378153,-10.462566515,1.561697185));
#12252=DIRECTION('',(0.,0.,1.));
#12253=VECTOR('',#12252,3.);
#12254=LINE('',#12251,#12253);
#12255=EDGE_CURVE('',#6229,#3102,#12254,.T.);
#12256=ORIENTED_EDGE('',*,*,#12255,.T.);
#12257=ORIENTED_EDGE('',*,*,#3107,.F.);
#12258=CARTESIAN_POINT('',(113.062378153,5.137433485,1.561697185));
#12259=DIRECTION('',(0.,0.,1.));
#12260=VECTOR('',#12259,3.);
#12261=LINE('',#12258,#12260);
#12262=EDGE_CURVE('',#6227,#3094,#12261,.T.);
#12263=ORIENTED_EDGE('',*,*,#12262,.F.);
#12264=EDGE_LOOP('',(#12250,#12256,#12257,#12263));
#12265=FACE_BOUND('',#12264,.T.);
#12266=ADVANCED_FACE('',(#12265),#12249,.T.);
#12267=CARTESIAN_POINT('',(105.262378153,5.137433485,-45.438302815));
#12268=DIRECTION('',(0.,-1.,0.));
#12269=DIRECTION('',(0.,0.,-1.));
#12270=AXIS2_PLACEMENT_3D('',#12267,#12268,#12269);
#12271=PLANE('',#12270);
#12272=ORIENTED_EDGE('',*,*,#6242,.T.);
#12273=ORIENTED_EDGE('',*,*,#12262,.T.);
#12274=ORIENTED_EDGE('',*,*,#3099,.F.);
#12275=CARTESIAN_POINT('',(97.462378153,5.137433485,1.561697185));
#12276=DIRECTION('',(0.,0.,1.));
#12277=VECTOR('',#12276,3.);
#12278=LINE('',#12275,#12277);
#12279=EDGE_CURVE('',#6237,#3092,#12278,.T.);
#12280=ORIENTED_EDGE('',*,*,#12279,.F.);
#12281=EDGE_LOOP('',(#12272,#12273,#12274,#12280));
#12282=FACE_BOUND('',#12281,.T.);
#12283=ADVANCED_FACE('',(#12282),#12271,.T.);
#12284=CARTESIAN_POINT('',(97.462378153,3.837433485,-45.438302815));
#12285=DIRECTION('',(1.,0.,0.));
#12286=DIRECTION('',(0.,0.,-1.));
#12287=AXIS2_PLACEMENT_3D('',#12284,#12285,#12286);
#12288=PLANE('',#12287);
#12289=ORIENTED_EDGE('',*,*,#6250,.T.);
#12290=ORIENTED_EDGE('',*,*,#12279,.T.);
#12291=ORIENTED_EDGE('',*,*,#3121,.F.);
#12292=CARTESIAN_POINT('',(97.462378153,-10.462566515,1.561697185));
#12293=DIRECTION('',(0.,0.,1.));
#12294=VECTOR('',#12293,3.);
#12295=LINE('',#12292,#12294);
#12296=EDGE_CURVE('',#6245,#3110,#12295,.T.);
#12297=ORIENTED_EDGE('',*,*,#12296,.F.);
#12298=EDGE_LOOP('',(#12289,#12290,#12291,#12297));
#12299=FACE_BOUND('',#12298,.T.);
#12300=ADVANCED_FACE('',(#12299),#12288,.T.);
#12301=CARTESIAN_POINT('',(105.262378153,-10.462566515,-45.438302815));
#12302=DIRECTION('',(0.,1.,0.));
#12303=DIRECTION('',(0.,0.,1.));
#12304=AXIS2_PLACEMENT_3D('',#12301,#12302,#12303);
#12305=PLANE('',#12304);
#12306=ORIENTED_EDGE('',*,*,#6256,.T.);
#12307=ORIENTED_EDGE('',*,*,#12296,.T.);
#12308=ORIENTED_EDGE('',*,*,#3115,.F.);
#12309=ORIENTED_EDGE('',*,*,#12255,.F.);
#12310=EDGE_LOOP('',(#12306,#12307,#12308,#12309));
#12311=FACE_BOUND('',#12310,.T.);
#12312=ADVANCED_FACE('',(#12311),#12305,.T.);
#12313=CARTESIAN_POINT('',(27.173505818,28.438430137,0.561697185));
#12314=DIRECTION('',(0.,0.,1.));
#12315=DIRECTION('',(1.,0.,-0.));
#12316=AXIS2_PLACEMENT_3D('',#12313,#12314,#12315);
#12317=CYLINDRICAL_SURFACE('',#12316,1.45);
#12318=CARTESIAN_POINT('',(28.623505818,28.438430137,4.561697185));
#12319=DIRECTION('',(-0.,-0.,-1.));
#12320=VECTOR('',#12319,3.);
#12321=LINE('',#12318,#12320);
#12322=EDGE_CURVE('',#55,#3154,#12321,.T.);
#12323=ORIENTED_EDGE('',*,*,#12322,.F.);
#12324=ORIENTED_EDGE('',*,*,#61,.T.);
#12325=ORIENTED_EDGE('',*,*,#12322,.T.);
#12326=ORIENTED_EDGE('',*,*,#3160,.F.);
#12327=EDGE_LOOP('',(#12323,#12324,#12325,#12326));
#12328=FACE_BOUND('',#12327,.T.);
#12329=ADVANCED_FACE('',(#12328),#12317,.F.);
#12330=CARTESIAN_POINT('',(425.859855763,-133.837896552,-0.438302815));
#12331=DIRECTION('',(0.,0.,1.));
#12332=DIRECTION('',(1.,0.,-0.));
#12333=AXIS2_PLACEMENT_3D('',#12330,#12331,#12332);
#12334=CYLINDRICAL_SURFACE('',#12333,1.45);
#12335=CARTESIAN_POINT('',(427.309855763,-133.837896552,4.561697185));
#12336=DIRECTION('',(-0.,-0.,-1.));
#12337=VECTOR('',#12336,3.);
#12338=LINE('',#12335,#12337);
#12339=EDGE_CURVE('',#44,#3143,#12338,.T.);
#12340=ORIENTED_EDGE('',*,*,#12339,.F.);
#12341=ORIENTED_EDGE('',*,*,#50,.T.);
#12342=ORIENTED_EDGE('',*,*,#12339,.T.);
#12343=ORIENTED_EDGE('',*,*,#3149,.F.);
#12344=EDGE_LOOP('',(#12340,#12341,#12342,#12343));
#12345=FACE_BOUND('',#12344,.T.);
#12346=ADVANCED_FACE('',(#12345),#12334,.F.);
#12347=CARTESIAN_POINT('',(24.077295979,-136.95861786,1.361697185));
#12348=DIRECTION('',(0.,0.,1.));
#12349=DIRECTION('',(1.,0.,-0.));
#12350=AXIS2_PLACEMENT_3D('',#12347,#12348,#12349);
#12351=CYLINDRICAL_SURFACE('',#12350,1.45);
#12352=CARTESIAN_POINT('',(25.527295979,-136.95861786,4.561697185));
#12353=DIRECTION('',(-0.,-0.,-1.));
#12354=VECTOR('',#12353,3.);
#12355=LINE('',#12352,#12354);
#12356=EDGE_CURVE('',#33,#3132,#12355,.T.);
#12357=ORIENTED_EDGE('',*,*,#12356,.F.);
#12358=ORIENTED_EDGE('',*,*,#39,.T.);
#12359=ORIENTED_EDGE('',*,*,#12356,.T.);
#12360=ORIENTED_EDGE('',*,*,#3138,.F.);
#12361=EDGE_LOOP('',(#12357,#12358,#12359,#12360));
#12362=FACE_BOUND('',#12361,.T.);
#12363=ADVANCED_FACE('',(#12362),#12351,.F.);
#12364=CARTESIAN_POINT('',(29.552378153,-139.382566515,1.561697185));
#12365=DIRECTION('',(-1.,0.,0.));
#12366=DIRECTION('',(0.,0.,1.));
#12367=AXIS2_PLACEMENT_3D('',#12364,#12365,#12366);
#12368=CYLINDRICAL_SURFACE('',#12367,3.);
#12369=ORIENTED_EDGE('',*,*,#4685,.T.);
#12370=CARTESIAN_POINT('',(430.682378153,-139.382566515,1.561697185));
#12371=DIRECTION('',(-1.,0.,0.));
#12372=DIRECTION('',(0.,0.,1.));
#12373=AXIS2_PLACEMENT_3D('',#12370,#12371,#12372);
#12374=CIRCLE('',#12373,3.);
#12375=EDGE_CURVE('',#4671,#748,#12374,.T.);
#12376=ORIENTED_EDGE('',*,*,#12375,.T.);
#12377=ORIENTED_EDGE('',*,*,#753,.F.);
#12378=CARTESIAN_POINT('',(19.020225101,-139.382566515,1.561697185));
#12379=DIRECTION('',(1.,-0.,-0.));
#12380=DIRECTION('',(0.,0.,1.));
#12381=AXIS2_PLACEMENT_3D('',#12378,#12379,#12380);
#12382=CIRCLE('',#12381,3.);
#12383=EDGE_CURVE('',#746,#4680,#12382,.T.);
#12384=ORIENTED_EDGE('',*,*,#12383,.T.);
#12385=EDGE_LOOP('',(#12369,#12376,#12377,#12384));
#12386=FACE_BOUND('',#12385,.T.);
#12387=ADVANCED_FACE('',(#12386),#12368,.T.);
#12388=CARTESIAN_POINT('',(19.020225101,-139.382566515,1.561697185));
#12389=DIRECTION('',(-0.999993849,0.003507523,0.));
#12390=DIRECTION('',(-0.003507523,-0.999993849,0.));
#12391=AXIS2_PLACEMENT_3D('',#12388,#12389,#12390);
#12392=SPHERICAL_SURFACE('',#12391,3.);
#12393=ORIENTED_EDGE('',*,*,#4694,.F.);
#12394=ORIENTED_EDGE('',*,*,#12383,.F.);
#12395=CARTESIAN_POINT('',(19.020225101,-139.382566515,1.561697185));
#12396=DIRECTION('',(0.003507523,0.999993849,0.));
#12397=DIRECTION('',(-0.999993849,0.003507523,0.));
#12398=AXIS2_PLACEMENT_3D('',#12395,#12396,#12397);
#12399=CIRCLE('',#12398,3.);
#12400=EDGE_CURVE('',#4688,#746,#12399,.T.);
#12401=ORIENTED_EDGE('',*,*,#12400,.F.);
#12402=EDGE_LOOP('',(#12393,#12394,#12401));
#12403=FACE_BOUND('',#12402,.T.);
#12404=ADVANCED_FACE('',(#12403),#12392,.T.);
#12405=CARTESIAN_POINT('',(19.307439167,-57.497920956,1.561697185));
#12406=DIRECTION('',(0.003507523,0.999993849,0.));
#12407=DIRECTION('',(-0.999993849,0.003507523,0.));
#12408=AXIS2_PLACEMENT_3D('',#12405,#12406,#12407);
#12409=CYLINDRICAL_SURFACE('',#12408,3.);
#12410=ORIENTED_EDGE('',*,*,#775,.F.);
#12411=CARTESIAN_POINT('',(19.636620225,36.351501737,1.561697185));
#12412=DIRECTION('',(-0.003507523,-0.999993849,-0.));
#12413=DIRECTION('',(-0.999993849,0.003507523,0.));
#12414=AXIS2_PLACEMENT_3D('',#12411,#12412,#12413);
#12415=CIRCLE('',#12414,3.);
#12416=EDGE_CURVE('',#764,#4697,#12415,.T.);
#12417=ORIENTED_EDGE('',*,*,#12416,.T.);
#12418=ORIENTED_EDGE('',*,*,#4702,.F.);
#12419=ORIENTED_EDGE('',*,*,#12400,.T.);
#12420=EDGE_LOOP('',(#12410,#12417,#12418,#12419));
#12421=FACE_BOUND('',#12420,.T.);
#12422=ADVANCED_FACE('',(#12421),#12409,.T.);
#12423=CARTESIAN_POINT('',(19.636620225,36.351501737,1.561697185));
#12424=DIRECTION('',(-0.003507523,-0.999993849,0.));
#12425=DIRECTION('',(0.999993849,-0.003507523,0.));
#12426=AXIS2_PLACEMENT_3D('',#12423,#12424,#12425);
#12427=SPHERICAL_SURFACE('',#12426,3.);
#12428=ORIENTED_EDGE('',*,*,#4711,.F.);
#12429=ORIENTED_EDGE('',*,*,#12416,.F.);
#12430=CARTESIAN_POINT('',(19.636620225,36.351501737,1.561697185));
#12431=DIRECTION('',(0.999993849,-0.003507523,-0.));
#12432=DIRECTION('',(0.003507523,0.999993849,0.));
#12433=AXIS2_PLACEMENT_3D('',#12430,#12431,#12432);
#12434=CIRCLE('',#12433,3.);
#12435=EDGE_CURVE('',#4705,#764,#12434,.T.);
#12436=ORIENTED_EDGE('',*,*,#12435,.F.);
#12437=EDGE_LOOP('',(#12428,#12429,#12436));
#12438=FACE_BOUND('',#12437,.T.);
#12439=ADVANCED_FACE('',(#12438),#12427,.T.);
#12440=CARTESIAN_POINT('',(30.618130045,36.312983599,1.561697185));
#12441=DIRECTION('',(0.999993849,-0.003507523,0.));
#12442=DIRECTION('',(0.003507523,0.999993849,0.));
#12443=AXIS2_PLACEMENT_3D('',#12440,#12441,#12442);
#12444=CYLINDRICAL_SURFACE('',#12443,3.);
#12445=ORIENTED_EDGE('',*,*,#769,.F.);
#12446=CARTESIAN_POINT('',(430.682378153,34.90974031,1.561697185));
#12447=DIRECTION('',(-0.999993849,0.003507523,-0.));
#12448=DIRECTION('',(0.003507523,0.999993849,0.));
#12449=AXIS2_PLACEMENT_3D('',#12446,#12447,#12448);
#12450=CIRCLE('',#12449,3.);
#12451=EDGE_CURVE('',#756,#4714,#12450,.T.);
#12452=ORIENTED_EDGE('',*,*,#12451,.T.);
#12453=ORIENTED_EDGE('',*,*,#4719,.T.);
#12454=ORIENTED_EDGE('',*,*,#12435,.T.);
#12455=EDGE_LOOP('',(#12445,#12452,#12453,#12454));
#12456=FACE_BOUND('',#12455,.T.);
#12457=ADVANCED_FACE('',(#12456),#12444,.T.);
#12458=CARTESIAN_POINT('',(430.682378153,34.90974031,1.561697185));
#12459=DIRECTION('',(-1.,0.,0.));
#12460=DIRECTION('',(0.,0.,1.));
#12461=AXIS2_PLACEMENT_3D('',#12458,#12459,#12460);
#12462=SPHERICAL_SURFACE('',#12461,3.);
#12463=ORIENTED_EDGE('',*,*,#4726,.F.);
#12464=ORIENTED_EDGE('',*,*,#12451,.F.);
#12465=CARTESIAN_POINT('',(430.682378153,34.90974031,1.561697185));
#12466=DIRECTION('',(0.,-1.,-0.));
#12467=DIRECTION('',(0.,0.,-1.));
#12468=AXIS2_PLACEMENT_3D('',#12465,#12466,#12467);
#12469=CIRCLE('',#12468,3.);
#12470=EDGE_CURVE('',#4663,#756,#12469,.T.);
#12471=ORIENTED_EDGE('',*,*,#12470,.F.);
#12472=EDGE_LOOP('',(#12463,#12464,#12471));
#12473=FACE_BOUND('',#12472,.T.);
#12474=ADVANCED_FACE('',(#12473),#12462,.T.);
#12475=CARTESIAN_POINT('',(430.682378153,-267.532566515,1.561697185));
#12476=DIRECTION('',(0.,-1.,0.));
#12477=DIRECTION('',(0.,0.,-1.));
#12478=AXIS2_PLACEMENT_3D('',#12475,#12476,#12477);
#12479=CYLINDRICAL_SURFACE('',#12478,3.);
#12480=ORIENTED_EDGE('',*,*,#12470,.T.);
#12481=ORIENTED_EDGE('',*,*,#761,.F.);
#12482=CARTESIAN_POINT('',(430.682378153,-139.382566515,1.561697185));
#12483=DIRECTION('',(0.,-1.,0.));
#12484=DIRECTION('',(0.,0.,-1.));
#12485=AXIS2_PLACEMENT_3D('',#12482,#12483,#12484);
#12486=CIRCLE('',#12485,3.);
#12487=EDGE_CURVE('',#4661,#748,#12486,.T.);
#12488=ORIENTED_EDGE('',*,*,#12487,.F.);
#12489=ORIENTED_EDGE('',*,*,#4668,.T.);
#12490=EDGE_LOOP('',(#12480,#12481,#12488,#12489));
#12491=FACE_BOUND('',#12490,.T.);
#12492=ADVANCED_FACE('',(#12491),#12479,.T.);
#12493=CARTESIAN_POINT('',(430.682378153,-139.382566515,1.561697185));
#12494=DIRECTION('',(-1.,0.,0.));
#12495=DIRECTION('',(0.,0.,1.));
#12496=AXIS2_PLACEMENT_3D('',#12493,#12494,#12495);
#12497=SPHERICAL_SURFACE('',#12496,3.);
#12498=ORIENTED_EDGE('',*,*,#12487,.T.);
#12499=ORIENTED_EDGE('',*,*,#12375,.F.);
#12500=ORIENTED_EDGE('',*,*,#4677,.F.);
#12501=EDGE_LOOP('',(#12498,#12499,#12500));
#12502=FACE_BOUND('',#12501,.T.);
#12503=ADVANCED_FACE('',(#12502),#12497,.T.);
#12504=CLOSED_SHELL('',(#3125,#6260,#6282,#6299,#6316,#6328,#6350,#6367,#6384,#6396,#6418,#6435,#6452,#6464,#6486,#6503,#6520,#6532,#6554,#6571,#6588,#6600,#6622,#6639,#6656,#6668,
#6690,#6707,#6724,#6736,#6758,#6775,#6792,#6804,#6826,#6843,#6860,#6872,#6894,#6911,#6928,#6940,#6962,#6979,#6996,#7008,#7030,#7047,#7064,#7076,#7098,
#7115,#7132,#7144,#7166,#7183,#7200,#7212,#7234,#7251,#7268,#7280,#7302,#7319,#7336,#7348,#7370,#7387,#7404,#7416,#7438,#7455,#7472,#7484,#7506,#7523,
#7540,#7552,#7574,#7591,#7608,#7620,#7642,#7659,#7676,#7688,#7710,#7727,#7744,#7756,#7778,#7795,#7812,#7824,#7846,#7863,#7880,#7892,#7914,#7931,#7948,
#7960,#7982,#7999,#8016,#8028,#8050,#8067,#8084,#8096,#8118,#8135,#8152,#8164,#8186,#8203,#8220,#8232,#8254,#8271,#8288,#8300,#8322,#8339,#8356,#8368,
#8390,#8407,#8424,#8436,#8458,#8475,#8492,#8504,#8526,#8543,#8560,#8572,#8594,#8611,#8628,#8640,#8662,#8679,#8696,#8708,#8730,#8747,#8764,#8776,#8798,
#8815,#8832,#8844,#8866,#8883,#8900,#8912,#8934,#8951,#8968,#8980,#9002,#9019,#9036,#9048,#9070,#9087,#9104,#9116,#9138,#9155,#9172,#9184,#9206,#9223,
#9240,#9252,#9274,#9291,#9308,#9320,#9342,#9359,#9376,#9388,#9410,#9427,#9444,#9456,#9478,#9495,#9512,#9524,#9546,#9563,#9580,#9592,#9614,#9631,#9648,
#9660,#9682,#9699,#9716,#9728,#9750,#9767,#9784,#9796,#9818,#9835,#9852,#9864,#9886,#9903,#9920,#9932,#9954,#9971,#9988,#10000,#10022,#10039,#10056,#10068,
#10090,#10107,#10124,#10136,#10158,#10175,#10192,#10204,#10226,#10243,#10260,#10272,#10294,#10311,#10328,#10340,#10362,#10379,#10396,#10408,#10430,#10447,#10464,#10476,#10498,
#10515,#10532,#10544,#10566,#10583,#10600,#10612,#10634,#10651,#10668,#10680,#10702,#10719,#10736,#10748,#10770,#10787,#10804,#10816,#10838,#10855,#10872,#10884,#10906,#10923,
#10940,#10952,#10974,#10991,#11008,#11020,#11042,#11059,#11076,#11088,#11110,#11127,#11144,#11156,#11178,#11195,#11212,#11224,#11246,#11263,#11280,#11292,#11314,#11331,#11348,
#11360,#11382,#11399,#11416,#11428,#11450,#11467,#11484,#11496,#11518,#11535,#11552,#11564,#11586,#11603,#11620,#11632,#11654,#11671,#11688,#11700,#11722,#11739,#11756,#11768,
#11790,#11807,#11824,#11836,#11858,#11875,#11892,#11904,#11926,#11943,#11960,#11972,#11994,#12011,#12028,#12040,#12062,#12079,#12096,#12108,#12130,#12147,#12164,#12176,#12198,
#12215,#12232,#12244,#12266,#12283,#12300,#12312,#12329,#12346,#12363,#12387,#12404,#12422,#12439,#12457,#12474,#12492,#12503));
#12505=MANIFOLD_SOLID_BREP('Body 484',#12504);
#12506=COLOUR_RGB('',0.627451003,0.627451003,0.643137276);
#12507=FILL_AREA_STYLE_COLOUR('',#12506);
#12508=FILL_AREA_STYLE('',(#12507));
#12509=SURFACE_STYLE_FILL_AREA(#12508);
#12510=SURFACE_SIDE_STYLE('',(#12509));
#12511=SURFACE_STYLE_USAGE(.BOTH.,#12510);
#12512=PRESENTATION_STYLE_ASSIGNMENT((#12511));
#26=STYLED_ITEM('',(#12512),#12505);
#12514=CARTESIAN_POINT('',(225.,-270.64378376,33.));
#12515=DIRECTION('',(0.,-1.,0.));
#12516=DIRECTION('',(1.,0.,0.));
#12517=AXIS2_PLACEMENT_3D('',#12514,#12515,#12516);
#12518=PLANE('',#12517);
#12519=CARTESIAN_POINT('',(419.3,-270.64378376,20.));
#12520=VERTEX_POINT('',#12519);
#12521=CARTESIAN_POINT('',(30.7,-270.64378376,20.));
#12522=VERTEX_POINT('',#12521);
#12523=CARTESIAN_POINT('',(419.3,-270.64378376,20.));
#12524=DIRECTION('',(-1.,-0.,0.));
#12525=VECTOR('',#12524,388.6);
#12526=LINE('',#12523,#12525);
#12527=EDGE_CURVE('',#12520,#12522,#12526,.T.);
#12528=ORIENTED_EDGE('',*,*,#12527,.F.);
#12529=CARTESIAN_POINT('',(419.3,-270.64378376,30.));
#12530=VERTEX_POINT('',#12529);
#12531=CARTESIAN_POINT('',(419.3,-270.64378376,30.));
#12532=DIRECTION('',(0.,0.,-1.));
#12533=VECTOR('',#12532,10.);
#12534=LINE('',#12531,#12533);
#12535=EDGE_CURVE('',#12530,#12520,#12534,.T.);
#12536=ORIENTED_EDGE('',*,*,#12535,.F.);
#12537=CARTESIAN_POINT('',(30.7,-270.64378376,30.));
#12538=VERTEX_POINT('',#12537);
#12539=CARTESIAN_POINT('',(419.3,-270.64378376,30.));
#12540=DIRECTION('',(-1.,-0.,-0.));
#12541=VECTOR('',#12540,388.6);
#12542=LINE('',#12539,#12541);
#12543=EDGE_CURVE('',#12530,#12538,#12542,.T.);
#12544=ORIENTED_EDGE('',*,*,#12543,.T.);
#12545=CARTESIAN_POINT('',(30.7,-270.64378376,30.));
#12546=DIRECTION('',(0.,0.,-1.));
#12547=VECTOR('',#12546,10.);
#12548=LINE('',#12545,#12547);
#12549=EDGE_CURVE('',#12538,#12522,#12548,.T.);
#12550=ORIENTED_EDGE('',*,*,#12549,.T.);
#12551=EDGE_LOOP('',(#12528,#12536,#12544,#12550));
#12552=FACE_BOUND('',#12551,.T.);
#12553=CARTESIAN_POINT('',(401.031673331,-270.64378376,23.138792527));
#12554=VERTEX_POINT('',#12553);
#12555=CARTESIAN_POINT('',(390.170802794,-270.64378376,23.138792527));
#12556=VERTEX_POINT('',#12555);
#12557=CARTESIAN_POINT('',(401.031673331,-270.64378376,23.138792527));
#12558=DIRECTION('',(-1.,-0.,0.));
#12559=VECTOR('',#12558,10.860870537);
#12560=LINE('',#12557,#12559);
#12561=EDGE_CURVE('',#12554,#12556,#12560,.T.);
#12562=ORIENTED_EDGE('',*,*,#12561,.T.);
#12563=CARTESIAN_POINT('',(390.170802794,-270.64378376,27.725994298));
#12564=VERTEX_POINT('',#12563);
#12565=CARTESIAN_POINT('',(390.170802794,-270.64378376,23.138792527));
#12566=DIRECTION('',(0.,0.,1.));
#12567=VECTOR('',#12566,4.58720177);
#12568=LINE('',#12565,#12567);
#12569=EDGE_CURVE('',#12556,#12564,#12568,.T.);
#12570=ORIENTED_EDGE('',*,*,#12569,.T.);
#12571=CARTESIAN_POINT('',(401.031673331,-270.64378376,27.725994298));
#12572=VERTEX_POINT('',#12571);
#12573=CARTESIAN_POINT('',(390.170802794,-270.64378376,27.725994298));
#12574=DIRECTION('',(1.,0.,0.));
#12575=VECTOR('',#12574,10.860870537);
#12576=LINE('',#12573,#12575);
#12577=EDGE_CURVE('',#12564,#12572,#12576,.T.);
#12578=ORIENTED_EDGE('',*,*,#12577,.T.);
#12579=CARTESIAN_POINT('',(401.031673331,-270.64378376,27.725994298));
#12580=DIRECTION('',(0.,0.,-1.));
#12581=VECTOR('',#12580,4.58720177);
#12582=LINE('',#12579,#12581);
#12583=EDGE_CURVE('',#12572,#12554,#12582,.T.);
#12584=ORIENTED_EDGE('',*,*,#12583,.T.);
#12585=EDGE_LOOP('',(#12562,#12570,#12578,#12584));
#12586=FACE_BOUND('',#12585,.T.);
#12587=ADVANCED_FACE('',(#12552,#12586),#12518,.T.);
#12588=CARTESIAN_POINT('',(225.,-239.9,33.));
#12589=DIRECTION('',(-0.,1.,0.));
#12590=DIRECTION('',(-1.,-0.,0.));
#12591=AXIS2_PLACEMENT_3D('',#12588,#12589,#12590);
#12592=PLANE('',#12591);
#12593=CARTESIAN_POINT('',(17.,-239.9,25.999998978));
#12594=VERTEX_POINT('',#12593);
#12595=CARTESIAN_POINT('',(390.170802794,-239.9,26.101837612));
#12596=VERTEX_POINT('',#12595);
#12597=CARTESIAN_POINT('',(17.,-239.9,26.000002725));
#12598=CARTESIAN_POINT('',(79.195010689,-239.9,26.00000048));
#12599=CARTESIAN_POINT('',(141.390021378,-239.9,25.999984293));
#12600=CARTESIAN_POINT('',(203.585032067,-239.9,26.000012599));
#12601=CARTESIAN_POINT('',(234.682537411,-239.9,26.000026752));
#12602=CARTESIAN_POINT('',(265.780042763,-239.9,25.99984638));
#12603=CARTESIAN_POINT('',(296.877548083,-239.9,26.000345037));
#12604=CARTESIAN_POINT('',(312.426300744,-239.9,26.000594366));
#12605=CARTESIAN_POINT('',(327.975053436,-239.9,26.000158272));
#12606=CARTESIAN_POINT('',(343.523806,-239.9,26.002423522));
#12607=CARTESIAN_POINT('',(351.298182282,-239.9,26.003556147));
#12608=CARTESIAN_POINT('',(359.072543072,-239.9,26.005209156));
#12609=CARTESIAN_POINT('',(366.846952111,-239.9,26.01249072));
#12610=CARTESIAN_POINT('',(370.734156631,-239.9,26.016131502));
#12611=CARTESIAN_POINT('',(374.621364826,-239.9,26.020170182));
#12612=CARTESIAN_POINT('',(378.50864709,-239.9,26.032226921));
#12613=CARTESIAN_POINT('',(382.395929354,-239.9,26.04428366));
#12614=CARTESIAN_POINT('',(386.283279082,-239.9,26.063643621));
#12615=CARTESIAN_POINT('',(390.170802781,-239.9,26.101836218));
#12616=B_SPLINE_CURVE_WITH_KNOTS('',3,(#12597,#12598,#12599,#12600,#12601,#12602,#12603,#12604,#12605,#12606,#12607,#12608,#12609,#12610,#12611,#12612,#12613,#12614,#12615),.UNSPECIFIED.,.F.,.F.,(4,3,3,3,3,3,4),(0.582688313,0.769273345,0.862565861,0.909212119,0.932535248,0.944196813,0.955858377),.UNSPECIFIED.);
#12617=EDGE_CURVE('',#12594,#12596,#12616,.T.);
#12618=ORIENTED_EDGE('',*,*,#12617,.T.);
#12619=CARTESIAN_POINT('',(390.170802794,-239.9,23.138792527));
#12620=VERTEX_POINT('',#12619);
#12621=CARTESIAN_POINT('',(390.170802794,-239.9,26.101837612));
#12622=DIRECTION('',(0.,0.,-1.));
#12623=VECTOR('',#12622,2.963045085);
#12624=LINE('',#12621,#12623);
#12625=EDGE_CURVE('',#12596,#12620,#12624,.T.);
#12626=ORIENTED_EDGE('',*,*,#12625,.T.);
#12627=CARTESIAN_POINT('',(401.031673331,-239.9,23.138792527));
#12628=VERTEX_POINT('',#12627);
#12629=CARTESIAN_POINT('',(390.170802794,-239.9,23.138792527));
#12630=DIRECTION('',(1.,0.,0.));
#12631=VECTOR('',#12630,10.860870537);
#12632=LINE('',#12629,#12631);
#12633=EDGE_CURVE('',#12620,#12628,#12632,.T.);
#12634=ORIENTED_EDGE('',*,*,#12633,.T.);
#12635=CARTESIAN_POINT('',(401.031673331,-239.9,26.275506796));
#12636=VERTEX_POINT('',#12635);
#12637=CARTESIAN_POINT('',(401.031673331,-239.9,23.138792527));
#12638=DIRECTION('',(0.,0.,1.));
#12639=VECTOR('',#12638,3.136714269);
#12640=LINE('',#12637,#12639);
#12641=EDGE_CURVE('',#12628,#12636,#12640,.T.);
#12642=ORIENTED_EDGE('',*,*,#12641,.T.);
#12643=CARTESIAN_POINT('',(435.,-239.9,26.211421835));
#12644=VERTEX_POINT('',#12643);
#12645=CARTESIAN_POINT('',(401.031673331,-239.9,26.275506796));
#12646=CARTESIAN_POINT('',(403.863022513,-239.9,26.341103144));
#12647=CARTESIAN_POINT('',(406.694554903,-239.9,26.426532198));
#12648=CARTESIAN_POINT('',(409.526132032,-239.9,26.516804373));
#12649=CARTESIAN_POINT('',(412.357709161,-239.9,26.607076548));
#12650=CARTESIAN_POINT('',(415.18932602,-239.9,26.701649496));
#12651=CARTESIAN_POINT('',(418.020428326,-239.9,26.74052107));
#12652=CARTESIAN_POINT('',(419.435979479,-239.9,26.759956858));
#12653=CARTESIAN_POINT('',(420.851400648,-239.9,26.765321654));
#12654=CARTESIAN_POINT('',(422.266637732,-239.9,26.750758732));
#12655=CARTESIAN_POINT('',(423.681874815,-239.9,26.73619581));
#12656=CARTESIAN_POINT('',(425.096916108,-239.9,26.700438256));
#12657=CARTESIAN_POINT('',(426.511791086,-239.9,26.646676677));
#12658=CARTESIAN_POINT('',(427.926666064,-239.9,26.592915097));
#12659=CARTESIAN_POINT('',(429.341378116,-239.9,26.521516445));
#12660=CARTESIAN_POINT('',(430.756048694,-239.9,26.445628178));
#12661=CARTESIAN_POINT('',(431.463383983,-239.9,26.407684044));
#12662=CARTESIAN_POINT('',(432.17071205,-239.9,26.368958122));
#12663=CARTESIAN_POINT('',(432.878040589,-239.9,26.330283175));
#12664=CARTESIAN_POINT('',(433.585369127,-239.9,26.291608229));
#12665=CARTESIAN_POINT('',(434.292692861,-239.9,26.252413254));
#12666=CARTESIAN_POINT('',(435.,-239.9,26.211421826));
#12667=B_SPLINE_CURVE_WITH_KNOTS('',3,(#12645,#12646,#12647,#12648,#12649,#12650,#12651,#12652,#12653,#12654,#12655,#12656,#12657,#12658,#12659,#12660,#12661,#12662,#12663,#12664,#12665,#12666),.UNSPECIFIED.,.F.,.F.,(4,3,3,3,3,3,3,4),(0.966717692,0.975209959,0.983702226,0.98794836,0.992194494,0.996440628,0.998563694,1.000686761),.UNSPECIFIED.);
#12668=EDGE_CURVE('',#12636,#12644,#12667,.T.);
#12669=ORIENTED_EDGE('',*,*,#12668,.T.);
#12670=CARTESIAN_POINT('',(435.,-239.9,0.));
#12671=VERTEX_POINT('',#12670);
#12672=CARTESIAN_POINT('',(435.,-239.9,26.211421835));
#12673=DIRECTION('',(0.,0.,-1.));
#12674=VECTOR('',#12673,26.211421835);
#12675=LINE('',#12672,#12674);
#12676=EDGE_CURVE('',#12644,#12671,#12675,.T.);
#12677=ORIENTED_EDGE('',*,*,#12676,.T.);
#12678=CARTESIAN_POINT('',(17.,-239.9,0.));
#12679=VERTEX_POINT('',#12678);
#12680=CARTESIAN_POINT('',(17.,-239.9,0.));
#12681=DIRECTION('',(1.,0.,0.));
#12682=VECTOR('',#12681,418.);
#12683=LINE('',#12680,#12682);
#12684=EDGE_CURVE('',#12679,#12671,#12683,.T.);
#12685=ORIENTED_EDGE('',*,*,#12684,.F.);
#12686=CARTESIAN_POINT('',(17.,-239.9,-0.));
#12687=DIRECTION('',(-0.,-0.,1.));
#12688=VECTOR('',#12687,25.999998978);
#12689=LINE('',#12686,#12688);
#12690=EDGE_CURVE('',#12679,#12594,#12689,.T.);
#12691=ORIENTED_EDGE('',*,*,#12690,.T.);
#12692=EDGE_LOOP('',(#12618,#12626,#12634,#12642,#12669,#12677,#12685,#12691));
#12693=FACE_BOUND('',#12692,.T.);
#12694=ADVANCED_FACE('',(#12693),#12592,.T.);
#12695=CARTESIAN_POINT('',(17.000000462,-243.899996503,29.999998978));
#12696=CARTESIAN_POINT('',(17.000000462,-243.638197417,29.999998749));
#12697=CARTESIAN_POINT('',(17.000000459,-243.376404827,29.974214229));
#12698=CARTESIAN_POINT('',(17.000000447,-242.862867513,29.87206496));
#12699=CARTESIAN_POINT('',(17.000000438,-242.611135488,29.795702738));
#12700=CARTESIAN_POINT('',(17.000000415,-242.127393938,29.595330188));
#12701=CARTESIAN_POINT('',(17.000000401,-241.895396375,29.471324816));
#12702=CARTESIAN_POINT('',(17.000000367,-241.460040463,29.180429172));
#12703=CARTESIAN_POINT('',(17.000000348,-241.256692878,29.013546095));
#12704=CARTESIAN_POINT('',(17.000000305,-240.886453049,28.643306288));
#12705=CARTESIAN_POINT('',(17.000000282,-240.719569959,28.439958714));
#12706=CARTESIAN_POINT('',(17.000000231,-240.428674288,28.00460282));
#12707=CARTESIAN_POINT('',(17.000000205,-240.304668901,27.772605265));
#12708=CARTESIAN_POINT('',(17.000000149,-240.104296321,27.288863728));
#12709=CARTESIAN_POINT('',(17.00000012,-240.027934083,27.037131707));
#12710=CARTESIAN_POINT('',(17.00000006,-239.925784782,26.5235944));
#12711=CARTESIAN_POINT('',(17.00000003,-239.900000245,26.261801811));
#12712=CARTESIAN_POINT('',(17.,-239.9,26.000002725));
#12713=CARTESIAN_POINT('',(100.393799415,-243.900000204,29.999995968));
#12714=CARTESIAN_POINT('',(100.393799415,-243.638200963,29.999995981));
#12715=CARTESIAN_POINT('',(100.393799421,-243.376408195,29.974211672));
#12716=CARTESIAN_POINT('',(100.393799444,-242.862870497,29.872062759));
#12717=CARTESIAN_POINT('',(100.393799462,-242.611138264,29.795700681));
#12718=CARTESIAN_POINT('',(100.393799507,-242.12739629,29.595328349));
#12719=CARTESIAN_POINT('',(100.393799536,-241.89539851,29.47132305));
#12720=CARTESIAN_POINT('',(100.393799602,-241.460042174,29.180427487));
#12721=CARTESIAN_POINT('',(100.39379964,-241.256694381,29.013544416));
#12722=CARTESIAN_POINT('',(100.393799724,-240.886454163,28.643304563));
#12723=CARTESIAN_POINT('',(100.39379977,-240.719570891,28.439956936));
#12724=CARTESIAN_POINT('',(100.393799869,-240.428674898,28.004600886));
#12725=CARTESIAN_POINT('',(100.393799922,-240.30466937,27.772603229));
#12726=CARTESIAN_POINT('',(100.393800032,-240.10429656,27.288861453));
#12727=CARTESIAN_POINT('',(100.393800089,-240.027934233,27.037129296));
#12728=CARTESIAN_POINT('',(100.393800206,-239.925784813,26.523591698));
#12729=CARTESIAN_POINT('',(100.393800265,-239.900000245,26.261798955));
#12730=CARTESIAN_POINT('',(100.393800325,-239.9,25.999999715));
#12731=CARTESIAN_POINT('',(183.787693046,-243.900363587,29.999674659));
#12732=CARTESIAN_POINT('',(183.787693046,-243.63854905,29.999698455));
#12733=CARTESIAN_POINT('',(183.787692451,-243.376738644,29.973934906));
#12734=CARTESIAN_POINT('',(183.787690091,-242.863162831,29.871820784));
#12735=CARTESIAN_POINT('',(183.787688327,-242.611410125,29.795472738));
#12736=CARTESIAN_POINT('',(183.7876837,-242.127626281,29.595121544));
#12737=CARTESIAN_POINT('',(183.787680836,-241.895607107,29.471123351));
#12738=CARTESIAN_POINT('',(183.787674117,-241.460208917,29.180235357));
#12739=CARTESIAN_POINT('',(183.787670263,-241.25684067,29.013352749));
#12740=CARTESIAN_POINT('',(183.787661712,-240.886562174,28.643107906));
#12741=CARTESIAN_POINT('',(183.787657016,-240.719661083,28.439754828));
#12742=CARTESIAN_POINT('',(183.787646962,-240.428733516,28.00438308));
#12743=CARTESIAN_POINT('',(183.787641604,-240.304714236,27.772375178));
#12744=CARTESIAN_POINT('',(183.787630432,-240.104319072,27.288609546));
#12745=CARTESIAN_POINT('',(183.787624618,-240.027948145,27.036863782));
#12746=CARTESIAN_POINT('',(183.787612758,-239.925787345,26.523297254));
#12747=CARTESIAN_POINT('',(183.787606712,-239.9,26.261489192));
#12748=CARTESIAN_POINT('',(183.787600666,-239.9,25.999674655));
#12749=CARTESIAN_POINT('',(288.029806037,-243.899863824,30.000131561));
#12750=CARTESIAN_POINT('',(288.029806037,-243.638070111,30.000122649));
#12751=CARTESIAN_POINT('',(288.029806328,-243.376283748,29.974330506));
#12752=CARTESIAN_POINT('',(288.029807477,-242.862759948,29.872168369));
#12753=CARTESIAN_POINT('',(288.029808337,-242.611035209,29.7958009));
#12754=CARTESIAN_POINT('',(288.029810591,-242.127308618,29.595420315));
#12755=CARTESIAN_POINT('',(288.029811987,-241.895318725,29.471412153));
#12756=CARTESIAN_POINT('',(288.02981526,-241.459977879,29.180513301));
#12757=CARTESIAN_POINT('',(288.029817138,-241.256637689,29.013629803));
#12758=CARTESIAN_POINT('',(288.029821304,-240.886411771,28.64339128));
#12759=CARTESIAN_POINT('',(288.029823592,-240.719535196,28.440045409));
#12760=CARTESIAN_POINT('',(288.029828491,-240.428651165,28.00469466));
#12761=CARTESIAN_POINT('',(288.029831102,-240.3046509,27.772700546));
#12762=CARTESIAN_POINT('',(288.029836545,-240.104286784,27.288967133));
#12763=CARTESIAN_POINT('',(288.029839378,-240.027927885,27.037239794));
#12764=CARTESIAN_POINT('',(288.029845156,-239.92578323,26.523712517));
#12765=CARTESIAN_POINT('',(288.029848102,-239.9,26.261925276));
#12766=CARTESIAN_POINT('',(288.029851048,-239.9,26.000131562));
#12767=CARTESIAN_POINT('',(308.87847007,-243.899917661,30.000056032));
#12768=CARTESIAN_POINT('',(308.878470063,-243.638121694,30.000050629));
#12769=CARTESIAN_POINT('',(308.878468967,-243.376332733,29.974261554));
#12770=CARTESIAN_POINT('',(308.878464643,-242.86280332,29.872104563));
#12771=CARTESIAN_POINT('',(308.878461413,-242.611075564,29.795739174));
#12772=CARTESIAN_POINT('',(308.878452944,-242.127342802,29.595361732));
#12773=CARTESIAN_POINT('',(308.878447705,-241.895349755,29.471354633));
#12774=CARTESIAN_POINT('',(308.878435417,-241.460002734,29.180456931));
#12775=CARTESIAN_POINT('',(308.878428368,-241.256659525,29.013573521));
#12776=CARTESIAN_POINT('',(308.878412733,-240.886427948,28.643334303));
#12777=CARTESIAN_POINT('',(308.878404146,-240.719548735,28.43998765));
#12778=CARTESIAN_POINT('',(308.878385764,-240.428660021,28.004634629));
#12779=CARTESIAN_POINT('',(308.878375969,-240.304657711,27.772639026));
#12780=CARTESIAN_POINT('',(308.878355545,-240.104290256,27.288902137));
#12781=CARTESIAN_POINT('',(308.878344917,-240.027930063,27.037172811));
#12782=CARTESIAN_POINT('',(308.878323237,-239.925783673,26.523641303));
#12783=CARTESIAN_POINT('',(308.878312185,-239.9,26.261851819));
#12784=CARTESIAN_POINT('',(308.878301133,-239.9,26.000055861));
#12785=CARTESIAN_POINT('',(334.938562736,-243.898513635,30.001403954));
#12786=CARTESIAN_POINT('',(334.938562742,-243.636776197,30.001306694));
#12787=CARTESIAN_POINT('',(334.938564688,-243.375054801,29.975437323));
#12788=CARTESIAN_POINT('',(334.938572383,-242.861671544,29.873145505));
#12789=CARTESIAN_POINT('',(334.938578132,-242.610022366,29.796725584));
#12790=CARTESIAN_POINT('',(334.938593213,-242.126450457,29.596265631));
#12791=CARTESIAN_POINT('',(334.938602545,-241.894539672,29.472230551));
#12792=CARTESIAN_POINT('',(334.938624432,-241.459353745,29.181302394));
#12793=CARTESIAN_POINT('',(334.938636988,-241.256089353,29.014416505));
#12794=CARTESIAN_POINT('',(334.938664841,-240.886005473,28.644195079));
#12795=CARTESIAN_POINT('',(334.938680138,-240.719195127,28.440868688));
#12796=CARTESIAN_POINT('',(334.938712887,-240.428428702,28.005574685));
#12797=CARTESIAN_POINT('',(334.938730338,-240.304479807,27.773617826));
#12798=CARTESIAN_POINT('',(334.938766725,-240.10419956,27.289971463));
#12799=CARTESIAN_POINT('',(334.938785659,-240.027873156,27.038293906));
#12800=CARTESIAN_POINT('',(334.938824286,-239.925772115,26.524872676));
#12801=CARTESIAN_POINT('',(334.938843977,-239.9,26.263141686));
#12802=CARTESIAN_POINT('',(334.938863669,-239.9,26.001404231));
#12803=CARTESIAN_POINT('',(340.150526808,-243.898034698,30.001857247));
#12804=CARTESIAN_POINT('',(340.15052682,-243.636317222,30.00172865));
#12805=CARTESIAN_POINT('',(340.150529726,-243.374618872,29.975831886));
#12806=CARTESIAN_POINT('',(340.150541218,-242.86128547,29.87349407));
#12807=CARTESIAN_POINT('',(340.150549804,-242.609663095,29.797055546));
#12808=CARTESIAN_POINT('',(340.150572324,-242.126146055,29.596567442));
#12809=CARTESIAN_POINT('',(340.150586258,-241.894263332,29.472522815));
#12810=CARTESIAN_POINT('',(340.150618941,-241.459132357,29.181584266));
#12811=CARTESIAN_POINT('',(340.150637689,-241.255894852,29.01469753));
#12812=CARTESIAN_POINT('',(340.15067928,-240.885861354,28.64448217));
#12813=CARTESIAN_POINT('',(340.150702121,-240.7190745,28.44116269));
#12814=CARTESIAN_POINT('',(340.150751022,-240.428349792,28.005888817));
#12815=CARTESIAN_POINT('',(340.150777079,-240.304419118,27.773945175));
#12816=CARTESIAN_POINT('',(340.150831412,-240.104168621,27.290329691));
#12817=CARTESIAN_POINT('',(340.150859685,-240.027853743,27.038669792));
#12818=CARTESIAN_POINT('',(340.150917362,-239.925768172,26.52528618));
#12819=CARTESIAN_POINT('',(340.150946764,-239.9,26.263575144));
#12820=CARTESIAN_POINT('',(340.150976168,-239.9,26.001857646));
#12821=CARTESIAN_POINT('',(350.574346467,-243.896209239,30.003555042));
#12822=CARTESIAN_POINT('',(350.574346517,-243.634567911,30.003307078));
#12823=CARTESIAN_POINT('',(350.57435207,-243.372957444,29.977305983));
#12824=CARTESIAN_POINT('',(350.574373969,-242.859814122,29.874792994));
#12825=CARTESIAN_POINT('',(350.574390314,-242.608293924,29.79828363));
#12826=CARTESIAN_POINT('',(350.574433172,-242.124986035,29.597688361));
#12827=CARTESIAN_POINT('',(350.574459683,-241.893210265,29.473607404));
#12828=CARTESIAN_POINT('',(350.574521853,-241.458288727,29.18262935));
#12829=CARTESIAN_POINT('',(350.574557512,-241.255153686,29.015739429));
#12830=CARTESIAN_POINT('',(350.57463661,-240.88531219,28.645547267));
#12831=CARTESIAN_POINT('',(350.574680047,-240.718614857,28.442254158));
#12832=CARTESIAN_POINT('',(350.574773035,-240.428049114,28.007057059));
#12833=CARTESIAN_POINT('',(350.574822584,-240.304187872,27.775163806));
#12834=CARTESIAN_POINT('',(350.574925894,-240.104050733,27.291666042));
#12835=CARTESIAN_POINT('',(350.574979652,-240.027779774,27.040073458));
#12836=CARTESIAN_POINT('',(350.575089317,-239.925753149,26.526833233));
#12837=CARTESIAN_POINT('',(350.575145221,-239.9,26.265198254));
#12838=CARTESIAN_POINT('',(350.575201127,-239.9,26.00355682));
#12839=CARTESIAN_POINT('',(355.785854702,-243.894867902,30.004795526));
#12840=CARTESIAN_POINT('',(355.785854772,-243.633282486,30.004459801));
#12841=CARTESIAN_POINT('',(355.785864207,-243.371736565,29.978381992));
#12842=CARTESIAN_POINT('',(355.785901447,-242.85873287,29.875740187));
#12843=CARTESIAN_POINT('',(355.78592925,-242.60728774,29.799178722));
#12844=CARTESIAN_POINT('',(355.786002159,-242.124133521,29.59850462));
#12845=CARTESIAN_POINT('',(355.786047263,-241.892436341,29.474396929));
#12846=CARTESIAN_POINT('',(355.786153042,-241.457668703,29.183389776));
#12847=CARTESIAN_POINT('',(355.786213714,-241.254608962,29.016497485));
#12848=CARTESIAN_POINT('',(355.786348302,-240.88490857,28.646322319));
#12849=CARTESIAN_POINT('',(355.786422214,-240.71827703,28.443048567));
#12850=CARTESIAN_POINT('',(355.786580443,-240.427828119,28.007907852));
#12851=CARTESIAN_POINT('',(355.786664756,-240.304017907,27.776051614));
#12852=CARTESIAN_POINT('',(355.786840552,-240.103964085,27.292640336));
#12853=CARTESIAN_POINT('',(355.78693203,-240.027725407,27.04109721));
#12854=CARTESIAN_POINT('',(355.787118642,-239.925742107,26.527962343));
#12855=CARTESIAN_POINT('',(355.787213773,-239.9,26.266383249));
#12856=CARTESIAN_POINT('',(355.787308905,-239.9,26.004797707));
#12857=CARTESIAN_POINT('',(363.602530577,-243.890123935,30.009584872));
#12858=CARTESIAN_POINT('',(363.602531041,-243.628736826,30.008939476));
#12859=CARTESIAN_POINT('',(363.602550506,-243.367419607,29.982591078));
#12860=CARTESIAN_POINT('',(363.602626693,-242.854910338,29.879495101));
#12861=CARTESIAN_POINT('',(363.602683414,-242.60373088,29.802750055));
#12862=CARTESIAN_POINT('',(363.602831941,-242.121120328,29.601798413));
#12863=CARTESIAN_POINT('',(363.602923744,-241.889701092,29.477596754));
#12864=CARTESIAN_POINT('',(363.60313892,-241.455477634,29.186487727));
#12865=CARTESIAN_POINT('',(363.603262288,-241.252684083,29.019587512));
#12866=CARTESIAN_POINT('',(363.60353587,-240.883482431,28.649473228));
#12867=CARTESIAN_POINT('',(363.603686077,-240.717083402,28.446268254));
#12868=CARTESIAN_POINT('',(363.604007584,-240.427047339,28.011327462));
#12869=CARTESIAN_POINT('',(363.604178875,-240.30341743,27.779602331));
#12870=CARTESIAN_POINT('',(363.604535987,-240.103657977,27.296497224));
#12871=CARTESIAN_POINT('',(363.6047218,-240.027533339,27.045129119));
#12872=CARTESIAN_POINT('',(363.605100836,-239.9257031,26.532367022));
#12873=CARTESIAN_POINT('',(363.605294051,-239.9,26.270985629));
#12874=CARTESIAN_POINT('',(363.605487271,-239.9,26.009597814));
#12875=CARTESIAN_POINT('',(366.207994015,-243.888087237,30.01166913));
#12876=CARTESIAN_POINT('',(366.207994677,-243.626785317,30.010890846));
#12877=CARTESIAN_POINT('',(366.208018186,-243.365566322,29.984426342));
#12878=CARTESIAN_POINT('',(366.208109999,-242.853269374,29.881135502));
#12879=CARTESIAN_POINT('',(366.208178302,-242.602203992,29.8043117));
#12880=CARTESIAN_POINT('',(366.208357089,-242.119826865,29.603241015));
#12881=CARTESIAN_POINT('',(366.20846757,-241.888526957,29.478999066));
#12882=CARTESIAN_POINT('',(366.208726486,-241.454537118,29.187846393));
#12883=CARTESIAN_POINT('',(366.208874914,-241.251857837,29.020942816));
#12884=CARTESIAN_POINT('',(366.209204044,-240.882870279,28.650854739));
#12885=CARTESIAN_POINT('',(366.209384737,-240.716571058,28.447679322));
#12886=CARTESIAN_POINT('',(366.209771479,-240.426712208,28.012824408));
#12887=CARTESIAN_POINT('',(366.209977518,-240.303159693,27.781155582));
#12888=CARTESIAN_POINT('',(366.210407062,-240.103526591,27.298181948));
#12889=CARTESIAN_POINT('',(366.210630557,-240.027450903,27.046888993));
#12890=CARTESIAN_POINT('',(366.211086457,-239.925686359,26.534286949));
#12891=CARTESIAN_POINT('',(366.211318851,-239.900000001,26.272990439));
#12892=CARTESIAN_POINT('',(366.21155125,-239.9,26.011687517));
#12893=CARTESIAN_POINT('',(371.418736737,-243.882753303,30.017194164));
#12894=CARTESIAN_POINT('',(371.418738101,-243.6216749,30.016068396));
#12895=CARTESIAN_POINT('',(371.418771234,-243.360713458,29.989300364));
#12896=CARTESIAN_POINT('',(371.418899776,-242.848973005,29.885500243));
#12897=CARTESIAN_POINT('',(371.418995181,-242.598206509,29.808470693));
#12898=CARTESIAN_POINT('',(371.419244622,-242.116440828,29.607089177));
#12899=CARTESIAN_POINT('',(371.419398652,-241.885453424,29.482742137));
#12900=CARTESIAN_POINT('',(371.419759459,-241.452075311,29.191475918));
#12901=CARTESIAN_POINT('',(371.419966226,-241.249695201,29.024563862));
#12902=CARTESIAN_POINT('',(371.420424606,-240.881268109,28.654544968));
#12903=CARTESIAN_POINT('',(371.420676208,-240.715230138,28.45144718));
#12904=CARTESIAN_POINT('',(371.42121464,-240.42583513,28.01681752));
#12905=CARTESIAN_POINT('',(371.421501458,-240.30248517,27.785296278));
#12906=CARTESIAN_POINT('',(371.422099362,-240.103182749,27.302667143));
#12907=CARTESIAN_POINT('',(371.422410434,-240.027235161,27.051571054));
#12908=CARTESIAN_POINT('',(371.423044955,-239.925642545,26.539388248));
#12909=CARTESIAN_POINT('',(371.423368389,-239.900000001,26.278314057));
#12910=CARTESIAN_POINT('',(371.423691831,-239.9,26.01723348));
#12911=CARTESIAN_POINT('',(374.023051806,-243.879579341,30.020522487));
#12912=CARTESIAN_POINT('',(374.023053718,-243.618633901,30.01918989));
#12913=CARTESIAN_POINT('',(374.023098679,-243.357825688,29.992241188));
#12914=CARTESIAN_POINT('',(374.023272983,-242.846416338,29.888137922));
#12915=CARTESIAN_POINT('',(374.023402321,-242.595827684,29.810985899));
#12916=CARTESIAN_POINT('',(374.023740442,-242.114425837,29.609419355));
#12917=CARTESIAN_POINT('',(374.023949216,-241.883624393,29.485009754));
#12918=CARTESIAN_POINT('',(374.024438233,-241.450610302,29.193675932));
#12919=CARTESIAN_POINT('',(374.024718463,-241.248408225,29.026758822));
#12920=CARTESIAN_POINT('',(374.025339686,-240.880314664,28.656781093));
#12921=CARTESIAN_POINT('',(374.025680663,-240.714432164,28.453729504));
#12922=CARTESIAN_POINT('',(374.026410351,-240.425313191,28.01923391));
#12923=CARTESIAN_POINT('',(374.026799044,-240.302083774,27.78780051));
#12924=CARTESIAN_POINT('',(374.027609311,-240.102978142,27.305376422));
#12925=CARTESIAN_POINT('',(374.028030866,-240.027106788,27.054397509));
#12926=CARTESIAN_POINT('',(374.028890746,-239.925616482,26.542464238));
#12927=CARTESIAN_POINT('',(374.02932905,-239.900000007,26.281522373));
#12928=CARTESIAN_POINT('',(374.029767366,-239.9,26.020574139));
#12929=CARTESIAN_POINT('',(379.228896204,-243.866985425,30.033319978));
#12930=CARTESIAN_POINT('',(379.228902909,-243.606570214,30.03117013));
#12931=CARTESIAN_POINT('',(379.228993081,-243.346371966,30.003508082));
#12932=CARTESIAN_POINT('',(379.229336937,-242.836279204,29.898208885));
#12933=CARTESIAN_POINT('',(379.229590612,-242.586397039,29.820574287));
#12934=CARTESIAN_POINT('',(379.230251831,-242.106439636,29.618279943));
#12935=CARTESIAN_POINT('',(379.230659358,-241.876376019,29.493625094));
#12936=CARTESIAN_POINT('',(379.231612782,-241.444805687,29.202028455));
#12937=CARTESIAN_POINT('',(379.232158656,-241.243309422,29.035093725));
#12938=CARTESIAN_POINT('',(379.233368012,-240.876537815,28.665283607));
#12939=CARTESIAN_POINT('',(379.234031465,-240.711271353,28.462417172));
#12940=CARTESIAN_POINT('',(379.23545074,-240.42324597,28.028456666));
#12941=CARTESIAN_POINT('',(379.236206529,-240.300494022,27.797373101));
#12942=CARTESIAN_POINT('',(379.237781725,-240.102167817,27.315764788));
#12943=CARTESIAN_POINT('',(379.238601095,-240.026598362,27.0652517));
#12944=CARTESIAN_POINT('',(379.240272283,-239.925513234,26.554310096));
#12945=CARTESIAN_POINT('',(379.24112406,-239.900000007,26.293893951));
#12946=CARTESIAN_POINT('',(379.241975857,-239.9,26.033471499));
#12947=CARTESIAN_POINT('',(381.83054736,-243.857556549,30.042812848));
#12948=CARTESIAN_POINT('',(381.830558096,-243.597538461,30.040051306));
#12949=CARTESIAN_POINT('',(381.830680682,-243.337796997,30.011855376));
#12950=CARTESIAN_POINT('',(381.83114491,-242.828690106,29.90566121));
#12951=CARTESIAN_POINT('',(381.83148654,-242.579336929,29.82766553));
#12952=CARTESIAN_POINT('',(381.832375893,-242.100461012,29.624826728));
#12953=CARTESIAN_POINT('',(381.832923594,-241.870949795,29.499988487));
#12954=CARTESIAN_POINT('',(381.834204299,-241.440460354,29.208195518));
#12955=CARTESIAN_POINT('',(381.834937272,-241.239492489,29.041247812));
#12956=CARTESIAN_POINT('',(381.836560697,-240.873710531,28.671563601));
#12957=CARTESIAN_POINT('',(381.83745111,-240.70890524,28.468835992));
#12958=CARTESIAN_POINT('',(381.839355609,-240.421698515,28.035276491));
#12959=CARTESIAN_POINT('',(381.84036965,-240.299303994,27.804455032));
#12960=CARTESIAN_POINT('',(381.842482905,-240.10156125,27.323457843));
#12961=CARTESIAN_POINT('',(381.843582069,-240.026217787,27.073293688));
#12962=CARTESIAN_POINT('',(381.845823834,-239.925435956,26.563094877));
#12963=CARTESIAN_POINT('',(381.846966383,-239.900000013,26.303072499));
#12964=CARTESIAN_POINT('',(381.848108958,-239.9,26.043043862));
#12965=CARTESIAN_POINT('',(387.031542023,-243.827163307,30.072607736));
#12966=CARTESIAN_POINT('',(387.031574743,-243.568440009,30.067893556));
#12967=CARTESIAN_POINT('',(387.031789849,-243.310181939,30.037996136));
#12968=CARTESIAN_POINT('',(387.03257677,-242.804268566,29.928954711));
#12969=CARTESIAN_POINT('',(387.033148566,-242.556625202,29.84981328));
#12970=CARTESIAN_POINT('',(387.034627393,-242.081239859,29.645253138));
#12971=CARTESIAN_POINT('',(387.035534389,-241.853509098,29.519839255));
#12972=CARTESIAN_POINT('',(387.037649543,-241.42650035,29.227440999));
#12973=CARTESIAN_POINT('',(387.038857652,-241.227232441,29.060463527));
#12974=CARTESIAN_POINT('',(387.041529641,-240.864632503,28.69120564));
#12975=CARTESIAN_POINT('',(387.042993459,-240.701309031,28.48893394));
#12976=CARTESIAN_POINT('',(387.046121863,-240.416731841,28.056680594));
#12977=CARTESIAN_POINT('',(387.047786377,-240.295484837,27.826709148));
#12978=CARTESIAN_POINT('',(387.051253625,-240.09961493,27.34768967));
#12979=CARTESIAN_POINT('',(387.053056279,-240.024996648,27.098652942));
#12980=CARTESIAN_POINT('',(387.056732065,-239.925188011,26.590852486));
#12981=CARTESIAN_POINT('',(387.058605111,-239.900000012,26.332100741));
#12982=CARTESIAN_POINT('',(387.060478201,-239.9,26.073342889));
#12983=CARTESIAN_POINT('',(389.630145332,-243.806832765,30.092527688));
#12984=CARTESIAN_POINT('',(389.630194728,-243.54897722,30.086509336));
#12985=CARTESIAN_POINT('',(389.63047358,-243.291712653,30.055475833));
#12986=CARTESIAN_POINT('',(389.631479774,-242.78793724,29.944533929));
#12987=CARTESIAN_POINT('',(389.632207094,-242.541438126,29.864628113));
#12988=CARTESIAN_POINT('',(389.634083024,-242.068388194,29.65892038));
#12989=CARTESIAN_POINT('',(389.63523159,-241.841848391,29.533123256));
#12990=CARTESIAN_POINT('',(389.637907051,-241.417167545,29.240323424));
#12991=CARTESIAN_POINT('',(389.639433883,-241.21903639,29.073327536));
#12992=CARTESIAN_POINT('',(389.642808761,-240.858564047,28.704357463));
#12993=CARTESIAN_POINT('',(389.644656728,-240.696231252,28.502391871));
#12994=CARTESIAN_POINT('',(389.648604745,-240.41341194,28.071014189));
#12995=CARTESIAN_POINT('',(389.650704704,-240.292932009,27.841612145));
#12996=CARTESIAN_POINT('',(389.655078143,-240.09831398,27.363916968));
#12997=CARTESIAN_POINT('',(389.657351522,-240.024180414,27.115634958));
#12998=CARTESIAN_POINT('',(389.661986752,-239.92502227,26.609439795));
#12999=CARTESIAN_POINT('',(389.664348494,-239.9,26.351538429));
#13000=CARTESIAN_POINT('',(389.666710292,-239.9,26.093631056));
#13001=CARTESIAN_POINT('',(394.820932288,-243.74139774,30.15214561));
#13002=CARTESIAN_POINT('',(394.821074754,-243.4864008,30.142017027));
#13003=CARTESIAN_POINT('',(394.821575796,-243.23238292,30.107415536));
#13004=CARTESIAN_POINT('',(394.823276736,-242.73555845,29.990527956));
#13005=CARTESIAN_POINT('',(394.824476596,-242.492762948,29.908244477));
#13006=CARTESIAN_POINT('',(394.827531292,-242.027249669,29.698996171));
#13007=CARTESIAN_POINT('',(394.82938606,-241.80454228,29.572036015));
#13008=CARTESIAN_POINT('',(394.833682729,-241.387338431,29.278069049));
#13009=CARTESIAN_POINT('',(394.836124534,-241.192851281,29.111068801));
#13010=CARTESIAN_POINT('',(394.841505952,-240.839190937,28.743118553));
#13011=CARTESIAN_POINT('',(394.844445445,-240.680025636,28.542176765));
#13012=CARTESIAN_POINT('',(394.850714701,-240.40282251,28.113679919));
#13013=CARTESIAN_POINT('',(394.854044323,-240.284790871,27.886134425));
#13014=CARTESIAN_POINT('',(394.86097202,-240.094166825,27.412738358));
#13015=CARTESIAN_POINT('',(394.864569939,-240.021578673,27.166898351));
#13016=CARTESIAN_POINT('',(394.87190259,-239.924494177,26.665889799));
#13017=CARTESIAN_POINT('',(394.875637157,-239.9,26.410732438));
#13018=CARTESIAN_POINT('',(394.879371808,-239.9,26.155569381));
#13019=CARTESIAN_POINT('',(397.41356948,-243.696212205,30.192246755));
#13020=CARTESIAN_POINT('',(397.413788988,-243.443204332,30.179298856));
#13021=CARTESIAN_POINT('',(397.414446164,-243.191439725,30.142252993));
#13022=CARTESIAN_POINT('',(397.416612096,-242.69943129,30.021297613));
#13023=CARTESIAN_POINT('',(397.418120804,-242.459198112,29.937390719));
#13024=CARTESIAN_POINT('',(397.421935269,-241.99889388,29.725731929));
#13025=CARTESIAN_POINT('',(397.424240942,-241.778832788,29.597984619));
#13026=CARTESIAN_POINT('',(397.429566031,-241.366788578,29.303240271));
#13027=CARTESIAN_POINT('',(397.43258533,-241.174814379,29.136249619));
#13028=CARTESIAN_POINT('',(397.43922859,-240.82584974,28.7690252));
#13029=CARTESIAN_POINT('',(397.442852407,-240.668866851,28.568799387));
#13030=CARTESIAN_POINT('',(397.450573793,-240.395532286,28.142306583));
#13031=CARTESIAN_POINT('',(397.454671194,-240.279186523,27.916048827));
#13032=CARTESIAN_POINT('',(397.463191737,-240.091312311,27.445630418));
#13033=CARTESIAN_POINT('',(397.467614692,-240.019787926,27.201479949));
#13034=CARTESIAN_POINT('',(397.476626567,-239.924130736,26.704058106));
#13035=CARTESIAN_POINT('',(397.481215291,-239.9,26.4507975));
#13036=CARTESIAN_POINT('',(397.485804116,-239.9,26.197531412));
#13037=CARTESIAN_POINT('',(401.301235888,-243.598345117,30.270442898));
#13038=CARTESIAN_POINT('',(401.301677401,-243.349828329,30.251642422));
#13039=CARTESIAN_POINT('',(401.302670769,-243.10308021,30.209556565));
#13040=CARTESIAN_POINT('',(401.305726644,-242.621696103,30.080277374));
#13041=CARTESIAN_POINT('',(401.307789091,-242.387069888,29.993086666));
#13042=CARTESIAN_POINT('',(401.312911253,-241.938102567,29.776633643));
#13043=CARTESIAN_POINT('',(401.315970864,-241.723770576,29.647375726));
#13044=CARTESIAN_POINT('',(401.322980719,-241.322858053,29.351289468));
#13045=CARTESIAN_POINT('',(401.32693082,-241.136285659,29.18446714));
#13046=CARTESIAN_POINT('',(401.33558397,-240.797392015,28.819061769));
#13047=CARTESIAN_POINT('',(401.340286843,-240.645077645,28.620486145));
#13048=CARTESIAN_POINT('',(401.350281606,-240.380006716,28.198490063));
#13049=CARTESIAN_POINT('',(401.355573293,-240.267255537,27.975078172));
#13050=CARTESIAN_POINT('',(401.366561219,-240.085239826,27.511190736));
#13051=CARTESIAN_POINT('',(401.372257235,-240.015978988,27.270724608));
#13052=CARTESIAN_POINT('',(401.383855255,-239.923358135,26.781104172));
#13053=CARTESIAN_POINT('',(401.389757022,-239.9,26.531959804));
#13054=CARTESIAN_POINT('',(401.395658909,-239.9,26.282810377));
#13055=CARTESIAN_POINT('',(402.596324975,-243.560580889,30.29952939));
#13056=CARTESIAN_POINT('',(402.596862564,-243.31382055,30.278503274));
#13057=CARTESIAN_POINT('',(402.597992528,-243.06902561,30.234505471));
#13058=CARTESIAN_POINT('',(402.601398368,-242.591765919,30.102077391));
#13059=CARTESIAN_POINT('',(402.603674175,-242.359310611,30.013649736));
#13060=CARTESIAN_POINT('',(402.609293375,-241.914724897,29.795402395));
#13061=CARTESIAN_POINT('',(402.612636656,-241.702603287,29.66558703));
#13062=CARTESIAN_POINT('',(402.620275737,-241.30598059,29.36902801));
#13063=CARTESIAN_POINT('',(402.624571385,-241.12148735,29.202290226));
#13064=CARTESIAN_POINT('',(402.633967352,-240.786467084,28.837619904));
#13065=CARTESIAN_POINT('',(402.639067485,-240.635946687,28.639694583));
#13066=CARTESIAN_POINT('',(402.649896879,-240.374049695,28.21945535));
#13067=CARTESIAN_POINT('',(402.655625925,-240.262678282,27.997149755));
#13068=CARTESIAN_POINT('',(402.667515954,-240.082910729,27.53579473));
#13069=CARTESIAN_POINT('',(402.673676701,-240.014518146,27.296754431));
#13070=CARTESIAN_POINT('',(402.686218073,-239.923061877,26.81015048));
#13071=CARTESIAN_POINT('',(402.692598449,-239.9,26.562596459));
#13072=CARTESIAN_POINT('',(402.698978951,-239.9,26.315037539));
#13073=CARTESIAN_POINT('',(405.190150394,-243.474363533,30.36233804));
#13074=CARTESIAN_POINT('',(405.190901095,-243.231704655,30.336362194));
#13075=CARTESIAN_POINT('',(405.192299097,-242.991436701,30.288129656));
#13076=CARTESIAN_POINT('',(405.196343041,-242.523689293,30.148759758));
#13077=CARTESIAN_POINT('',(405.198988909,-242.296218568,30.057625002));
#13078=CARTESIAN_POINT('',(405.205440159,-241.861663101,29.835493931));
#13079=CARTESIAN_POINT('',(405.209245422,-241.654586469,29.704501763));
#13080=CARTESIAN_POINT('',(405.217888284,-241.267735714,29.407030224));
#13081=CARTESIAN_POINT('',(405.222725722,-241.087968809,29.240556407));
#13082=CARTESIAN_POINT('',(405.233271253,-240.761742139,28.877680934));
#13083=CARTESIAN_POINT('',(405.238979149,-240.615288461,28.681286051));
#13084=CARTESIAN_POINT('',(405.251074816,-240.360580496,28.265127163));
#13085=CARTESIAN_POINT('',(405.257462361,-240.252330962,28.045370924));
#13086=CARTESIAN_POINT('',(405.270703824,-240.077647812,27.589828372));
#13087=CARTESIAN_POINT('',(405.277557494,-240.011217456,27.354050562));
#13088=CARTESIAN_POINT('',(405.291502119,-239.922392721,26.874339186));
#13089=CARTESIAN_POINT('',(405.298592813,-239.9,26.630414574));
#13090=CARTESIAN_POINT('',(405.30568364,-239.9,26.386485409));
#13091=CARTESIAN_POINT('',(406.488847012,-243.426178739,30.395788531));
#13092=CARTESIAN_POINT('',(406.489713181,-243.185853513,30.367105934));
#13093=CARTESIAN_POINT('',(406.491241492,-242.948146319,30.316565698));
#13094=CARTESIAN_POINT('',(406.495572232,-242.485758651,30.173428093));
#13095=CARTESIAN_POINT('',(406.498374582,-242.261086521,30.080833309));
#13096=CARTESIAN_POINT('',(406.505161307,-241.832148892,29.856627988));
#13097=CARTESIAN_POINT('',(406.50914556,-241.627891133,29.725021501));
#13098=CARTESIAN_POINT('',(406.518165167,-241.246491745,29.427115404));
#13099=CARTESIAN_POINT('',(406.523200357,-241.069356997,29.260821173));
#13100=CARTESIAN_POINT('',(406.534156379,-240.748022416,28.899001496));
#13101=CARTESIAN_POINT('',(406.540077013,-240.603828382,28.70348258));
#13102=CARTESIAN_POINT('',(406.55260937,-240.353112252,28.289635332));
#13103=CARTESIAN_POINT('',(406.559220866,-240.246594681,28.07131447));
#13104=CARTESIAN_POINT('',(406.572917688,-240.074731209,27.61903414));
#13105=CARTESIAN_POINT('',(406.580002767,-240.00938841,27.385082834));
#13106=CARTESIAN_POINT('',(406.594413931,-239.922022017,26.909225956));
#13107=CARTESIAN_POINT('',(406.601739756,-239.9,26.667328971));
#13108=CARTESIAN_POINT('',(406.609065713,-239.9,26.425427621));
#13109=CARTESIAN_POINT('',(408.439458299,-243.348702794,30.446153898));
#13110=CARTESIAN_POINT('',(408.440493678,-243.112221335,30.413256826));
#13111=CARTESIAN_POINT('',(408.442197302,-242.878699192,30.359141976));
#13112=CARTESIAN_POINT('',(408.44688666,-242.425025016,30.210203916));
#13113=CARTESIAN_POINT('',(408.449872314,-242.204880742,30.115383254));
#13114=CARTESIAN_POINT('',(408.457030279,-241.785002369,29.888064684));
#13115=CARTESIAN_POINT('',(408.461202467,-241.585275451,29.755570667));
#13116=CARTESIAN_POINT('',(408.4706001,-241.212619164,29.457141242));
#13117=CARTESIAN_POINT('',(408.475825384,-241.039696168,29.291210941));
#13118=CARTESIAN_POINT('',(408.487162124,-240.726178179,28.931214095));
#13119=CARTESIAN_POINT('',(408.493273387,-240.585588549,28.737153709));
#13120=CARTESIAN_POINT('',(408.506186664,-240.341233996,28.327101495));
#13121=CARTESIAN_POINT('',(408.512988457,-240.237473253,28.111116681));
#13122=CARTESIAN_POINT('',(408.527065283,-240.070095658,27.664121665));
#13123=CARTESIAN_POINT('',(408.534340076,-240.006481668,27.433119108));
#13124=CARTESIAN_POINT('',(408.549130256,-239.921433112,26.963475093));
#13125=CARTESIAN_POINT('',(408.556645391,-239.9,26.724841668));
#13126=CARTESIAN_POINT('',(408.564160655,-239.9,26.486204161));
#13127=CARTESIAN_POINT('',(409.090051853,-243.322018728,30.462976182));
#13128=CARTESIAN_POINT('',(409.091143229,-243.08687521,30.428648833));
#13129=CARTESIAN_POINT('',(409.092902403,-242.854804876,30.373323812));
#13130=CARTESIAN_POINT('',(409.097700721,-242.404146484,30.222427764));
#13131=CARTESIAN_POINT('',(409.100739784,-242.185565991,30.126859271));
#13132=CARTESIAN_POINT('',(409.108001632,-241.768811838,29.898502749));
#13133=CARTESIAN_POINT('',(409.112224296,-241.570645172,29.765718554));
#13134=CARTESIAN_POINT('',(409.121719601,-241.200996757,29.467136043));
#13135=CARTESIAN_POINT('',(409.126992083,-241.029521213,29.30134274));
#13136=CARTESIAN_POINT('',(409.138420021,-240.718687801,28.941993161));
#13137=CARTESIAN_POINT('',(409.144575285,-240.579335151,28.748442918));
#13138=CARTESIAN_POINT('',(409.157573813,-240.33716289,28.339710003));
#13139=CARTESIAN_POINT('',(409.164416859,-240.234347343,28.124534192));
#13140=CARTESIAN_POINT('',(409.178574181,-240.068507401,27.679365895));
#13141=CARTESIAN_POINT('',(409.185888221,-240.005485789,27.449380881));
#13142=CARTESIAN_POINT('',(409.200755836,-239.921231381,26.981879246));
#13143=CARTESIAN_POINT('',(409.208309162,-239.9,26.744370474));
#13144=CARTESIAN_POINT('',(409.215862615,-239.9,26.506857714));
#13145=CARTESIAN_POINT('',(410.392188338,-243.267394929,30.496273195));
#13146=CARTESIAN_POINT('',(410.39338577,-243.035021776,30.459066807));
#13147=CARTESIAN_POINT('',(410.395244705,-242.805946624,30.401312536));
#13148=CARTESIAN_POINT('',(410.400227927,-242.361494538,30.246499311));
#13149=CARTESIAN_POINT('',(410.403352133,-242.146124779,30.149442859));
#13150=CARTESIAN_POINT('',(410.410768853,-241.735775064,29.919039819));
#13151=CARTESIAN_POINT('',(410.415061248,-241.540801733,29.785696951));
#13152=CARTESIAN_POINT('',(410.424681007,-241.177302954,29.486863014));
#13153=CARTESIAN_POINT('',(410.430008216,-241.008783374,29.321376771));
#13154=CARTESIAN_POINT('',(410.44153211,-240.703428478,28.963396727));
#13155=CARTESIAN_POINT('',(410.447728608,-240.566598091,28.770908707));
#13156=CARTESIAN_POINT('',(410.460798574,-240.3288736,28.364904765));
#13157=CARTESIAN_POINT('',(410.467671831,-240.227983333,28.151395398));
#13158=CARTESIAN_POINT('',(410.481881777,-240.065274655,27.709981659));
#13159=CARTESIAN_POINT('',(410.489218236,-240.00345887,27.482084413));
#13160=CARTESIAN_POINT('',(410.504126651,-239.920820875,27.018975001));
#13161=CARTESIAN_POINT('',(410.511698365,-239.9,26.783770312));
#13162=CARTESIAN_POINT('',(410.519270202,-239.9,26.548561825));
#13163=CARTESIAN_POINT('',(411.045075632,-243.239430203,30.512764921));
#13164=CARTESIAN_POINT('',(411.046310841,-243.008491117,30.474108659));
#13165=CARTESIAN_POINT('',(411.048194649,-242.780960985,30.415134159));
#13166=CARTESIAN_POINT('',(411.053201639,-242.339702647,30.258359375));
#13167=CARTESIAN_POINT('',(411.056324741,-242.125981422,30.160561572));
#13168=CARTESIAN_POINT('',(411.063714306,-241.718914961,29.929147448));
#13169=CARTESIAN_POINT('',(411.06798065,-241.525576165,29.79553479));
#13170=CARTESIAN_POINT('',(411.077525526,-241.165221869,29.496599854));
#13171=CARTESIAN_POINT('',(411.082803905,-240.998212071,29.331282307));
#13172=CARTESIAN_POINT('',(411.094210554,-240.695653417,28.974021744));
#13173=CARTESIAN_POINT('',(411.100338642,-240.560109349,28.782084381));
#13174=CARTESIAN_POINT('',(411.113256277,-240.324652141,28.377487215));
#13175=CARTESIAN_POINT('',(411.120045619,-240.224742725,28.164833814));
#13176=CARTESIAN_POINT('',(411.134076992,-240.063628897,27.725344932));
#13177=CARTESIAN_POINT('',(411.141318801,-240.002427033,27.498516405));
#13178=CARTESIAN_POINT('',(411.156032416,-239.920611937,27.037653802));
#13179=CARTESIAN_POINT('',(411.163503991,-239.899999998,26.803627019));
#13180=CARTESIAN_POINT('',(411.170975683,-239.9,26.569596533));
#13181=CARTESIAN_POINT('',(413.00852703,-243.157264942,30.559789598));
#13182=CARTESIAN_POINT('',(413.009812706,-242.930584993,30.516944644));
#13183=CARTESIAN_POINT('',(413.011685575,-242.707627959,30.454454355));
#13184=CARTESIAN_POINT('',(413.016549907,-242.275800731,30.292046374));
#13185=CARTESIAN_POINT('',(413.019541296,-242.066936968,30.192131105));
#13186=CARTESIAN_POINT('',(413.026553448,-241.669530138,29.957855758));
#13187=CARTESIAN_POINT('',(413.030574107,-241.480992989,29.823499174));
#13188=CARTESIAN_POINT('',(413.039524894,-241.129866625,29.524351538));
#13189=CARTESIAN_POINT('',(413.044454891,-240.967282638,29.359564945));
#13190=CARTESIAN_POINT('',(413.055077342,-240.67291535,29.00447569));
#13191=CARTESIAN_POINT('',(413.060769639,-240.541136433,28.81417832));
#13192=CARTESIAN_POINT('',(413.072746953,-240.312312798,28.413747206));
#13193=CARTESIAN_POINT('',(413.079031791,-240.215271488,28.203619428));
#13194=CARTESIAN_POINT('',(413.092006782,-240.058820005,27.769799021));
#13195=CARTESIAN_POINT('',(413.098696742,-239.999412162,27.546112854));
#13196=CARTESIAN_POINT('',(413.112282488,-239.920001567,27.0918519));
#13197=CARTESIAN_POINT('',(413.119178072,-239.899999998,26.861283879));
#13198=CARTESIAN_POINT('',(413.126073759,-239.9,26.630712424));
#13199=CARTESIAN_POINT('',(414.323802197,-243.10492853,30.587762054));
#13200=CARTESIAN_POINT('',(414.325035267,-242.881026383,30.542351136));
#13201=CARTESIAN_POINT('',(414.32678517,-242.66102998,30.477720842));
#13202=CARTESIAN_POINT('',(414.33126761,-242.23527731,30.311911155));
#13203=CARTESIAN_POINT('',(414.334000083,-242.029527147,30.21073414));
#13204=CARTESIAN_POINT('',(414.34036786,-241.638291395,29.974793243));
#13205=CARTESIAN_POINT('',(414.344003074,-241.452811414,29.840032745));
#13206=CARTESIAN_POINT('',(414.352070162,-241.107547075,29.540870347));
#13207=CARTESIAN_POINT('',(414.356501921,-240.947767666,29.376472738));
#13208=CARTESIAN_POINT('',(414.366032664,-240.658583156,29.022849305));
#13209=CARTESIAN_POINT('',(414.371131511,-240.5291822,28.833628553));
#13210=CARTESIAN_POINT('',(414.381847505,-240.304543973,28.435898833));
#13211=CARTESIAN_POINT('',(414.3874645,-240.209309922,28.227395568));
#13212=CARTESIAN_POINT('',(414.399052729,-240.055794658,27.797205455));
#13213=CARTESIAN_POINT('',(414.405023797,-239.997515645,27.575524774));
#13214=CARTESIAN_POINT('',(414.417145769,-239.919617747,27.125470386));
#13215=CARTESIAN_POINT('',(414.423296498,-239.899999978,26.89710313));
#13216=CARTESIAN_POINT('',(414.429447315,-239.9,26.668732603));
#13217=CARTESIAN_POINT('',(416.964210632,-243.021744232,30.629880211));
#13218=CARTESIAN_POINT('',(416.965128801,-242.802316416,30.580488461));
#13219=CARTESIAN_POINT('',(416.96638708,-242.587069123,30.512551511));
#13220=CARTESIAN_POINT('',(416.969548324,-242.171032549,30.341512629));
#13221=CARTESIAN_POINT('',(416.971451245,-241.97024887,30.238413002));
#13222=CARTESIAN_POINT('',(416.975847964,-241.588837889,29.999974656));
#13223=CARTESIAN_POINT('',(416.978341703,-241.408215722,29.86463915));
#13224=CARTESIAN_POINT('',(416.983849544,-241.072254037,29.565569701));
#13225=CARTESIAN_POINT('',(416.986863574,-240.916919043,29.401839788));
#13226=CARTESIAN_POINT('',(416.993326781,-240.63594045,29.050627959));
#13227=CARTESIAN_POINT('',(416.996775871,-240.510300635,28.863150774));
#13228=CARTESIAN_POINT('',(417.004011681,-240.292278545,28.469764768));
#13229=CARTESIAN_POINT('',(417.007798305,-240.199899205,28.263861245));
#13230=CARTESIAN_POINT('',(417.015602121,-240.051020436,27.839465895));
#13231=CARTESIAN_POINT('',(417.01961921,-239.994523011,27.620979784));
#13232=CARTESIAN_POINT('',(417.027770381,-239.919012274,27.177619764));
#13233=CARTESIAN_POINT('',(417.031904355,-239.899999978,26.952751825));
#13234=CARTESIAN_POINT('',(417.036038384,-239.9,26.72788086));
#13235=CARTESIAN_POINT('',(418.289625834,-242.990756144,30.644194712));
#13236=CARTESIAN_POINT('',(418.290277568,-242.773027891,30.59337377));
#13237=CARTESIAN_POINT('',(418.291161828,-242.559573767,30.524257074));
#13238=CARTESIAN_POINT('',(418.293370704,-242.147190427,30.351367506));
#13239=CARTESIAN_POINT('',(418.294695291,-241.948266638,30.247596909));
#13240=CARTESIAN_POINT('',(418.297747768,-241.57052462,30.008309711));
#13241=CARTESIAN_POINT('',(418.299475618,-241.391711362,29.872796259));
#13242=CARTESIAN_POINT('',(418.303286286,-241.059207049,29.573824049));
#13243=CARTESIAN_POINT('',(418.305369054,-240.905520369,29.410369226));
#13244=CARTESIAN_POINT('',(418.309831286,-240.627581129,29.060098882));
#13245=CARTESIAN_POINT('',(418.312210693,-240.503332225,28.87328797));
#13246=CARTESIAN_POINT('',(418.317199634,-240.287754766,28.481545364));
#13247=CARTESIAN_POINT('',(418.319809103,-240.196429048,28.276618823));
#13248=CARTESIAN_POINT('',(418.325185158,-240.049260711,27.854393186));
#13249=CARTESIAN_POINT('',(418.327951673,-239.99342003,27.637099645));
#13250=CARTESIAN_POINT('',(418.333564415,-239.918789154,27.196235306));
#13251=CARTESIAN_POINT('',(418.336410569,-239.899999942,26.972670308));
#13252=CARTESIAN_POINT('',(418.339256759,-239.9,26.749102374));
#13253=CARTESIAN_POINT('',(420.285998105,-242.972849389,30.651140916));
#13254=CARTESIAN_POINT('',(420.286103917,-242.756103579,30.599494864));
#13255=CARTESIAN_POINT('',(420.286246402,-242.543685897,30.529697187));
#13256=CARTESIAN_POINT('',(420.28660077,-242.133413954,30.355739617));
#13257=CARTESIAN_POINT('',(420.286812648,-241.935565019,30.251581984));
#13258=CARTESIAN_POINT('',(420.287299926,-241.559943242,30.011805579));
#13259=CARTESIAN_POINT('',(420.287575318,-241.382175274,29.876189921));
#13260=CARTESIAN_POINT('',(420.288181983,-241.051668765,29.57727507));
#13261=CARTESIAN_POINT('',(420.288513248,-240.898934513,29.413979758));
#13262=CARTESIAN_POINT('',(420.289222467,-240.622751428,29.064254487));
#13263=CARTESIAN_POINT('',(420.289600412,-240.499306179,28.877829067));
#13264=CARTESIAN_POINT('',(420.290392505,-240.285141181,28.487037013));
#13265=CARTESIAN_POINT('',(420.290806643,-240.194424211,28.282675452));
#13266=CARTESIAN_POINT('',(420.291659632,-240.048244092,27.8617044));
#13267=CARTESIAN_POINT('',(420.292098471,-239.99278284,27.645100375));
#13268=CARTESIAN_POINT('',(420.292988686,-239.918660285,27.205678919));
#13269=CARTESIAN_POINT('',(420.29344005,-239.899999942,26.982867191));
#13270=CARTESIAN_POINT('',(420.29389142,-239.9,26.760052576));
#13271=CARTESIAN_POINT('',(420.953004858,-242.971753714,30.650978898));
#13272=CARTESIAN_POINT('',(420.952902972,-242.755068206,30.599282771));
#13273=CARTESIAN_POINT('',(420.952765769,-242.54271408,30.529443859));
#13274=CARTESIAN_POINT('',(420.952424525,-242.132571523,30.355421827));
#13275=CARTESIAN_POINT('',(420.95222049,-241.934788411,30.251240964));
#13276=CARTESIAN_POINT('',(420.951751245,-241.559296417,30.011435535));
#13277=CARTESIAN_POINT('',(420.951486041,-241.381592404,29.875814079));
#13278=CARTESIAN_POINT('',(420.950901815,-241.051208089,29.576903641));
#13279=CARTESIAN_POINT('',(420.950582801,-240.898532071,29.413618536));
#13280=CARTESIAN_POINT('',(420.949899807,-240.62245634,29.063927496));
#13281=CARTESIAN_POINT('',(420.949535836,-240.499060206,28.877526096));
#13282=CARTESIAN_POINT('',(420.948773027,-240.284981518,28.486793053));
#13283=CARTESIAN_POINT('',(420.948374199,-240.194301739,28.282466477));
#13284=CARTESIAN_POINT('',(420.947552742,-240.048181991,27.861573011));
#13285=CARTESIAN_POINT('',(420.947130124,-239.992743917,27.645011579));
#13286=CARTESIAN_POINT('',(420.946272815,-239.918652411,27.205679209));
#13287=CARTESIAN_POINT('',(420.945838136,-239.899999941,26.982913969));
#13288=CARTESIAN_POINT('',(420.94540345,-239.9,26.760145844));
#13289=CARTESIAN_POINT('',(422.287696994,-242.980645297,30.645039568));
#13290=CARTESIAN_POINT('',(422.287177763,-242.763471665,30.593753636));
#13291=CARTESIAN_POINT('',(422.286474571,-242.550602679,30.524253715));
#13292=CARTESIAN_POINT('',(422.284719865,-242.139411408,30.350764419));
#13293=CARTESIAN_POINT('',(422.283668374,-241.941094492,30.24677731));
#13294=CARTESIAN_POINT('',(422.281246426,-241.564549615,30.00721862));
#13295=CARTESIAN_POINT('',(422.279876,-241.38632657,29.871650168));
#13296=CARTESIAN_POINT('',(422.276854442,-241.054950319,29.572716375));
#13297=CARTESIAN_POINT('',(422.27520335,-240.90180144,29.409354938));
#13298=CARTESIAN_POINT('',(422.27166656,-240.624853848,29.059399517));
#13299=CARTESIAN_POINT('',(422.269780908,-240.501058751,28.872810103));
#13300=CARTESIAN_POINT('',(422.265827651,-240.286278886,28.481612284));
#13301=CARTESIAN_POINT('',(422.263760097,-240.195296921,28.277008987));
#13302=CARTESIAN_POINT('',(422.259500767,-240.048686624,27.855500483));
#13303=CARTESIAN_POINT('',(422.257309047,-239.993060207,27.638600779));
#13304=CARTESIAN_POINT('',(422.252862587,-239.918716379,27.198560307));
#13305=CARTESIAN_POINT('',(422.250607904,-239.899999941,26.975425285));
#13306=CARTESIAN_POINT('',(422.248353193,-239.9,26.752287354));
#13307=CARTESIAN_POINT('',(422.95572145,-242.990549774,30.639305931));
#13308=CARTESIAN_POINT('',(422.954987941,-242.77283209,30.588476135));
#13309=CARTESIAN_POINT('',(422.953992257,-242.559389361,30.51935296));
#13310=CARTESIAN_POINT('',(422.951504364,-242.147029586,30.346455261));
#13311=CARTESIAN_POINT('',(422.950012187,-241.948117966,30.242683011));
#13312=CARTESIAN_POINT('',(422.946573073,-241.570400188,30.003397171));
#13313=CARTESIAN_POINT('',(422.944626181,-241.391599,29.867886729));
#13314=CARTESIAN_POINT('',(422.940332129,-241.059117908,29.568924817));
#13315=CARTESIAN_POINT('',(422.937985025,-240.905442379,29.40547728));
#13316=CARTESIAN_POINT('',(422.932956249,-240.627523789,29.055225198));
#13317=CARTESIAN_POINT('',(422.930274642,-240.503284385,28.868425261));
#13318=CARTESIAN_POINT('',(422.924651924,-240.287723665,28.47670753));
#13319=CARTESIAN_POINT('',(422.921710886,-240.196405187,28.271794891));
#13320=CARTESIAN_POINT('',(422.915651634,-240.049248616,27.849599085));
#13321=CARTESIAN_POINT('',(422.912533499,-239.99341246,27.632321474));
#13322=CARTESIAN_POINT('',(422.906207341,-239.91878764,27.191490032));
#13323=CARTESIAN_POINT('',(422.9029994,-239.899999958,26.967942001));
#13324=CARTESIAN_POINT('',(422.899791418,-239.9,26.744391033));
#13325=CARTESIAN_POINT('',(424.294019491,-243.022659601,30.621369363));
#13326=CARTESIAN_POINT('',(424.292859905,-242.80319151,30.572041542));
#13327=CARTESIAN_POINT('',(424.291266092,-242.587898524,30.504162691));
#13328=CARTESIAN_POINT('',(424.287255132,-242.171764264,30.3332268));
#13329=CARTESIAN_POINT('',(424.284838039,-241.970928601,30.230172065));
#13330=CARTESIAN_POINT('',(424.279249049,-241.589411966,29.991809774));
#13331=CARTESIAN_POINT('',(424.276077227,-241.408736138,29.856505431));
#13332=CARTESIAN_POINT('',(424.26906872,-241.072669869,29.557485056));
#13333=CARTESIAN_POINT('',(424.265232128,-240.917283959,29.393773055));
#13334=CARTESIAN_POINT('',(424.257002875,-240.636210263,29.042585199));
#13335=CARTESIAN_POINT('',(424.252610324,-240.510526267,28.855114078));
#13336=CARTESIAN_POINT('',(424.243393716,-240.29242589,28.461730551));
#13337=CARTESIAN_POINT('',(424.238569783,-240.200012449,28.255823448));
#13338=CARTESIAN_POINT('',(424.228627214,-240.051078075,27.831414131));
#13339=CARTESIAN_POINT('',(424.223508712,-239.994559151,27.61291764));
#13340=CARTESIAN_POINT('',(424.213122164,-239.919019583,27.169533339));
#13341=CARTESIAN_POINT('',(424.207854259,-239.899999958,26.944651507));
#13342=CARTESIAN_POINT('',(424.202586283,-239.9,26.719766647));
#13343=CARTESIAN_POINT('',(424.963381043,-243.045128549,30.609045035));
#13344=CARTESIAN_POINT('',(424.962023053,-242.824440156,30.560775971));
#13345=CARTESIAN_POINT('',(424.960141058,-242.607855782,30.493775432));
#13346=CARTESIAN_POINT('',(424.955382779,-242.189085006,30.324226745));
#13347=CARTESIAN_POINT('',(424.952506561,-241.986904347,30.221680922));
#13348=CARTESIAN_POINT('',(424.945842058,-241.602730713,29.983977469));
#13349=CARTESIAN_POINT('',(424.942053864,-241.420743006,29.848823099));
#13350=CARTESIAN_POINT('',(424.933673706,-241.082166895,29.549772111));
#13351=CARTESIAN_POINT('',(424.929081856,-240.925583132,29.385879593));
#13352=CARTESIAN_POINT('',(424.91922566,-240.642299225,29.034044816));
#13353=CARTESIAN_POINT('',(424.913961448,-240.515602965,28.846107382));
#13354=CARTESIAN_POINT('',(424.902911027,-240.295722683,28.451563874));
#13355=CARTESIAN_POINT('',(424.897124969,-240.202541676,28.244963209));
#13356=CARTESIAN_POINT('',(424.885196276,-240.052360945,27.819008858));
#13357=CARTESIAN_POINT('',(424.879053805,-239.995363279,27.599661013));
#13358=CARTESIAN_POINT('',(424.866587901,-239.919182275,27.154493059));
#13359=CARTESIAN_POINT('',(424.860264639,-239.899999981,26.928679056));
#13360=CARTESIAN_POINT('',(424.853941291,-239.9,26.702861957));
#13361=CARTESIAN_POINT('',(426.297923492,-243.100373731,30.577946951));
#13362=CARTESIAN_POINT('',(426.296272015,-242.876720503,30.53233835));
#13363=CARTESIAN_POINT('',(426.293929303,-242.65698702,30.467552884));
#13364=CARTESIAN_POINT('',(426.287929696,-242.231770412,30.301518851));
#13365=CARTESIAN_POINT('',(426.284272887,-242.026293365,30.200272658));
#13366=CARTESIAN_POINT('',(426.275751838,-241.635596662,29.964276252));
#13367=CARTESIAN_POINT('',(426.270887719,-241.45038259,29.829529413));
#13368=CARTESIAN_POINT('',(426.260094059,-241.105626662,29.53047014));
#13369=CARTESIAN_POINT('',(426.254164671,-240.946089733,29.366161981));
#13370=CARTESIAN_POINT('',(426.241413587,-240.657352443,29.012782707));
#13371=CARTESIAN_POINT('',(426.234592072,-240.528156209,28.823716642));
#13372=CARTESIAN_POINT('',(426.220255904,-240.30387785,28.426348022));
#13373=CARTESIAN_POINT('',(426.212741454,-240.208798931,28.218051146));
#13374=CARTESIAN_POINT('',(426.197238821,-240.055535524,27.788309656));
#13375=CARTESIAN_POINT('',(426.189250858,-239.997353227,27.566871182));
#13376=CARTESIAN_POINT('',(426.173034439,-239.9195849,27.117319558));
#13377=CARTESIAN_POINT('',(426.164806213,-239.899999981,26.889212831));
#13378=CARTESIAN_POINT('',(426.15657787,-239.9,26.661102845));
#13379=CARTESIAN_POINT('',(426.963879067,-243.13314208,30.559175646));
#13380=CARTESIAN_POINT('',(426.962122679,-242.907745164,30.515169272));
#13381=CARTESIAN_POINT('',(426.95959393,-242.686154722,30.451721213));
#13382=CARTESIAN_POINT('',(426.953066338,-242.257130169,30.287816134));
#13383=CARTESIAN_POINT('',(426.94906759,-242.049702338,30.187361516));
#13384=CARTESIAN_POINT('',(426.939718173,-241.65514064,29.952415202));
#13385=CARTESIAN_POINT('',(426.93436764,-241.468012548,29.817926946));
#13386=CARTESIAN_POINT('',(426.922472772,-241.119587454,29.518892185));
#13387=CARTESIAN_POINT('',(426.915928612,-240.958295552,29.354350059));
#13388=CARTESIAN_POINT('',(426.901839887,-240.666315667,29.000075618));
#13389=CARTESIAN_POINT('',(426.894295528,-240.535631957,28.810348491));
#13390=CARTESIAN_POINT('',(426.878429365,-240.308735802,28.411317317));
#13391=CARTESIAN_POINT('',(426.870107793,-240.212526678,28.202019113));
#13392=CARTESIAN_POINT('',(426.852933133,-240.05742716,27.770038201));
#13393=CARTESIAN_POINT('',(426.844080297,-239.998539036,27.547361818));
#13394=CARTESIAN_POINT('',(426.826104748,-239.919824879,27.095212915));
#13395=CARTESIAN_POINT('',(426.816982296,-239.899999996,26.865747016));
#13396=CARTESIAN_POINT('',(426.807859712,-239.9,26.636277757));
#13397=CARTESIAN_POINT('',(428.956840108,-243.242591168,30.493754851));
#13398=CARTESIAN_POINT('',(428.954907848,-243.011459029,30.455240214));
#13399=CARTESIAN_POINT('',(428.951972119,-242.783731486,30.396396165));
#13400=CARTESIAN_POINT('',(428.944183716,-242.342080049,30.239859875));
#13401=CARTESIAN_POINT('',(428.939331166,-242.128163148,30.142170119));
#13402=CARTESIAN_POINT('',(428.927858024,-241.720716865,29.91095071));
#13403=CARTESIAN_POINT('',(428.921237613,-241.527193935,29.777424723));
#13404=CARTESIAN_POINT('',(428.906431873,-241.166491758,29.478643743));
#13405=CARTESIAN_POINT('',(428.898246776,-240.999318222,29.313393485));
#13406=CARTESIAN_POINT('',(428.880562774,-240.696460112,28.956250942));
#13407=CARTESIAN_POINT('',(428.871064146,-240.560780333,28.764364316));
#13408=CARTESIAN_POINT('',(428.851044477,-240.325085899,28.359855585));
#13409=CARTESIAN_POINT('',(428.840523751,-240.225074976,28.147239888));
#13410=CARTESIAN_POINT('',(428.818782632,-240.063796877,27.70781742));
#13411=CARTESIAN_POINT('',(428.807562582,-240.002532254,27.48101761));
#13412=CARTESIAN_POINT('',(428.784767017,-239.920633166,27.020207851));
#13413=CARTESIAN_POINT('',(428.773191861,-239.899999996,26.786205202));
#13414=CARTESIAN_POINT('',(428.761616522,-239.9,26.552198847));
#13415=CARTESIAN_POINT('',(430.275005899,-243.330104348,30.438147013));
#13416=CARTESIAN_POINT('',(430.27318913,-243.094493552,30.404191676));
#13417=CARTESIAN_POINT('',(430.270250254,-242.861937565,30.349192057));
#13418=CARTESIAN_POINT('',(430.262221658,-242.410300676,30.198852527));
#13419=CARTESIAN_POINT('',(430.257132074,-242.191227375,30.10351516));
#13420=CARTESIAN_POINT('',(430.24496373,-241.773508675,29.875530199));
#13421=CARTESIAN_POINT('',(430.237885175,-241.574870304,29.742886453));
#13422=CARTESIAN_POINT('',(430.221963599,-241.2043254,29.444502034));
#13423=CARTESIAN_POINT('',(430.213120846,-241.0324251,29.278766393));
#13424=CARTESIAN_POINT('',(430.193951499,-240.720811609,28.919461013));
#13425=CARTESIAN_POINT('',(430.183625227,-240.58110366,28.725897329));
#13426=CARTESIAN_POINT('',(430.161816486,-240.338308606,28.317081268));
#13427=CARTESIAN_POINT('',(430.150334383,-240.235225586,28.101835778));
#13428=CARTESIAN_POINT('',(430.126578257,-240.068952101,27.656489191));
#13429=CARTESIAN_POINT('',(430.114304634,-240.005764433,27.426395594));
#13430=CARTESIAN_POINT('',(430.089354838,-239.921287672,26.958656884));
#13431=CARTESIAN_POINT('',(430.076679084,-239.9,26.721019647));
#13432=CARTESIAN_POINT('',(430.064003117,-239.9,26.483378409));
#13433=CARTESIAN_POINT('',(431.908377501,-243.450983325,30.363888036));
#13434=CARTESIAN_POINT('',(431.906891362,-243.209464519,30.336638889));
#13435=CARTESIAN_POINT('',(431.904203481,-242.970444822,30.287349646));
#13436=CARTESIAN_POINT('',(431.896513118,-242.505306168,30.146320963));
#13437=CARTESIAN_POINT('',(431.891510777,-242.279195755,30.054584115));
#13438=CARTESIAN_POINT('',(431.879357181,-241.84736842,29.831698763));
#13439=CARTESIAN_POINT('',(431.872206147,-241.641659431,29.700554354));
#13440=CARTESIAN_POINT('',(431.855992046,-241.257451921,29.403198271));
#13441=CARTESIAN_POINT('',(431.846929276,-241.078960459,29.236992061));
#13442=CARTESIAN_POINT('',(431.827191934,-240.755103348,28.875018668));
#13443=CARTESIAN_POINT('',(431.816517725,-240.609743647,28.679258135));
#13444=CARTESIAN_POINT('',(431.793911139,-240.356967778,28.264661845));
#13445=CARTESIAN_POINT('',(431.781979178,-240.249556253,28.045833704));
#13446=CARTESIAN_POINT('',(431.757252409,-240.076237206,27.592352503));
#13447=CARTESIAN_POINT('',(431.744458056,-240.010332868,27.357707773));
#13448=CARTESIAN_POINT('',(431.718430412,-239.922213456,26.88036803));
#13449=CARTESIAN_POINT('',(431.705197599,-239.9,26.637681786));
#13450=CARTESIAN_POINT('',(431.691964544,-239.9,26.394991083));
#13451=CARTESIAN_POINT('',(432.233921423,-243.475705283,30.348835949));
#13452=CARTESIAN_POINT('',(432.232512622,-243.232990611,30.322976348));
#13453=CARTESIAN_POINT('',(432.229892007,-242.992658163,30.274872512));
#13454=CARTESIAN_POINT('',(432.222314551,-242.524771158,30.135780739));
#13455=CARTESIAN_POINT('',(432.217357852,-242.297225345,30.044795403));
#13456=CARTESIAN_POINT('',(432.205273803,-241.862516138,29.822979943));
#13457=CARTESIAN_POINT('',(432.198146679,-241.655360867,29.692153964));
#13458=CARTESIAN_POINT('',(432.18195989,-241.268356108,29.395027973));
#13459=CARTESIAN_POINT('',(432.172900527,-241.088513852,29.228733513));
#13460=CARTESIAN_POINT('',(432.153151945,-240.762145984,28.866226694));
#13461=CARTESIAN_POINT('',(432.142463094,-240.615626471,28.670021108));
#13462=CARTESIAN_POINT('',(432.119812685,-240.360801604,28.254247888));
#13463=CARTESIAN_POINT('',(432.107851549,-240.252501011,28.034688023));
#13464=CARTESIAN_POINT('',(432.083056243,-240.0777345,27.579542742));
#13465=CARTESIAN_POINT('',(432.070222537,-240.011271849,27.343965832));
#13466=CARTESIAN_POINT('',(432.044110937,-239.922403768,26.864658456));
#13467=CARTESIAN_POINT('',(432.030833533,-239.9,26.620936947));
#13468=CARTESIAN_POINT('',(432.01755588,-239.9,26.377210883));
#13469=CARTESIAN_POINT('',(432.88551988,-243.526273789,30.318403968));
#13470=CARTESIAN_POINT('',(432.88426737,-243.281141397,30.295428069));
#13471=CARTESIAN_POINT('',(432.881779499,-243.038144782,30.24979035));
#13472=CARTESIAN_POINT('',(432.874417454,-242.564665876,30.114739789));
#13473=CARTESIAN_POINT('',(432.869543422,-242.334192742,30.025329561));
#13474=CARTESIAN_POINT('',(432.85757469,-241.893597009,29.805772491));
#13475=CARTESIAN_POINT('',(432.850480222,-241.683482931,29.675629897));
#13476=CARTESIAN_POINT('',(432.834311752,-241.290749607,29.379031504));
#13477=CARTESIAN_POINT('',(432.825238064,-241.108137956,29.212581442));
#13478=CARTESIAN_POINT('',(432.805419581,-240.776618995,28.849026038));
#13479=CARTESIAN_POINT('',(432.794675171,-240.627718096,28.651927727));
#13480=CARTESIAN_POINT('',(432.771880486,-240.368684272,28.233775906));
#13481=CARTESIAN_POINT('',(432.759830653,-240.258556355,28.012730485));
#13482=CARTESIAN_POINT('',(432.734834756,-240.08081411,27.554198909));
#13483=CARTESIAN_POINT('',(432.721889176,-240.013203218,27.316721623));
#13484=CARTESIAN_POINT('',(432.695541889,-239.922795289,26.833399702));
#13485=CARTESIAN_POINT('',(432.682140692,-239.9,26.587564416));
#13486=CARTESIAN_POINT('',(432.668739235,-239.9,26.341724374));
#13487=CARTESIAN_POINT('',(433.212004269,-243.552132184,30.302951547));
#13488=CARTESIAN_POINT('',(433.210828623,-243.305777519,30.281470812));
#13489=CARTESIAN_POINT('',(433.208401638,-243.061428976,30.237114844));
#13490=CARTESIAN_POINT('',(433.201128058,-242.585105364,30.104170704));
#13491=CARTESIAN_POINT('',(433.196281607,-242.35313967,30.01558515));
#13492=CARTESIAN_POINT('',(433.184335232,-241.909537946,29.797218738));
#13493=CARTESIAN_POINT('',(433.177235544,-241.697910648,29.667442179));
#13494=CARTESIAN_POINT('',(433.161026112,-241.302244629,29.371143439));
#13495=CARTESIAN_POINT('',(433.151916686,-241.118213696,29.204627091));
#13496=CARTESIAN_POINT('',(433.132000125,-240.784053109,28.840558631));
#13497=CARTESIAN_POINT('',(433.121193381,-240.633930033,28.643013685));
#13498=CARTESIAN_POINT('',(433.098252747,-240.37273517,28.223662241));
#13499=CARTESIAN_POINT('',(433.086119309,-240.261668524,28.001863997));
#13500=CARTESIAN_POINT('',(433.060941361,-240.082397231,27.541612199));
#13501=CARTESIAN_POINT('',(433.047897347,-240.014196112,27.303167704));
#13502=CARTESIAN_POINT('',(433.021345567,-239.922996599,26.817800828));
#13503=CARTESIAN_POINT('',(433.007838322,-239.9,26.570888001));
#13504=CARTESIAN_POINT('',(432.994330812,-239.9,26.323970314));
#13505=CARTESIAN_POINT('',(434.101619816,-243.623014674,30.259711007));
#13506=CARTESIAN_POINT('',(434.100654549,-243.373351319,30.242387991));
#13507=CARTESIAN_POINT('',(434.098384368,-243.125327922,30.201605217));
#13508=CARTESIAN_POINT('',(434.091313779,-242.641250453,30.074550333));
#13509=CARTESIAN_POINT('',(434.086513515,-242.40520637,29.988280847));
#13510=CARTESIAN_POINT('',(434.074551266,-241.953377039,29.773281385));
#13511=CARTESIAN_POINT('',(434.067389526,-241.737601113,29.644555849));
#13512=CARTESIAN_POINT('',(434.050955741,-241.333886064,29.349163988));
#13513=CARTESIAN_POINT('',(434.041684034,-241.14595527,29.182503761));
#13514=CARTESIAN_POINT('',(434.021355817,-240.804530867,28.817094358));
#13515=CARTESIAN_POINT('',(434.010299725,-240.651044303,28.618352723));
#13516=CARTESIAN_POINT('',(433.986790894,-240.383899438,28.195759004));
#13517=CARTESIAN_POINT('',(433.974338639,-240.270246649,27.971915641));
#13518=CARTESIAN_POINT('',(433.948474669,-240.08676185,27.506978597));
#13519=CARTESIAN_POINT('',(433.935063487,-240.016933625,27.265894511));
#13520=CARTESIAN_POINT('',(433.907752529,-239.923551736,26.774941813));
#13521=CARTESIAN_POINT('',(433.893853316,-239.9,26.525083332));
#13522=CARTESIAN_POINT('',(433.879953817,-239.9,26.275219695));
#13523=CARTESIAN_POINT('',(434.665874025,-243.668468187,30.231003466));
#13524=CARTESIAN_POINT('',(434.665044095,-243.416729957,30.2164128));
#13525=CARTESIAN_POINT('',(434.662864267,-243.166384826,30.177988076));
#13526=CARTESIAN_POINT('',(434.655882393,-242.677384498,30.054838442));
#13527=CARTESIAN_POINT('',(434.651080496,-242.438739701,29.970116155));
#13528=CARTESIAN_POINT('',(434.639025582,-241.981648252,29.757390996));
#13529=CARTESIAN_POINT('',(434.63177282,-241.763211322,29.629392651));
#13530=CARTESIAN_POINT('',(434.615074613,-241.354323625,29.334677729));
#13531=CARTESIAN_POINT('',(434.605629522,-241.163881554,29.167967422));
#13532=CARTESIAN_POINT('',(434.584883225,-240.81777383,28.801771033));
#13533=CARTESIAN_POINT('',(434.57358246,-240.662115536,28.60229274));
#13534=CARTESIAN_POINT('',(434.549527521,-240.391125841,28.177671106));
#13535=CARTESIAN_POINT('',(434.536773859,-240.275800202,27.952536797));
#13536=CARTESIAN_POINT('',(434.510267622,-240.089588693,27.484628661));
#13537=CARTESIAN_POINT('',(434.49651561,-240.018706783,27.241864788));
#13538=CARTESIAN_POINT('',(434.468502761,-239.923911428,26.747351794));
#13539=CARTESIAN_POINT('',(434.45424252,-239.899999999,26.495613192));
#13540=CARTESIAN_POINT('',(434.439981976,-239.9,26.243869235));
#13541=CARTESIAN_POINT('',(435.23117332,-243.712218805,30.200314737));
#13542=CARTESIAN_POINT('',(435.230483557,-243.45852665,30.18841207));
#13543=CARTESIAN_POINT('',(435.228391673,-243.205978964,30.152315918));
#13544=CARTESIAN_POINT('',(435.22147915,-242.712285964,30.033039199));
#13545=CARTESIAN_POINT('',(435.216658662,-242.471151463,29.949861244));
#13546=CARTESIAN_POINT('',(435.204463187,-242.009008042,29.739427693));
#13547=CARTESIAN_POINT('',(435.197088467,-241.788009243,29.612176705));
#13548=CARTESIAN_POINT('',(435.180051187,-241.374132436,29.318198278));
#13549=CARTESIAN_POINT('',(435.170389,-241.181263492,29.151477277));
#13550=CARTESIAN_POINT('',(435.149126203,-240.830624394,28.784587988));
#13551=CARTESIAN_POINT('',(435.137526058,-240.672861921,28.584427735));
#13552=CARTESIAN_POINT('',(435.112806882,-240.398144146,28.157898991));
#13553=CARTESIAN_POINT('',(435.099688392,-240.28119486,27.931539843));
#13554=CARTESIAN_POINT('',(435.072407003,-240.092335728,27.460800384));
#13555=CARTESIAN_POINT('',(435.058244701,-240.020430017,27.216430385));
#13556=CARTESIAN_POINT('',(435.029387947,-239.9242611,26.718508179));
#13557=CARTESIAN_POINT('',(435.014694126,-239.899999999,26.464966878));
#13558=CARTESIAN_POINT('',(434.999999984,-239.9,26.211420023));
#13559=B_SPLINE_SURFACE_WITH_KNOTS('',3,3,((#12695,#12696,#12697,#12698,#12699,#12700,#12701,#12702,#12703,#12704,#12705,#12706,#12707,#12708,#12709,#12710,#12711,#12712),(#12713,#12714,#12715,#12716,#12717,#12718,#12719,#12720,#12721,#12722,#12723,#12724,#12725,#12726,#12727,#12728,#12729,#12730),(#12731,#12732,#12733,#12734,#12735,#12736,#12737,#12738,#12739,#12740,#12741,#12742,#12743,#12744,#12745,#12746,#12747,#12748),(#12749,#12750,#12751,#12752,#12753,#12754,#12755,#12756,#12757,#12758,#12759,#12760,#12761,#12762,#12763,#12764,#12765,#12766),(#12767,#12768,#12769,#12770,#12771,#12772,#12773,#12774,#12775,#12776,#12777,#12778,#12779,#12780,#12781,#12782,#12783,#12784),(#12785,#12786,#12787,#12788,#12789,#12790,#12791,#12792,#12793,#12794,#12795,#12796,#12797,#12798,#12799,#12800,#12801,#12802),(#12803,#12804,#12805,#12806,#12807,#12808,#12809,#12810,#12811,#12812,#12813,#12814,#12815,#12816,#12817,#12818,#12819,#12820),(#12821,#12822,#12823,#12824,#12825,#12826,#12827,#12828,#12829,#12830,#12831,#12832,#12833,#12834,#12835,#12836,#12837,#12838),(#12839,#12840,#12841,#12842,#12843,#12844,#12845,#12846,#12847,#12848,#12849,#12850,#12851,#12852,#12853,#12854,#12855,#12856),(#12857,#12858,#12859,#12860,#12861,#12862,#12863,#12864,#12865,#12866,#12867,#12868,#12869,#12870,#12871,#12872,#12873,#12874),(#12875,#12876,#12877,#12878,#12879,#12880,#12881,#12882,#12883,#12884,#12885,#12886,#12887,#12888,#12889,#12890,#12891,#12892),(#12893,#12894,#12895,#12896,#12897,#12898,#12899,#12900,#12901,#12902,#12903,#12904,#12905,#12906,#12907,#12908,#12909,#12910),(#12911,#12912,#12913,#12914,#12915,#12916,#12917,#12918,#12919,#12920,#12921,#12922,#12923,#12924,#12925,#12926,#12927,#12928),(#12929,#12930,#12931,#12932,#12933,#12934,#12935,#12936,#12937,#12938,#12939,#12940,#12941,#12942,#12943,#12944,#12945,#12946),(#12947,#12948,#12949,#12950,#12951,#12952,#12953,#12954,#12955,#12956,#12957,#12958,#12959,#12960,#12961,#12962,#12963,#12964),(#12965,#12966,#12967,#12968,#12969,#12970,#12971,#12972,#12973,#12974,#12975,#12976,#12977,#12978,#12979,#12980,#12981,#12982),(#12983,#12984,#12985,#12986,#12987,#12988,#12989,#12990,#12991,#12992,#12993,#12994,#12995,#12996,#12997,#12998,#12999,#13000),(#13001,#13002,#13003,#13004,#13005,#13006,#13007,#13008,#13009,#13010,#13011,#13012,#13013,#13014,#13015,#13016,#13017,#13018),(#13019,#13020,#13021,#13022,#13023,#13024,#13025,#13026,#13027,#13028,#13029,#13030,#13031,#13032,#13033,#13034,#13035,#13036),(#13037,#13038,#13039,#13040,#13041,#13042,#13043,#13044,#13045,#13046,#13047,#13048,#13049,#13050,#13051,#13052,#13053,#13054),(#13055,#13056,#13057,#13058,#13059,#13060,#13061,#13062,#13063,#13064,#13065,#13066,#13067,#13068,#13069,#13070,#13071,#13072),(#13073,#13074,#13075,#13076,#13077,#13078,#13079,#13080,#13081,#13082,#13083,#13084,#13085,#13086,#13087,#13088,#13089,#13090),(#13091,#13092,#13093,#13094,#13095,#13096,#13097,#13098,#13099,#13100,#13101,#13102,#13103,#13104,#13105,#13106,#13107,#13108),(#13109,#13110,#13111,#13112,#13113,#13114,#13115,#13116,#13117,#13118,#13119,#13120,#13121,#13122,#13123,#13124,#13125,#13126),(#13127,#13128,#13129,#13130,#13131,#13132,#13133,#13134,#13135,#13136,#13137,#13138,#13139,#13140,#13141,#13142,#13143,#13144),(#13145,#13146,#13147,#13148,#13149,#13150,#13151,#13152,#13153,#13154,#13155,#13156,#13157,#13158,#13159,#13160,#13161,#13162),
(#13163,#13164,#13165,#13166,#13167,#13168,#13169,#13170,#13171,#13172,#13173,#13174,#13175,#13176,#13177,#13178,#13179,#13180),(#13181,#13182,#13183,#13184,#13185,#13186,#13187,#13188,#13189,#13190,#13191,#13192,#13193,#13194,#13195,#13196,#13197,#13198),(#13199,#13200,#13201,#13202,#13203,#13204,#13205,#13206,#13207,#13208,#13209,#13210,#13211,#13212,#13213,#13214,#13215,#13216),(#13217,#13218,#13219,#13220,#13221,#13222,#13223,#13224,#13225,#13226,#13227,#13228,#13229,#13230,#13231,#13232,#13233,#13234),(#13235,#13236,#13237,#13238,#13239,#13240,#13241,#13242,#13243,#13244,#13245,#13246,#13247,#13248,#13249,#13250,#13251,#13252),(#13253,#13254,#13255,#13256,#13257,#13258,#13259,#13260,#13261,#13262,#13263,#13264,#13265,#13266,#13267,#13268,#13269,#13270),(#13271,#13272,#13273,#13274,#13275,#13276,#13277,#13278,#13279,#13280,#13281,#13282,#13283,#13284,#13285,#13286,#13287,#13288),(#13289,#13290,#13291,#13292,#13293,#13294,#13295,#13296,#13297,#13298,#13299,#13300,#13301,#13302,#13303,#13304,#13305,#13306),(#13307,#13308,#13309,#13310,#13311,#13312,#13313,#13314,#13315,#13316,#13317,#13318,#13319,#13320,#13321,#13322,#13323,#13324),(#13325,#13326,#13327,#13328,#13329,#13330,#13331,#13332,#13333,#13334,#13335,#13336,#13337,#13338,#13339,#13340,#13341,#13342),(#13343,#13344,#13345,#13346,#13347,#13348,#13349,#13350,#13351,#13352,#13353,#13354,#13355,#13356,#13357,#13358,#13359,#13360),(#13361,#13362,#13363,#13364,#13365,#13366,#13367,#13368,#13369,#13370,#13371,#13372,#13373,#13374,#13375,#13376,#13377,#13378),(#13379,#13380,#13381,#13382,#13383,#13384,#13385,#13386,#13387,#13388,#13389,#13390,#13391,#13392,#13393,#13394,#13395,#13396),(#13397,#13398,#13399,#13400,#13401,#13402,#13403,#13404,#13405,#13406,#13407,#13408,#13409,#13410,#13411,#13412,#13413,#13414),(#13415,#13416,#13417,#13418,#13419,#13420,#13421,#13422,#13423,#13424,#13425,#13426,#13427,#13428,#13429,#13430,#13431,#13432),(#13433,#13434,#13435,#13436,#13437,#13438,#13439,#13440,#13441,#13442,#13443,#13444,#13445,#13446,#13447,#13448,#13449,#13450),(#13451,#13452,#13453,#13454,#13455,#13456,#13457,#13458,#13459,#13460,#13461,#13462,#13463,#13464,#13465,#13466,#13467,#13468),(#13469,#13470,#13471,#13472,#13473,#13474,#13475,#13476,#13477,#13478,#13479,#13480,#13481,#13482,#13483,#13484,#13485,#13486),(#13487,#13488,#13489,#13490,#13491,#13492,#13493,#13494,#13495,#13496,#13497,#13498,#13499,#13500,#13501,#13502,#13503,#13504),(#13505,#13506,#13507,#13508,#13509,#13510,#13511,#13512,#13513,#13514,#13515,#13516,#13517,#13518,#13519,#13520,#13521,#13522),(#13523,#13524,#13525,#13526,#13527,#13528,#13529,#13530,#13531,#13532,#13533,#13534,#13535,#13536,#13537,#13538,#13539,#13540),(#13541,#13542,#13543,#13544,#13545,#13546,#13547,#13548,#13549,#13550,#13551,#13552,#13553,#13554,#13555,#13556,#13557,#13558)),.UNSPECIFIED.,.F.,.F.,.U.,(4,2,2,2,2,2,2,2,2,2,2,2,2,2,2,2,2,2,2,2,2,2,2,4),(4,2,2,2,2,2,2,2,4),(0.582688313,0.832869714,0.895415064,0.911051402,0.926687739,0.934505908,0.942324077,0.950142246,0.957960414,0.965778583,0.969687668,0.973596752,0.975551294,0.977505836,0.981414921,0.985324005,0.987278547,0.98923309,0.991187632,0.993142174,0.997051258,0.998028529,0.999005801,1.000686761),(0.,0.125,0.25,0.375,0.5,0.625,0.75,0.875,1.),.UNSPECIFIED.);
#13560=CARTESIAN_POINT('',(401.031673331,-240.172102863,27.725994298));
#13561=VERTEX_POINT('',#13560);
#13562=CARTESIAN_POINT('',(390.170802794,-240.244542434,27.725994298));
#13563=VERTEX_POINT('',#13562);
#13564=CARTESIAN_POINT('',(401.031673331,-240.172102863,27.725994298));
#13565=CARTESIAN_POINT('',(397.411444094,-240.204788438,27.725994298));
#13566=CARTESIAN_POINT('',(393.79114517,-240.228717612,27.725994298));
#13567=CARTESIAN_POINT('',(390.170802794,-240.244542434,27.725994298));
#13568=B_SPLINE_CURVE_WITH_KNOTS('',3,(#13564,#13565,#13566,#13567),.UNSPECIFIED.,.F.,.F.,(4,4),(0.,0.010861114),.UNSPECIFIED.);
#13569=EDGE_CURVE('',#13561,#13563,#13568,.T.);
#13570=ORIENTED_EDGE('',*,*,#13569,.T.);
#13571=CARTESIAN_POINT('',(390.170802794,-240.244542434,27.725994298));
#13572=CARTESIAN_POINT('',(390.170802794,-240.130484288,27.469260792));
#13573=CARTESIAN_POINT('',(390.170802794,-240.045195143,27.205200021));
#13574=CARTESIAN_POINT('',(390.170802794,-239.987532581,26.934102951));
#13575=CARTESIAN_POINT('',(390.170802794,-239.929870019,26.663005881));
#13576=CARTESIAN_POINT('',(390.170802794,-239.899999902,26.382767018));
#13577=CARTESIAN_POINT('',(390.170802794,-239.9,26.101837612));
#13578=B_SPLINE_CURVE_WITH_KNOTS('',3,(#13571,#13572,#13573,#13574,#13575,#13576,#13577),.UNSPECIFIED.,.F.,.F.,(4,3,4),(0.,0.000830826,0.001661652),.UNSPECIFIED.);
#13579=EDGE_CURVE('',#13563,#12596,#13578,.T.);
#13580=ORIENTED_EDGE('',*,*,#13579,.T.);
#13581=ORIENTED_EDGE('',*,*,#12617,.F.);
#13582=CARTESIAN_POINT('',(17.000000144,-243.900001258,29.999998978));
#13583=VERTEX_POINT('',#13582);
#13584=CARTESIAN_POINT('',(17.,-243.9,25.999998978));
#13585=DIRECTION('',(-1.,-0.,0.000000036));
#13586=DIRECTION('',(-0.000000036,-0.,-1.));
#13587=AXIS2_PLACEMENT_3D('',#13584,#13585,#13586);
#13588=CIRCLE('',#13587,4.);
#13589=EDGE_CURVE('',#13583,#12594,#13588,.T.);
#13590=ORIENTED_EDGE('',*,*,#13589,.F.);
#13591=CARTESIAN_POINT('',(435.172975015,-243.707704637,30.203472462));
#13592=VERTEX_POINT('',#13591);
#13593=CARTESIAN_POINT('',(435.17297501,-243.707704641,30.203472462));
#13594=CARTESIAN_POINT('',(434.624015928,-243.665092369,30.233159766));
#13595=CARTESIAN_POINT('',(434.07606387,-243.62097364,30.260966164));
#13596=CARTESIAN_POINT('',(433.529715335,-243.577446701,30.287508811));
#13597=CARTESIAN_POINT('',(432.9833668,-243.533919763,30.314051458));
#13598=CARTESIAN_POINT('',(432.439963029,-243.491171322,30.339385287));
#13599=CARTESIAN_POINT('',(431.895012507,-243.45018443,30.364419146));
#13600=CARTESIAN_POINT('',(430.805111463,-243.368210647,30.414486864));
#13601=CARTESIAN_POINT('',(429.707103203,-243.292354612,30.46241593));
#13602=CARTESIAN_POINT('',(428.6016691,-243.225727064,30.503324947));
#13603=CARTESIAN_POINT('',(427.496234998,-243.159099516,30.544233965));
#13604=CARTESIAN_POINT('',(426.383459767,-243.101221641,30.577606528));
#13605=CARTESIAN_POINT('',(425.267905981,-243.058253053,30.601628373));
#13606=CARTESIAN_POINT('',(424.710129087,-243.036768759,30.613639295));
#13607=CARTESIAN_POINT('',(424.150810302,-243.019059969,30.623375027));
#13608=CARTESIAN_POINT('',(423.591917611,-243.005819016,30.630776675));
#13609=CARTESIAN_POINT('',(423.03302492,-242.992578063,30.638178322));
#13610=CARTESIAN_POINT('',(422.474913294,-242.983624292,30.643324822));
#13611=CARTESIAN_POINT('',(421.917317541,-242.978541419,30.646502756));
#13612=CARTESIAN_POINT('',(420.802126037,-242.968375672,30.652858624));
#13613=CARTESIAN_POINT('',(419.688360294,-242.974117856,30.651195276));
#13614=CARTESIAN_POINT('',(418.579096228,-242.991918063,30.64326143));
#13615=CARTESIAN_POINT('',(417.469832162,-243.00971827,30.635327583));
#13616=CARTESIAN_POINT('',(416.364276447,-243.039265609,30.621204275));
#13617=CARTESIAN_POINT('',(415.262358174,-243.075652777,30.602544651));
#13618=CARTESIAN_POINT('',(414.160439901,-243.112039946,30.583885026));
#13619=CARTESIAN_POINT('',(413.062036494,-243.155389389,30.56062097));
#13620=CARTESIAN_POINT('',(411.967966055,-243.200848091,30.534819586));
#13621=CARTESIAN_POINT('',(410.873895616,-243.246306794,30.509018203));
#13622=CARTESIAN_POINT('',(409.785572313,-243.2934833,30.480866572));
#13623=CARTESIAN_POINT('',(408.698719624,-243.337879732,30.452842734));
#13624=CARTESIAN_POINT('',(406.525014245,-243.426672597,30.396795058));
#13625=CARTESIAN_POINT('',(404.356590885,-243.506783067,30.339912211));
#13626=CARTESIAN_POINT('',(402.192008121,-243.571046904,30.291065055));
#13627=CARTESIAN_POINT('',(400.027425356,-243.635310742,30.242217899));
#13628=CARTESIAN_POINT('',(397.862632909,-243.684296331,30.201252348));
#13629=CARTESIAN_POINT('',(395.69652575,-243.722164643,30.168420705));
#13630=CARTESIAN_POINT('',(393.530418591,-243.760032954,30.135589063));
#13631=CARTESIAN_POINT('',(391.362810156,-243.786922752,30.110803548));
#13632=CARTESIAN_POINT('',(389.193145122,-243.807078334,30.09173616));
#13633=CARTESIAN_POINT('',(387.023480088,-243.827233917,30.072668772));
#13634=CARTESIAN_POINT('',(384.851414189,-243.841116042,30.058980266));
#13635=CARTESIAN_POINT('',(382.678846108,-243.851756047,30.048462204));
#13636=CARTESIAN_POINT('',(378.333709947,-243.873036057,30.027426081));
#13637=CARTESIAN_POINT('',(373.985232498,-243.879870836,30.020188747));
#13638=CARTESIAN_POINT('',(369.633058387,-243.884559899,30.015323641));
#13639=CARTESIAN_POINT('',(365.280884276,-243.889248961,30.010458536));
#13640=CARTESIAN_POINT('',(360.928066228,-243.892109047,30.007561213));
#13641=CARTESIAN_POINT('',(356.575164643,-243.893983177,30.005712143));
#13642=CARTESIAN_POINT('',(347.869361472,-243.897731438,30.002014004));
#13643=CARTESIAN_POINT('',(339.162282395,-243.898253052,30.001653));
#13644=CARTESIAN_POINT('',(330.455348746,-243.89875386,30.001173284));
#13645=CARTESIAN_POINT('',(295.62761415,-243.900757091,29.999254423));
#13646=CARTESIAN_POINT('',(260.798784121,-243.899998925,30.000005063));
#13647=CARTESIAN_POINT('',(225.970380776,-243.899982951,30.000015086));
#13648=CARTESIAN_POINT('',(156.313574085,-243.899951002,30.000035131));
#13649=CARTESIAN_POINT('',(86.656792754,-243.899999594,29.999996464));
#13650=CARTESIAN_POINT('',(17.000000807,-243.899996503,29.999998978));
#13651=B_SPLINE_CURVE_WITH_KNOTS('',3,(#13593,#13594,#13595,#13596,#13597,#13598,#13599,#13600,#13601,#13602,#13603,#13604,#13605,#13606,#13607,#13608,#13609,#13610,#13611,#13612,#13613,#13614,#13615,#13616,#13617,#13618,
#13619,#13620,#13621,#13622,#13623,#13624,#13625,#13626,#13627,#13628,#13629,#13630,#13631,#13632,#13633,#13634,#13635,#13636,#13637,#13638,#13639,#13640,#13641,#13642,#13643,
#13644,#13645,#13646,#13647,#13648,#13649,#13650),.UNSPECIFIED.,.F.,.F.,(4,3,3,3,3,3,3,3,3,3,3,3,3,3,3,3,3,3,3,4),(0.582688313,0.584320894,0.585953476,0.589218638,0.5924838,0.594116381,0.595748962,0.599014124,0.602279286,0.605544449,0.608809611,0.615339935,0.621870259,0.628400584,0.634930908,0.647991557,0.661052206,0.687173503,0.791658693,1.000629072),.UNSPECIFIED.);
#13652=EDGE_CURVE('',#13592,#13583,#13651,.T.);
#13653=ORIENTED_EDGE('',*,*,#13652,.F.);
#13654=CARTESIAN_POINT('',(435.172975015,-243.707704667,30.203472463));
#13655=CARTESIAN_POINT('',(435.172449855,-243.455101364,30.191324856));
#13656=CARTESIAN_POINT('',(435.170901808,-243.204830722,30.155515798));
#13657=CARTESIAN_POINT('',(435.168303911,-242.956953329,30.095430425));
#13658=CARTESIAN_POINT('',(435.167004962,-242.833014633,30.065387738));
#13659=CARTESIAN_POINT('',(435.165439936,-242.709856047,30.029192631));
#13660=CARTESIAN_POINT('',(435.163643914,-242.589935578,29.98765847));
#13661=CARTESIAN_POINT('',(435.161847892,-242.470015109,29.946124309));
#13662=CARTESIAN_POINT('',(435.159814498,-242.352655652,29.899103578));
#13663=CARTESIAN_POINT('',(435.157547324,-242.237817118,29.846682084));
#13664=CARTESIAN_POINT('',(435.153012977,-242.00814005,29.741839095));
#13665=CARTESIAN_POINT('',(435.147520694,-241.787533642,29.614864754));
#13666=CARTESIAN_POINT('',(435.141113943,-241.579463541,29.466791851));
#13667=CARTESIAN_POINT('',(435.134707191,-241.37139344,29.318718948));
#13668=CARTESIAN_POINT('',(435.12754019,-241.180479714,29.153112033));
#13669=CARTESIAN_POINT('',(435.11963739,-241.006141021,28.970565339));
#13670=CARTESIAN_POINT('',(435.11568599,-240.918971674,28.879291992));
#13671=CARTESIAN_POINT('',(435.111549375,-240.835974633,28.783754551));
#13672=CARTESIAN_POINT('',(435.10722297,-240.757249095,28.683851604));
#13673=CARTESIAN_POINT('',(435.102896566,-240.678523558,28.583948657));
#13674=CARTESIAN_POINT('',(435.09837232,-240.604020557,28.479494503));
#13675=CARTESIAN_POINT('',(435.09373396,-240.535143543,28.372426077));
#13676=CARTESIAN_POINT('',(435.089095599,-240.466266529,28.265357651));
#13677=CARTESIAN_POINT('',(435.084325105,-240.402657174,28.155258763));
#13678=CARTESIAN_POINT('',(435.079422368,-240.344313787,28.042130394));
#13679=CARTESIAN_POINT('',(435.074519632,-240.2859704,27.929002025));
#13680=CARTESIAN_POINT('',(435.069462358,-240.232714021,27.812330035));
#13681=CARTESIAN_POINT('',(435.064345691,-240.185520425,27.694312348));
#13682=CARTESIAN_POINT('',(435.054112358,-240.091133232,27.458276976));
#13683=CARTESIAN_POINT('',(435.043616713,-240.020262561,27.216287066));
#13684=CARTESIAN_POINT('',(435.032863511,-239.972415191,26.968467521));
#13685=CARTESIAN_POINT('',(435.022110309,-239.92456782,26.720647976));
#13686=CARTESIAN_POINT('',(435.01098514,-239.900000002,26.464365528));
#13687=CARTESIAN_POINT('',(435.000000002,-239.9,26.211421878));
#13688=B_SPLINE_CURVE_WITH_KNOTS('',3,(#13654,#13655,#13656,#13657,#13658,#13659,#13660,#13661,#13662,#13663,#13664,#13665,#13666,#13667,#13668,#13669,#13670,#13671,#13672,#13673,#13674,#13675,#13676,#13677,#13678,#13679,
#13680,#13681,#13682,#13683,#13684,#13685,#13686,#13687),.UNSPECIFIED.,.F.,.F.,(4,3,3,3,3,3,3,3,3,3,3,4),(0.002607738,0.002797168,0.002891882,0.002986597,0.003176027,0.003365456,0.003460171,0.003554886,0.0036496,0.003744315,0.003933745,0.004123174),.UNSPECIFIED.);
#13689=EDGE_CURVE('',#13592,#12644,#13688,.T.);
#13690=ORIENTED_EDGE('',*,*,#13689,.T.);
#13691=ORIENTED_EDGE('',*,*,#12668,.F.);
#13692=CARTESIAN_POINT('',(401.031673331,-239.9,26.275506796));
#13693=CARTESIAN_POINT('',(401.031673331,-239.9,26.525762194));
#13694=CARTESIAN_POINT('',(401.031673331,-239.923262924,26.771653605));
#13695=CARTESIAN_POINT('',(401.031673331,-239.968613009,27.013401596));
#13696=CARTESIAN_POINT('',(401.031673331,-240.013963093,27.255149586));
#13697=CARTESIAN_POINT('',(401.031673331,-240.081400298,27.492754164));
#13698=CARTESIAN_POINT('',(401.031673331,-240.172102863,27.725994298));
#13699=B_SPLINE_CURVE_WITH_KNOTS('',3,(#13692,#13693,#13694,#13695,#13696,#13697,#13698),.UNSPECIFIED.,.F.,.F.,(4,3,4),(0.,0.000737895,0.001475789),.UNSPECIFIED.);
#13700=EDGE_CURVE('',#12636,#13561,#13699,.T.);
#13701=ORIENTED_EDGE('',*,*,#13700,.T.);
#13702=EDGE_LOOP('',(#13570,#13580,#13581,#13590,#13653,#13690,#13691,#13701));
#13703=FACE_BOUND('',#13702,.T.);
#13704=ADVANCED_FACE('',(#13703),#13559,.T.);
#13705=CARTESIAN_POINT('',(225.,-410.34378376,33.));
#13706=DIRECTION('',(-0.,1.,0.));
#13707=DIRECTION('',(-1.,-0.,0.));
#13708=AXIS2_PLACEMENT_3D('',#13705,#13706,#13707);
#13709=PLANE('',#13708);
#13710=CARTESIAN_POINT('',(30.7,-410.34378376,20.));
#13711=VERTEX_POINT('',#13710);
#13712=CARTESIAN_POINT('',(419.3,-410.34378376,20.));
#13713=VERTEX_POINT('',#13712);
#13714=CARTESIAN_POINT('',(30.7,-410.34378376,20.));
#13715=DIRECTION('',(1.,0.,0.));
#13716=VECTOR('',#13715,388.6);
#13717=LINE('',#13714,#13716);
#13718=EDGE_CURVE('',#13711,#13713,#13717,.T.);
#13719=ORIENTED_EDGE('',*,*,#13718,.F.);
#13720=CARTESIAN_POINT('',(30.7,-410.34378376,30.));
#13721=VERTEX_POINT('',#13720);
#13722=CARTESIAN_POINT('',(30.7,-410.34378376,30.));
#13723=DIRECTION('',(0.,0.,-1.));
#13724=VECTOR('',#13723,10.);
#13725=LINE('',#13722,#13724);
#13726=EDGE_CURVE('',#13721,#13711,#13725,.T.);
#13727=ORIENTED_EDGE('',*,*,#13726,.F.);
#13728=CARTESIAN_POINT('',(419.3,-410.34378376,30.));
#13729=VERTEX_POINT('',#13728);
#13730=CARTESIAN_POINT('',(30.7,-410.34378376,30.));
#13731=DIRECTION('',(1.,0.,0.));
#13732=VECTOR('',#13731,388.6);
#13733=LINE('',#13730,#13732);
#13734=EDGE_CURVE('',#13721,#13729,#13733,.T.);
#13735=ORIENTED_EDGE('',*,*,#13734,.T.);
#13736=CARTESIAN_POINT('',(419.3,-410.34378376,30.));
#13737=DIRECTION('',(0.,0.,-1.));
#13738=VECTOR('',#13737,10.);
#13739=LINE('',#13736,#13738);
#13740=EDGE_CURVE('',#13729,#13713,#13739,.T.);
#13741=ORIENTED_EDGE('',*,*,#13740,.T.);
#13742=EDGE_LOOP('',(#13719,#13727,#13735,#13741));
#13743=FACE_BOUND('',#13742,.T.);
#13744=ADVANCED_FACE('',(#13743),#13709,.T.);
#13745=CARTESIAN_POINT('',(419.3,-340.49378376,33.));
#13746=DIRECTION('',(-1.,0.,0.));
#13747=DIRECTION('',(0.,0.,1.));
#13748=AXIS2_PLACEMENT_3D('',#13745,#13746,#13747);
#13749=PLANE('',#13748);
#13750=CARTESIAN_POINT('',(419.3,-410.34378376,20.));
#13751=DIRECTION('',(0.,1.,0.));
#13752=VECTOR('',#13751,139.7);
#13753=LINE('',#13750,#13752);
#13754=EDGE_CURVE('',#13713,#12520,#13753,.T.);
#13755=ORIENTED_EDGE('',*,*,#13754,.F.);
#13756=ORIENTED_EDGE('',*,*,#13740,.F.);
#13757=CARTESIAN_POINT('',(419.3,-410.34378376,30.));
#13758=DIRECTION('',(0.,1.,0.));
#13759=VECTOR('',#13758,139.7);
#13760=LINE('',#13757,#13759);
#13761=EDGE_CURVE('',#13729,#12530,#13760,.T.);
#13762=ORIENTED_EDGE('',*,*,#13761,.T.);
#13763=ORIENTED_EDGE('',*,*,#12535,.T.);
#13764=EDGE_LOOP('',(#13755,#13756,#13762,#13763));
#13765=FACE_BOUND('',#13764,.T.);
#13766=ADVANCED_FACE('',(#13765),#13749,.T.);
#13767=CARTESIAN_POINT('',(30.7,-340.49378376,33.));
#13768=DIRECTION('',(1.,0.,0.));
#13769=DIRECTION('',(-0.,1.,0.));
#13770=AXIS2_PLACEMENT_3D('',#13767,#13768,#13769);
#13771=PLANE('',#13770);
#13772=CARTESIAN_POINT('',(30.7,-270.64378376,20.));
#13773=DIRECTION('',(0.,-1.,0.));
#13774=VECTOR('',#13773,139.7);
#13775=LINE('',#13772,#13774);
#13776=EDGE_CURVE('',#12522,#13711,#13775,.T.);
#13777=ORIENTED_EDGE('',*,*,#13776,.F.);
#13778=ORIENTED_EDGE('',*,*,#12549,.F.);
#13779=CARTESIAN_POINT('',(30.7,-270.64378376,30.));
#13780=DIRECTION('',(0.,-1.,0.));
#13781=VECTOR('',#13780,139.7);
#13782=LINE('',#13779,#13781);
#13783=EDGE_CURVE('',#12538,#13721,#13782,.T.);
#13784=ORIENTED_EDGE('',*,*,#13783,.T.);
#13785=ORIENTED_EDGE('',*,*,#13726,.T.);
#13786=EDGE_LOOP('',(#13777,#13778,#13784,#13785));
#13787=FACE_BOUND('',#13786,.T.);
#13788=ADVANCED_FACE('',(#13787),#13771,.T.);
#13789=CARTESIAN_POINT('',(438.,-350.45,33.));
#13790=DIRECTION('',(1.,0.,0.));
#13791=DIRECTION('',(-0.,1.,0.));
#13792=AXIS2_PLACEMENT_3D('',#13789,#13790,#13791);
#13793=PLANE('',#13792);
#13794=CARTESIAN_POINT('',(438.,-242.9,0.));
#13795=VERTEX_POINT('',#13794);
#13796=CARTESIAN_POINT('',(438.,-476.310241115,0.));
#13797=VERTEX_POINT('',#13796);
#13798=CARTESIAN_POINT('',(438.,-242.9,0.));
#13799=DIRECTION('',(0.,-1.,0.));
#13800=VECTOR('',#13799,233.410241115);
#13801=LINE('',#13798,#13800);
#13802=EDGE_CURVE('',#13795,#13797,#13801,.T.);
#13803=ORIENTED_EDGE('',*,*,#13802,.F.);
#13804=CARTESIAN_POINT('',(438.,-242.9,26.211421835));
#13805=VERTEX_POINT('',#13804);
#13806=CARTESIAN_POINT('',(438.,-242.9,-0.));
#13807=DIRECTION('',(-0.,-0.,1.));
#13808=VECTOR('',#13807,26.211421835);
#13809=LINE('',#13806,#13808);
#13810=EDGE_CURVE('',#13795,#13805,#13809,.T.);
#13811=ORIENTED_EDGE('',*,*,#13810,.T.);
#13812=CARTESIAN_POINT('',(438.,-243.851926159,27.211937773));
#13813=VERTEX_POINT('',#13812);
#13814=CARTESIAN_POINT('',(438.,-242.899999954,26.211421831));
#13815=CARTESIAN_POINT('',(438.,-242.899999954,26.274816902));
#13816=CARTESIAN_POINT('',(438.,-242.906141926,26.339048671));
#13817=CARTESIAN_POINT('',(438.,-242.918103768,26.401159288));
#13818=CARTESIAN_POINT('',(438.,-242.93006561,26.463269905));
#13819=CARTESIAN_POINT('',(438.,-242.947783274,26.523919357));
#13820=CARTESIAN_POINT('',(438.,-242.971380071,26.583076339));
#13821=CARTESIAN_POINT('',(438.,-243.018573666,26.701390305));
#13822=CARTESIAN_POINT('',(438.,-243.089365894,26.81143772));
#13823=CARTESIAN_POINT('',(438.,-243.17653524,26.902939704));
#13824=CARTESIAN_POINT('',(438.,-243.263704585,26.994441689));
#13825=CARTESIAN_POINT('',(438.,-243.369615735,27.069964526));
#13826=CARTESIAN_POINT('',(438.,-243.48445427,27.12251714));
#13827=CARTESIAN_POINT('',(438.,-243.599292804,27.175069754));
#13828=CARTESIAN_POINT('',(438.,-243.725624505,27.20584881));
#13829=CARTESIAN_POINT('',(438.,-243.851926157,27.211937797));
#13830=B_SPLINE_CURVE_WITH_KNOTS('',3,(#13814,#13815,#13816,#13817,#13818,#13819,#13820,#13821,#13822,#13823,#13824,#13825,#13826,#13827,#13828,#13829),.UNSPECIFIED.,.F.,.F.,(4,3,3,3,3,4),(0.002607738,0.002797168,0.002986597,0.003365456,0.003744315,0.004123174),.UNSPECIFIED.);
#13831=EDGE_CURVE('',#13805,#13813,#13830,.T.);
#13832=ORIENTED_EDGE('',*,*,#13831,.T.);
#13833=CARTESIAN_POINT('',(438.,-424.866904162,27.000003067));
#13834=VERTEX_POINT('',#13833);
#13835=CARTESIAN_POINT('',(438.,-243.851926159,27.211937773));
#13836=CARTESIAN_POINT('',(438.,-244.794598143,27.257383874));
#13837=CARTESIAN_POINT('',(437.999999999,-245.737336212,27.299108016));
#13838=CARTESIAN_POINT('',(437.999999999,-246.680149337,27.336604971));
#13839=CARTESIAN_POINT('',(437.999999999,-247.622962461,27.374101926));
#13840=CARTESIAN_POINT('',(438.,-248.565848598,27.407486809));
#13841=CARTESIAN_POINT('',(438.,-249.508777329,27.438472787));
#13842=CARTESIAN_POINT('',(438.,-251.394634791,27.500444744));
#13843=CARTESIAN_POINT('',(438.,-253.280567554,27.550994651));
#13844=CARTESIAN_POINT('',(438.,-255.166231331,27.563212598));
#13845=CARTESIAN_POINT('',(438.,-257.051895108,27.575430545));
#13846=CARTESIAN_POINT('',(438.,-258.937366699,27.552215086));
#13847=CARTESIAN_POINT('',(438.,-260.822715394,27.506341131));
#13848=CARTESIAN_POINT('',(438.,-262.708064089,27.460467175));
#13849=CARTESIAN_POINT('',(438.,-264.593301752,27.394122229));
#13850=CARTESIAN_POINT('',(438.,-266.478557466,27.331105253));
#13851=CARTESIAN_POINT('',(438.,-268.36381318,27.268088277));
#13852=CARTESIAN_POINT('',(438.,-270.249095127,27.209907846));
#13853=CARTESIAN_POINT('',(438.,-272.134464864,27.167913495));
#13854=CARTESIAN_POINT('',(438.,-274.019834601,27.125919144));
#13855=CARTESIAN_POINT('',(438.,-275.905286595,27.099090486));
#13856=CARTESIAN_POINT('',(438.,-277.790793407,27.082368653));
#13857=CARTESIAN_POINT('',(438.,-279.676300219,27.065646819));
#13858=CARTESIAN_POINT('',(437.999999997,-281.561857133,27.058162393));
#13859=CARTESIAN_POINT('',(437.999999997,-283.447418464,27.051492216));
#13860=CARTESIAN_POINT('',(437.999999997,-285.332979795,27.044822038));
#13861=CARTESIAN_POINT('',(437.999999999,-287.218551566,27.040076807));
#13862=CARTESIAN_POINT('',(437.999999999,-289.104128727,27.036325318));
#13863=CARTESIAN_POINT('',(437.999999999,-304.188746016,27.006313408));
#13864=CARTESIAN_POINT('',(438.,-319.273513853,27.004058185));
#13865=CARTESIAN_POINT('',(438.,-334.358283561,27.002147795));
#13866=CARTESIAN_POINT('',(438.,-349.443053269,27.000237405));
#13867=CARTESIAN_POINT('',(438.,-364.527823724,27.000366386));
#13868=CARTESIAN_POINT('',(438.,-379.612593831,27.000195948));
#13869=CARTESIAN_POINT('',(438.,-394.697363939,27.00002551));
#13870=CARTESIAN_POINT('',(438.,-409.782134051,27.000034016));
#13871=CARTESIAN_POINT('',(438.,-424.866904162,27.000034295));
#13872=B_SPLINE_CURVE_WITH_KNOTS('',3,(#13835,#13836,#13837,#13838,#13839,#13840,#13841,#13842,#13843,#13844,#13845,#13846,#13847,#13848,#13849,#13850,#13851,#13852,#13853,#13854,#13855,#13856,#13857,#13858,#13859,#13860,
#13861,#13862,#13863,#13864,#13865,#13866,#13867,#13868,#13869,#13870,#13871),.UNSPECIFIED.,.F.,.F.,(4,3,3,3,3,3,3,3,3,3,3,3,4),(0.285266228,0.28809645,0.290926671,0.296587114,0.302247557,0.307908001,0.313568444,0.319228887,0.32488933,0.330549773,0.375833318,0.421116863,0.466400408),.UNSPECIFIED.);
#13873=EDGE_CURVE('',#13813,#13834,#13872,.T.);
#13874=ORIENTED_EDGE('',*,*,#13873,.T.);
#13875=CARTESIAN_POINT('',(438.,-424.866904255,27.000006761));
#13876=CARTESIAN_POINT('',(438.,-427.387642367,27.00535839));
#13877=CARTESIAN_POINT('',(438.,-429.9043239,26.848784381));
#13878=CARTESIAN_POINT('',(438.,-432.417028111,26.533448407));
#13879=CARTESIAN_POINT('',(438.,-433.045204164,26.454614413));
#13880=CARTESIAN_POINT('',(438.,-433.673277628,26.36576434));
#13881=CARTESIAN_POINT('',(438.,-434.297431494,26.267571712));
#13882=CARTESIAN_POINT('',(438.,-434.921585361,26.169379083));
#13883=CARTESIAN_POINT('',(438.,-435.542748709,26.061742961));
#13884=CARTESIAN_POINT('',(438.,-436.160976855,25.94483802));
#13885=CARTESIAN_POINT('',(438.,-437.397433146,25.711028138));
#13886=CARTESIAN_POINT('',(438.,-438.622163987,25.440191486));
#13887=CARTESIAN_POINT('',(438.,-439.835484345,25.133322679));
#13888=CARTESIAN_POINT('',(438.,-442.262125062,24.519585065));
#13889=CARTESIAN_POINT('',(438.,-444.643287282,23.762234909));
#13890=CARTESIAN_POINT('',(438.,-446.979415248,22.862675047));
#13891=CARTESIAN_POINT('',(438.,-448.147479232,22.412895116));
#13892=CARTESIAN_POINT('',(438.,-449.30424334,21.927432308));
#13893=CARTESIAN_POINT('',(438.,-450.449507227,21.405653958));
#13894=CARTESIAN_POINT('',(438.,-451.02213917,21.144764783));
#13895=CARTESIAN_POINT('',(438.,-451.591892997,20.874787059));
#13896=CARTESIAN_POINT('',(438.,-452.158727469,20.595590561));
#13897=CARTESIAN_POINT('',(438.,-452.725561941,20.316394063));
#13898=CARTESIAN_POINT('',(438.,-453.290376545,20.027481157));
#13899=CARTESIAN_POINT('',(438.,-453.848970042,19.730937814));
#13900=CARTESIAN_POINT('',(438.,-456.083344032,18.544764444));
#13901=CARTESIAN_POINT('',(438.,-458.224535312,17.233608169));
#13902=CARTESIAN_POINT('',(438.,-460.278979275,15.806100571));
#13903=CARTESIAN_POINT('',(438.,-462.333423239,14.378592974));
#13904=CARTESIAN_POINT('',(438.,-464.301116539,12.834729563));
#13905=CARTESIAN_POINT('',(438.,-466.183875025,11.17694588));
#13906=CARTESIAN_POINT('',(438.,-467.125254268,10.348054038));
#13907=CARTESIAN_POINT('',(438.,-468.045330016,9.49058852));
#13908=CARTESIAN_POINT('',(438.,-468.943907742,8.604288409));
#13909=CARTESIAN_POINT('',(438.,-469.393196604,8.161138354));
#13910=CARTESIAN_POINT('',(438.,-469.837602936,7.710251139));
#13911=CARTESIAN_POINT('',(438.,-470.275371582,7.25334776));
#13912=CARTESIAN_POINT('',(438.,-470.713140229,6.796444381));
#13913=CARTESIAN_POINT('',(438.,-471.143719519,6.33413476));
#13914=CARTESIAN_POINT('',(438.,-471.567189193,5.86647886));
#13915=CARTESIAN_POINT('',(438.,-473.261067889,3.995855258));
#13916=CARTESIAN_POINT('',(438.,-474.84167943,2.040057177));
#13917=CARTESIAN_POINT('',(438.,-476.310241115,0.));
#13918=B_SPLINE_CURVE_WITH_KNOTS('',3,(#13875,#13876,#13877,#13878,#13879,#13880,#13881,#13882,#13883,#13884,#13885,#13886,#13887,#13888,#13889,#13890,#13891,#13892,#13893,#13894,#13895,#13896,#13897,#13898,#13899,#13900,
#13901,#13902,#13903,#13904,#13905,#13906,#13907,#13908,#13909,#13910,#13911,#13912,#13913,#13914,#13915,#13916,#13917),.UNSPECIFIED.,.F.,.F.,(4,3,3,3,3,3,3,3,3,3,3,3,3,3,4),(0.281336057,0.288898289,0.290788846,0.292679404,0.29646052,0.304022751,0.307803867,0.309694425,0.311584983,0.319147214,0.326709446,0.330490561,0.332381119,0.334271677,0.341833908),.UNSPECIFIED.);
#13919=EDGE_CURVE('',#13834,#13797,#13918,.T.);
#13920=ORIENTED_EDGE('',*,*,#13919,.T.);
#13921=EDGE_LOOP('',(#13803,#13811,#13832,#13874,#13920));
#13922=FACE_BOUND('',#13921,.T.);
#13923=ADVANCED_FACE('',(#13922),#13793,.T.);
#13924=CARTESIAN_POINT('',(13.,-350.45,33.));
#13925=DIRECTION('',(1.,0.,0.));
#13926=DIRECTION('',(0.,0.,-1.));
#13927=AXIS2_PLACEMENT_3D('',#13924,#13925,#13926);
#13928=PLANE('',#13927);
#13929=CARTESIAN_POINT('',(13.,-424.864781132,26.));
#13930=VERTEX_POINT('',#13929);
#13931=CARTESIAN_POINT('',(13.,-243.9,25.999998978));
#13932=VERTEX_POINT('',#13931);
#13933=CARTESIAN_POINT('',(13.,-424.864781132,26.));
#13934=DIRECTION('',(-0.,1.,-0.));
#13935=VECTOR('',#13934,180.964781132);
#13936=LINE('',#13933,#13935);
#13937=EDGE_CURVE('',#13930,#13932,#13936,.T.);
#13938=ORIENTED_EDGE('',*,*,#13937,.T.);
#13939=CARTESIAN_POINT('',(13.,-243.9,0.));
#13940=VERTEX_POINT('',#13939);
#13941=CARTESIAN_POINT('',(13.,-243.9,25.999998978));
#13942=DIRECTION('',(0.,0.,-1.));
#13943=VECTOR('',#13942,25.999998978);
#13944=LINE('',#13941,#13943);
#13945=EDGE_CURVE('',#13932,#13940,#13944,.T.);
#13946=ORIENTED_EDGE('',*,*,#13945,.T.);
#13947=CARTESIAN_POINT('',(13.,-475.073236323,0.));
#13948=VERTEX_POINT('',#13947);
#13949=CARTESIAN_POINT('',(13.,-243.9,0.));
#13950=DIRECTION('',(0.,-1.,0.));
#13951=VECTOR('',#13950,231.173236323);
#13952=LINE('',#13949,#13951);
#13953=EDGE_CURVE('',#13940,#13948,#13952,.T.);
#13954=ORIENTED_EDGE('',*,*,#13953,.T.);
#13955=CARTESIAN_POINT('',(13.,-475.073236391,0.000000046));
#13956=CARTESIAN_POINT('',(13.,-474.345235338,0.988415401));
#13957=CARTESIAN_POINT('',(13.,-473.588425895,1.958503668));
#13958=CARTESIAN_POINT('',(13.,-472.804026009,2.908236345));
#13959=CARTESIAN_POINT('',(13.,-472.019626123,3.857969023));
#13960=CARTESIAN_POINT('',(13.,-471.212414561,4.781631803));
#13961=CARTESIAN_POINT('',(13.,-470.382843484,5.679741431));
#13962=CARTESIAN_POINT('',(13.,-468.723701332,7.475960687));
#13963=CARTESIAN_POINT('',(13.,-466.975408236,9.170295454));
#13964=CARTESIAN_POINT('',(13.,-465.137998924,10.762785422));
#13965=CARTESIAN_POINT('',(13.,-463.300589612,12.35527539));
#13966=CARTESIAN_POINT('',(13.,-461.37409187,13.845952313));
#13967=CARTESIAN_POINT('',(13.,-459.353815167,15.229455703));
#13968=CARTESIAN_POINT('',(13.,-458.848745991,15.57533155));
#13969=CARTESIAN_POINT('',(13.,-458.337787869,15.914477326));
#13970=CARTESIAN_POINT('',(13.,-457.820822332,16.246757641));
#13971=CARTESIAN_POINT('',(13.,-457.303856796,16.579037955));
#13972=CARTESIAN_POINT('',(13.,-456.779969908,16.904984493));
#13973=CARTESIAN_POINT('',(13.,-456.252548697,17.222336592));
#13974=CARTESIAN_POINT('',(13.,-455.197706274,17.857040789));
#13975=CARTESIAN_POINT('',(13.,-454.129220644,18.457145098));
#13976=CARTESIAN_POINT('',(13.,-453.047256767,19.02306787));
#13977=CARTESIAN_POINT('',(13.,-450.883329013,20.154913416));
#13978=CARTESIAN_POINT('',(13.,-448.665969363,21.151252882));
#13979=CARTESIAN_POINT('',(13.,-446.39637061,22.015111254));
#13980=CARTESIAN_POINT('',(13.,-444.126771857,22.878969625));
#13981=CARTESIAN_POINT('',(13.,-441.804940207,23.610362642));
#13982=CARTESIAN_POINT('',(13.,-439.428954845,24.204419019));
#13983=CARTESIAN_POINT('',(13.,-438.834958505,24.352933113));
#13984=CARTESIAN_POINT('',(13.,-438.237560622,24.492820717));
#13985=CARTESIAN_POINT('',(13.,-437.63670039,24.623927623));
#13986=CARTESIAN_POINT('',(13.,-437.035840158,24.755034529));
#13987=CARTESIAN_POINT('',(13.,-436.430788541,24.877471061));
#13988=CARTESIAN_POINT('',(13.,-435.825779081,24.990302714));
#13989=CARTESIAN_POINT('',(13.,-434.615760162,25.215966019));
#13990=CARTESIAN_POINT('',(13.,-433.403127981,25.403948399));
#13991=CARTESIAN_POINT('',(13.,-432.1878843,25.554275262));
#13992=CARTESIAN_POINT('',(13.,-429.757396939,25.854928988));
#13993=CARTESIAN_POINT('',(13.,-427.316480528,26.005205057));
#13994=CARTESIAN_POINT('',(13.,-424.864781132,26.));
#13995=B_SPLINE_CURVE_WITH_KNOTS('',3,(#13955,#13956,#13957,#13958,#13959,#13960,#13961,#13962,#13963,#13964,#13965,#13966,#13967,#13968,#13969,#13970,#13971,#13972,#13973,#13974,#13975,#13976,#13977,#13978,#13979,#13980,
#13981,#13982,#13983,#13984,#13985,#13986,#13987,#13988,#13989,#13990,#13991,#13992,#13993,#13994),.UNSPECIFIED.,.F.,.F.,(4,3,3,3,3,3,3,3,3,3,3,3,3,4),(0.285462481,0.289142352,0.292822223,0.300181964,0.307541706,0.309381642,0.311221577,0.314901448,0.32226119,0.329620932,0.331460868,0.333300803,0.336980674,0.344340416),.UNSPECIFIED.);
#13996=EDGE_CURVE('',#13948,#13930,#13995,.T.);
#13997=ORIENTED_EDGE('',*,*,#13996,.T.);
#13998=EDGE_LOOP('',(#13938,#13946,#13954,#13997));
#13999=FACE_BOUND('',#13998,.T.);
#14000=ADVANCED_FACE('',(#13999),#13928,.F.);
#14001=CARTESIAN_POINT('',(17.,-424.860535073,30.000000001));
#14002=CARTESIAN_POINT('',(16.999999999,-409.813224871,30.000000004));
#14003=CARTESIAN_POINT('',(16.999999998,-386.471590677,30.000000018));
#14004=CARTESIAN_POINT('',(16.999999986,-356.218019824,30.000000178));
#14005=CARTESIAN_POINT('',(17.000000018,-335.482209828,29.999999757));
#14006=CARTESIAN_POINT('',(17.000000054,-318.893561828,29.999999284));
#14007=CARTESIAN_POINT('',(17.000000066,-305.0696885,29.999999126));
#14008=CARTESIAN_POINT('',(17.000000216,-293.319396123,29.999997144));
#14009=CARTESIAN_POINT('',(17.00000021,-283.297087966,29.999997223));
#14010=CARTESIAN_POINT('',(16.999999981,-276.039554551,30.000000243));
#14011=CARTESIAN_POINT('',(16.999999853,-270.8556021,30.000001938));
#14012=CARTESIAN_POINT('',(17.000000242,-266.708439967,29.999996803));
#14013=CARTESIAN_POINT('',(17.000000122,-262.561278012,29.999998395));
#14014=CARTESIAN_POINT('',(17.000000374,-258.414115926,29.999995068));
#14015=CARTESIAN_POINT('',(17.000000261,-253.921357136,29.99999656));
#14016=CARTESIAN_POINT('',(17.000000213,-248.7669778,29.999997184));
#14017=CARTESIAN_POINT('',(17.0000001,-244.99498582,29.999998678));
#14018=CARTESIAN_POINT('',(17.000000055,-242.95097798,29.999999265));
#14019=CARTESIAN_POINT('',(50.2421875,-424.860535073,30.000000003));
#14020=CARTESIAN_POINT('',(50.2421875,-409.813224871,30.000000001));
#14021=CARTESIAN_POINT('',(50.242187508,-386.471590673,29.999999894));
#14022=CARTESIAN_POINT('',(50.242187407,-356.218019852,30.000001226));
#14023=CARTESIAN_POINT('',(50.242187464,-335.482209847,30.000000471));
#14024=CARTESIAN_POINT('',(50.24218756,-318.893561826,29.999999209));
#14025=CARTESIAN_POINT('',(50.24218761,-305.069688485,29.999998542));
#14026=CARTESIAN_POINT('',(50.242187955,-293.319396039,29.999994005));
#14027=CARTESIAN_POINT('',(50.242187952,-283.297087881,29.999994039));
#14028=CARTESIAN_POINT('',(50.24218746,-276.039554559,30.000000517));
#14029=CARTESIAN_POINT('',(50.242187184,-270.855602159,30.000004157));
#14030=CARTESIAN_POINT('',(50.242188027,-266.708439867,29.999993056));
#14031=CARTESIAN_POINT('',(50.242187767,-262.561277961,29.999996478));
#14032=CARTESIAN_POINT('',(50.242188312,-258.414115773,29.999989294));
#14033=CARTESIAN_POINT('',(50.242188068,-253.921357028,29.999992519));
#14034=CARTESIAN_POINT('',(50.242187964,-248.766977712,29.999993883));
#14035=CARTESIAN_POINT('',(50.242187718,-244.994985778,29.999997126));
#14036=CARTESIAN_POINT('',(50.242187621,-242.950977957,29.999998401));
#14037=CARTESIAN_POINT('',(102.542968764,-424.860535068,29.999999818));
#14038=CARTESIAN_POINT('',(102.542968803,-409.813224853,29.999999301));
#14039=CARTESIAN_POINT('',(102.542968608,-386.471590726,30.000001873));
#14040=CARTESIAN_POINT('',(102.542967064,-356.218020411,30.000022206));
#14041=CARTESIAN_POINT('',(102.542966616,-335.482210584,30.000028112));
#14042=CARTESIAN_POINT('',(102.542966773,-318.893562541,30.000026051));
#14043=CARTESIAN_POINT('',(102.542967266,-305.069689045,30.000019556));
#14044=CARTESIAN_POINT('',(102.542966749,-293.319396901,30.000026356));
#14045=CARTESIAN_POINT('',(102.542967108,-283.297088616,30.000021631));
#14046=CARTESIAN_POINT('',(102.542968798,-276.039554528,29.999999363));
#14047=CARTESIAN_POINT('',(102.542969736,-270.855601702,29.999987003));
#14048=CARTESIAN_POINT('',(102.54296715,-266.708440614,30.000021081));
#14049=CARTESIAN_POINT('',(102.542967994,-262.56127832,30.000009962));
#14050=CARTESIAN_POINT('',(102.542966301,-258.414116917,30.000032258));
#14051=CARTESIAN_POINT('',(102.542967061,-253.921357821,30.000022251));
#14052=CARTESIAN_POINT('',(102.542967359,-248.766978363,30.000018323));
#14053=CARTESIAN_POINT('',(102.542968101,-244.994986083,30.00000855));
#14054=CARTESIAN_POINT('',(102.54296839,-242.950978126,30.000004747));
#14055=CARTESIAN_POINT('',(173.902344388,-424.860534849,29.9999916));
#14056=CARTESIAN_POINT('',(173.902345913,-409.813224112,29.999971504));
#14057=CARTESIAN_POINT('',(173.902335362,-386.471593621,30.000110516));
#14058=CARTESIAN_POINT('',(173.90231889,-356.218028548,30.000327527));
#14059=CARTESIAN_POINT('',(173.902317386,-335.482219091,30.000347336));
#14060=CARTESIAN_POINT('',(173.902321921,-318.893569511,30.000287591));
#14061=CARTESIAN_POINT('',(173.902328448,-305.069693896,30.0002016));
#14062=CARTESIAN_POINT('',(173.90233673,-293.319398664,30.000092491));
#14063=CARTESIAN_POINT('',(173.90234188,-283.297088696,30.000024635));
#14064=CARTESIAN_POINT('',(173.902342059,-276.039555139,30.000022278));
#14065=CARTESIAN_POINT('',(173.902342011,-270.855602659,30.000022909));
#14066=CARTESIAN_POINT('',(173.902347453,-266.708438752,29.99995121));
#14067=CARTESIAN_POINT('',(173.90234638,-262.561277131,29.999965344));
#14068=CARTESIAN_POINT('',(173.902349506,-258.414114037,29.999924164));
#14069=CARTESIAN_POINT('',(173.902347999,-253.921355736,29.999944019));
#14070=CARTESIAN_POINT('',(173.902347059,-248.766976713,29.999956405));
#14071=CARTESIAN_POINT('',(173.902345343,-244.994985296,29.999979011));
#14072=CARTESIAN_POINT('',(173.902344645,-242.950977686,29.999988207));
#14073=CARTESIAN_POINT('',(227.901693726,-424.860534715,29.999986599));
#14074=CARTESIAN_POINT('',(227.901696009,-409.813223712,29.999956514));
#14075=CARTESIAN_POINT('',(227.901678191,-386.471595773,30.000191258));
#14076=CARTESIAN_POINT('',(227.901681527,-356.218023745,30.00014731));
#14077=CARTESIAN_POINT('',(227.901681695,-335.482213701,30.000145096));
#14078=CARTESIAN_POINT('',(227.901678765,-318.893566742,30.000183706));
#14079=CARTESIAN_POINT('',(227.901678235,-305.069693605,30.000190687));
#14080=CARTESIAN_POINT('',(227.901674432,-293.319402616,30.00024079));
#14081=CARTESIAN_POINT('',(227.901678913,-283.297092883,30.000181752));
#14082=CARTESIAN_POINT('',(227.901691752,-276.039554881,30.000012602));
#14083=CARTESIAN_POINT('',(227.901698905,-270.855599873,29.999918361));
#14084=CARTESIAN_POINT('',(227.90168327,-266.708443366,30.000124353));
#14085=CARTESIAN_POINT('',(227.901688649,-262.56127948,30.000053487));
#14086=CARTESIAN_POINT('',(227.901678052,-258.414121204,30.000193094));
#14087=CARTESIAN_POINT('',(227.901682625,-253.921360768,30.00013284));
#14088=CARTESIAN_POINT('',(227.901684279,-248.766980835,30.000111054));
#14089=CARTESIAN_POINT('',(227.901688769,-244.994987238,30.000051907));
#14090=CARTESIAN_POINT('',(227.90169052,-242.950978768,30.00002883));
#14091=CARTESIAN_POINT('',(275.548170229,-424.860537479,30.000090301));
#14092=CARTESIAN_POINT('',(275.548153062,-409.813233305,30.000316484));
#14093=CARTESIAN_POINT('',(275.548261687,-386.471560972,29.998885358));
#14094=CARTESIAN_POINT('',(275.548586428,-356.217876099,29.994606935));
#14095=CARTESIAN_POINT('',(275.548645884,-335.482045239,29.993823609));
#14096=CARTESIAN_POINT('',(275.548571814,-318.893423257,29.994799475));
#14097=CARTESIAN_POINT('',(275.548449755,-305.069592789,29.996407582));
#14098=CARTESIAN_POINT('',(275.548350677,-293.31933525,29.997712922));
#14099=CARTESIAN_POINT('',(275.548266058,-283.297056801,29.998827768));
#14100=CARTESIAN_POINT('',(275.548196386,-276.039547768,29.999745685));
#14101=CARTESIAN_POINT('',(275.548159766,-270.855608129,30.000228152));
#14102=CARTESIAN_POINT('',(275.548193829,-266.708434172,29.999779378));
#14103=CARTESIAN_POINT('',(275.548172929,-262.561279513,30.000054737));
#14104=CARTESIAN_POINT('',(275.54820053,-258.414107826,29.999691092));
#14105=CARTESIAN_POINT('',(275.548189059,-253.921353023,29.999842222));
#14106=CARTESIAN_POINT('',(275.548189405,-248.766973549,29.999837659));
#14107=CARTESIAN_POINT('',(275.54818204,-244.994984115,29.999934701));
#14108=CARTESIAN_POINT('',(275.54817966,-242.950977095,29.999966055));
#14109=CARTESIAN_POINT('',(313.665332825,-424.860546223,30.000418416));
#14110=CARTESIAN_POINT('',(313.665253608,-409.813263835,30.001462092));
#14111=CARTESIAN_POINT('',(313.665758786,-386.471452272,29.994806432));
#14112=CARTESIAN_POINT('',(313.667132166,-356.217399224,29.976712321));
#14113=CARTESIAN_POINT('',(313.667574504,-335.481433935,29.970884565));
#14114=CARTESIAN_POINT('',(313.667386196,-318.892852062,29.973365504));
#14115=CARTESIAN_POINT('',(313.666867616,-305.069160811,29.980197724));
#14116=CARTESIAN_POINT('',(313.666245051,-293.319087068,29.98839995));
#14117=CARTESIAN_POINT('',(313.66574931,-283.296952962,29.994931267));
#14118=CARTESIAN_POINT('',(313.665510103,-276.039503453,29.998082792));
#14119=CARTESIAN_POINT('',(313.665387705,-270.855593931,29.999695369));
#14120=CARTESIAN_POINT('',(313.665246206,-266.708481614,30.001559602));
#14121=CARTESIAN_POINT('',(313.665223561,-262.561327567,30.001857949));
#14122=CARTESIAN_POINT('',(313.66516928,-258.414184629,30.002573099));
#14123=CARTESIAN_POINT('',(313.665200645,-253.921414786,30.00215987));
#14124=CARTESIAN_POINT('',(313.665247043,-248.767019143,30.001548577));
#14125=CARTESIAN_POINT('',(313.665304267,-244.995007032,30.000794654));
#14126=CARTESIAN_POINT('',(313.665329901,-242.950990177,30.00045694));
#14127=CARTESIAN_POINT('',(343.841422282,-424.860552302,30.000646515));
#14128=CARTESIAN_POINT('',(343.841296105,-409.813286401,30.002308886));
#14129=CARTESIAN_POINT('',(343.842052655,-386.471386582,29.992341431));
#14130=CARTESIAN_POINT('',(343.844735316,-356.216873848,29.9569977));
#14131=CARTESIAN_POINT('',(343.84644899,-335.480462195,29.934420263));
#14132=CARTESIAN_POINT('',(343.846904542,-318.891654264,29.928418421));
#14133=CARTESIAN_POINT('',(343.846137879,-305.068050115,29.938519113));
#14134=CARTESIAN_POINT('',(343.844695695,-293.318264138,29.957519707));
#14135=CARTESIAN_POINT('',(343.843097138,-283.29651723,29.978580498));
#14136=CARTESIAN_POINT('',(343.842003605,-276.039367672,29.992987659));
#14137=CARTESIAN_POINT('',(343.841409235,-270.855623859,30.000818416));
#14138=CARTESIAN_POINT('',(343.841270946,-266.708510415,30.00264035));
#14139=CARTESIAN_POINT('',(343.841055846,-262.561423939,30.005474273));
#14140=CARTESIAN_POINT('',(343.84110666,-258.414244101,30.004804799));
#14141=CARTESIAN_POINT('',(343.841107479,-253.921484984,30.004794015));
#14142=CARTESIAN_POINT('',(343.841236584,-248.767060302,30.003093064));
#14143=CARTESIAN_POINT('',(343.841340233,-244.995031891,30.001727506));
#14144=CARTESIAN_POINT('',(343.841393831,-242.951005218,30.001021363));
#14145=CARTESIAN_POINT('',(366.870564013,-424.860549627,30.000546168));
#14146=CARTESIAN_POINT('',(366.870452091,-409.813278722,30.002020736));
#14147=CARTESIAN_POINT('',(366.871058482,-386.471431624,29.994031602));
#14148=CARTESIAN_POINT('',(366.874143486,-356.216777627,29.953387056));
#14149=CARTESIAN_POINT('',(366.877338624,-335.479845835,29.911291501));
#14150=CARTESIAN_POINT('',(366.88006112,-318.890241983,29.875422951));
#14151=CARTESIAN_POINT('',(366.880850321,-305.066091573,29.865025326));
#14152=CARTESIAN_POINT('',(366.878903892,-293.316482636,29.890669286));
#14153=CARTESIAN_POINT('',(366.875189898,-283.295478454,29.939600702));
#14154=CARTESIAN_POINT('',(366.872399105,-276.038924802,29.976369058));
#14155=CARTESIAN_POINT('',(366.870754518,-270.855549718,29.998036291));
#14156=CARTESIAN_POINT('',(366.869335178,-266.708886049,30.016735919));
#14157=CARTESIAN_POINT('',(366.868870689,-262.561887133,30.022855506));
#14158=CARTESIAN_POINT('',(366.868396178,-258.414891736,30.029107132));
#14159=CARTESIAN_POINT('',(366.868640119,-253.922047259,30.025893247));
#14160=CARTESIAN_POINT('',(366.869193183,-248.767473726,30.018606687));
#14161=CARTESIAN_POINT('',(366.869846652,-244.995252274,30.009997315));
#14162=CARTESIAN_POINT('',(366.870162336,-242.951133583,30.005838219));
#14163=CARTESIAN_POINT('',(383.546850817,-424.860543563,30.000318609));
#14164=CARTESIAN_POINT('',(383.546781672,-409.813257639,30.001229587));
#14165=CARTESIAN_POINT('',(383.547112898,-386.47150715,29.996865718));
#14166=CARTESIAN_POINT('',(383.549505457,-356.21709627,29.965344046));
#14167=CARTESIAN_POINT('',(383.55270774,-335.480161969,29.923154362));
#14168=CARTESIAN_POINT('',(383.557022954,-318.889998917,29.866301951));
#14169=CARTESIAN_POINT('',(383.56128491,-305.064629228,29.810151199));
#14170=CARTESIAN_POINT('',(383.563310282,-293.313625799,29.78346718));
#14171=CARTESIAN_POINT('',(383.559344569,-283.292709994,29.835714953));
#14172=CARTESIAN_POINT('',(383.55225704,-276.03766492,29.929092283));
#14173=CARTESIAN_POINT('',(383.546791003,-270.85563154,30.001106646));
#14174=CARTESIAN_POINT('',(383.543714831,-266.709549582,30.041634839));
#14175=CARTESIAN_POINT('',(383.540918865,-262.563369244,30.078471351));
#14176=CARTESIAN_POINT('',(383.539700448,-258.416635031,30.094523838));
#14177=CARTESIAN_POINT('',(383.539360278,-253.923995634,30.099005539));
#14178=CARTESIAN_POINT('',(383.541048455,-248.769023566,30.07676402));
#14179=CARTESIAN_POINT('',(383.543424795,-244.996197216,30.045456028));
#14180=CARTESIAN_POINT('',(383.544800353,-242.951706405,30.027333221));
#14181=CARTESIAN_POINT('',(394.664375398,-424.860539505,30.000166311));
#14182=CARTESIAN_POINT('',(394.664336956,-409.8132428,30.000672768));
#14183=CARTESIAN_POINT('',(394.664498168,-386.471552004,29.998548831));
#14184=CARTESIAN_POINT('',(394.666088497,-356.217422785,29.977596432));
#14185=CARTESIAN_POINT('',(394.66849725,-335.480767091,29.945861406));
#14186=CARTESIAN_POINT('',(394.67247332,-318.890723111,29.893477168));
#14187=CARTESIAN_POINT('',(394.677893788,-305.064946671,29.822063167));
#14188=CARTESIAN_POINT('',(394.683763522,-293.312593492,29.74473014));
#14189=CARTESIAN_POINT('',(394.685090758,-283.289819343,29.727243971));
#14190=CARTESIAN_POINT('',(394.67664519,-276.035251073,29.838513302));
#14191=CARTESIAN_POINT('',(394.665266114,-270.855293752,29.988431232));
#14192=CARTESIAN_POINT('',(394.654307265,-266.711979389,30.132812727));
#14193=CARTESIAN_POINT('',(394.644187717,-262.568370348,30.266136529));
#14194=CARTESIAN_POINT('',(394.636703805,-258.42383594,30.364736146));
#14195=CARTESIAN_POINT('',(394.634443775,-253.931870603,30.394511767));
#14196=CARTESIAN_POINT('',(394.640475197,-248.775373628,30.315048527));
#14197=CARTESIAN_POINT('',(394.650491001,-244.999865075,30.18309153));
#14198=CARTESIAN_POINT('',(394.656076729,-242.953896081,30.109500258));
#14199=CARTESIAN_POINT('',(402.605462694,-424.860537199,30.000079783));
#14200=CARTESIAN_POINT('',(402.605442705,-409.813234016,30.000343143));
#14201=CARTESIAN_POINT('',(402.605513449,-386.471574982,29.999411099));
#14202=CARTESIAN_POINT('',(402.606476087,-356.217666145,29.986728463));
#14203=CARTESIAN_POINT('',(402.608057242,-335.481301019,29.965896938));
#14204=CARTESIAN_POINT('',(402.611000449,-318.891619676,29.927120544));
#14205=CARTESIAN_POINT('',(402.615814496,-305.066056149,29.863696068));
#14206=CARTESIAN_POINT('',(402.622553268,-293.313397853,29.774913564));
#14207=CARTESIAN_POINT('',(402.62944398,-283.288670376,29.684129276));
#14208=CARTESIAN_POINT('',(402.624312851,-276.032938412,29.751731275));
#14209=CARTESIAN_POINT('',(402.607356428,-270.854939288,29.97513007));
#14210=CARTESIAN_POINT('',(402.586468292,-266.715111081,30.250328705));
#14211=CARTESIAN_POINT('',(402.561230178,-262.576810144,30.582837768));
#14212=CARTESIAN_POINT('',(402.543389939,-258.435911826,30.817880726));
#14213=CARTESIAN_POINT('',(402.536586733,-253.94554159,30.907512129));
#14214=CARTESIAN_POINT('',(402.551051674,-248.786083621,30.71693831));
#14215=CARTESIAN_POINT('',(402.575056664,-245.005663488,30.400675513));
#14216=CARTESIAN_POINT('',(402.587482537,-242.95729293,30.236966149));
#14217=CARTESIAN_POINT('',(409.355385108,-424.860535867,30.000029804));
#14218=CARTESIAN_POINT('',(409.355376605,-409.813228651,30.000141831));
#14219=CARTESIAN_POINT('',(409.355400446,-386.471586085,29.999827722));
#14220=CARTESIAN_POINT('',(409.355868436,-356.217850918,29.993662014));
#14221=CARTESIAN_POINT('',(409.356687475,-335.48175337,29.982871273));
#14222=CARTESIAN_POINT('',(409.358348859,-318.892522073,29.960982747));
#14223=CARTESIAN_POINT('',(409.361476984,-305.06755047,29.919770074));
#14224=CARTESIAN_POINT('',(409.366344352,-293.31554922,29.8556431));
#14225=CARTESIAN_POINT('',(409.374765591,-283.290284378,29.744694316));
#14226=CARTESIAN_POINT('',(409.378299773,-276.031510038,29.698131901));
#14227=CARTESIAN_POINT('',(409.361952724,-270.853296964,29.913502259));
#14228=CARTESIAN_POINT('',(409.320576668,-266.720662032,30.458626731));
#14229=CARTESIAN_POINT('',(409.274815581,-262.589566677,31.061523443));
#14230=CARTESIAN_POINT('',(409.236080675,-258.456004441,31.57185108));
#14231=CARTESIAN_POINT('',(409.225753585,-253.966871436,31.707909236));
#14232=CARTESIAN_POINT('',(409.255119792,-248.802181656,31.321013056));
#14233=CARTESIAN_POINT('',(409.301752461,-245.013816983,30.706633349));
#14234=CARTESIAN_POINT('',(409.32407896,-242.961970331,30.412484457));
#14235=CARTESIAN_POINT('',(415.311197387,-424.860535258,30.000006975));
#14236=CARTESIAN_POINT('',(415.311194824,-409.813225957,30.000040742));
#14237=CARTESIAN_POINT('',(415.311200828,-386.471589654,29.999961646));
#14238=CARTESIAN_POINT('',(415.311331638,-356.21797287,29.99823824));
#14239=CARTESIAN_POINT('',(415.311564811,-335.482081019,29.995166214));
#14240=CARTESIAN_POINT('',(415.312116646,-318.893239282,29.987895856));
#14241=CARTESIAN_POINT('',(415.31314509,-305.069004874,29.974346231));
#14242=CARTESIAN_POINT('',(415.315175092,-293.317999819,29.947601206));
#14243=CARTESIAN_POINT('',(415.317598981,-283.294840636,29.915666761));
#14244=CARTESIAN_POINT('',(415.323611739,-276.035196072,29.836449417));
#14245=CARTESIAN_POINT('',(415.31702994,-270.853554435,29.923163805));
#14246=CARTESIAN_POINT('',(415.27282833,-266.72191155,30.5055146));
#14247=CARTESIAN_POINT('',(415.180669564,-262.607106344,31.719695056));
#14248=CARTESIAN_POINT('',(415.119082556,-258.481567443,32.531096332));
#14249=CARTESIAN_POINT('',(415.09993461,-253.995531426,32.783368182));
#14250=CARTESIAN_POINT('',(415.1575525,-248.820922527,32.024259536));
#14251=CARTESIAN_POINT('',(415.232836929,-245.022498268,31.032396405));
#14252=CARTESIAN_POINT('',(415.266150948,-242.966793916,30.593488293));
#14253=CARTESIAN_POINT('',(420.075846496,-424.860535023,29.999998135));
#14254=CARTESIAN_POINT('',(420.075846486,-409.813224825,29.999998264));
#14255=CARTESIAN_POINT('',(420.075847076,-386.471590423,29.999990493));
#14256=CARTESIAN_POINT('',(420.075810239,-356.218032499,30.000475812));
#14257=CARTESIAN_POINT('',(420.075764989,-335.482238402,30.00107198));
#14258=CARTESIAN_POINT('',(420.07558767,-318.89365267,30.003408134));
#14259=CARTESIAN_POINT('',(420.075510948,-305.069806284,30.004418936));
#14260=CARTESIAN_POINT('',(420.074464843,-293.319881245,30.018201236));
#14261=CARTESIAN_POINT('',(420.075768235,-283.297115467,30.001029206));
#14262=CARTESIAN_POINT('',(420.0685143,-276.042128817,30.09659892));
#14263=CARTESIAN_POINT('',(420.091733504,-270.850024097,29.790688751));
#14264=CARTESIAN_POINT('',(420.028596332,-266.725029456,30.622513249));
#14265=CARTESIAN_POINT('',(419.906009268,-262.620907575,32.237582806));
#14266=CARTESIAN_POINT('',(419.806516964,-258.508677162,33.54838172));
#14267=CARTESIAN_POINT('',(419.809221446,-254.014968792,33.512750491));
#14268=CARTESIAN_POINT('',(419.897834494,-248.829477545,32.345284446));
#14269=CARTESIAN_POINT('',(419.987268769,-245.026085299,31.166998835));
#14270=CARTESIAN_POINT('',(420.025355648,-242.968705203,30.665208862));
#14271=CARTESIAN_POINT('',(424.046387199,-424.860534904,29.999993668));
#14272=CARTESIAN_POINT('',(424.046388141,-409.813224372,29.999981259));
#14273=CARTESIAN_POINT('',(424.046382084,-386.471592303,30.000061067));
#14274=CARTESIAN_POINT('',(424.046287073,-356.218054805,30.001312823));
#14275=CARTESIAN_POINT('',(424.046096896,-335.482311591,30.003818381));
#14276=CARTESIAN_POINT('',(424.045666878,-318.893814581,30.009483809));
#14277=CARTESIAN_POINT('',(424.044668584,-305.070291758,30.022636219));
#14278=CARTESIAN_POINT('',(424.043173912,-293.32052421,30.042328342));
#14279=CARTESIAN_POINT('',(424.040694044,-283.299086728,30.075000299));
#14280=CARTESIAN_POINT('',(424.041723894,-276.041191655,30.061432144));
#14281=CARTESIAN_POINT('',(424.025840705,-270.86281572,30.270691214));
#14282=CARTESIAN_POINT('',(423.969901555,-266.735293866,31.007682654));
#14283=CARTESIAN_POINT('',(423.87235282,-262.622381069,32.292875286));
#14284=CARTESIAN_POINT('',(423.779581305,-258.507790998,33.515128631));
#14285=CARTESIAN_POINT('',(423.780297826,-254.014780598,33.505688559));
#14286=CARTESIAN_POINT('',(423.876679304,-248.826561868,32.235874394));
#14287=CARTESIAN_POINT('',(423.962566273,-245.024415075,31.104324108));
#14288=CARTESIAN_POINT('',(423.998713956,-242.967715828,30.628082802));
#14289=CARTESIAN_POINT('',(428.016927586,-424.860534896,29.999993382));
#14290=CARTESIAN_POINT('',(428.016928626,-409.813224329,29.99997967));
#14291=CARTESIAN_POINT('',(428.01692089,-386.47159285,30.000081596));
#14292=CARTESIAN_POINT('',(428.016814986,-356.218059176,30.001476864));
#14293=CARTESIAN_POINT('',(428.01660668,-335.482322328,30.004221275));
#14294=CARTESIAN_POINT('',(428.016051431,-318.893869287,30.011536612));
#14295=CARTESIAN_POINT('',(428.014851214,-305.070417358,30.027349319));
#14296=CARTESIAN_POINT('',(428.012539586,-293.320936642,30.057804742));
#14297=CARTESIAN_POINT('',(428.010564075,-283.299322081,30.08383186));
#14298=CARTESIAN_POINT('',(428.006862367,-276.04308825,30.132601406));
#14299=CARTESIAN_POINT('',(427.984307883,-270.867054596,30.429753969));
#14300=CARTESIAN_POINT('',(427.938805356,-266.735868461,31.029244191));
#14301=CARTESIAN_POINT('',(427.87265465,-262.611931868,31.900771627));
#14302=CARTESIAN_POINT('',(427.824327986,-258.481737282,32.537469501));
#14303=CARTESIAN_POINT('',(427.82138277,-253.990012513,32.576272362));
#14304=CARTESIAN_POINT('',(427.884569724,-248.813448325,31.743791993));
#14305=CARTESIAN_POINT('',(427.950890786,-245.01817109,30.870020132));
#14306=CARTESIAN_POINT('',(427.979243808,-242.964208536,30.496472532));
#14307=CARTESIAN_POINT('',(431.906762881,-424.860535,29.99999728));
#14308=CARTESIAN_POINT('',(431.906763154,-409.813224703,29.999993679));
#14309=CARTESIAN_POINT('',(431.90675726,-386.471592577,30.000071338));
#14310=CARTESIAN_POINT('',(431.90668027,-356.218048751,30.001085663));
#14311=CARTESIAN_POINT('',(431.906524967,-335.482293293,30.003131768));
#14312=CARTESIAN_POINT('',(431.906067338,-318.893805978,30.009160973));
#14313=CARTESIAN_POINT('',(431.905020196,-305.070300305,30.022956941));
#14314=CARTESIAN_POINT('',(431.902910353,-293.320748742,30.050753859));
#14315=CARTESIAN_POINT('',(431.900840426,-283.299167331,30.078024901));
#14316=CARTESIAN_POINT('',(431.895781416,-276.043410046,30.144676726));
#14317=CARTESIAN_POINT('',(431.878606433,-270.865487659,30.370955031));
#14318=CARTESIAN_POINT('',(431.853379204,-266.7271829,30.703320679));
#14319=CARTESIAN_POINT('',(431.820805269,-262.591457558,31.132478281));
#14320=CARTESIAN_POINT('',(431.795457783,-258.453195021,31.466428303));
#14321=CARTESIAN_POINT('',(431.794456648,-253.960787688,31.479618132));
#14322=CARTESIAN_POINT('',(431.826951723,-248.794999368,31.051499506));
#14323=CARTESIAN_POINT('',(431.866268279,-245.00920337,30.533508691));
#14324=CARTESIAN_POINT('',(431.883644574,-242.959094727,30.304578135));
#14325=CARTESIAN_POINT('',(434.605436211,-424.860535053,29.999999275));
#14326=CARTESIAN_POINT('',(434.605436238,-409.813224843,29.999998923));
#14327=CARTESIAN_POINT('',(434.605432732,-386.471591878,30.00004511));
#14328=CARTESIAN_POINT('',(434.605389774,-356.218036104,30.000611077));
#14329=CARTESIAN_POINT('',(434.605301414,-335.482257142,30.001775207));
#14330=CARTESIAN_POINT('',(434.60502764,-318.893705276,30.00538214));
#14331=CARTESIAN_POINT('',(434.604369054,-305.070063181,30.014058936));
#14332=CARTESIAN_POINT('',(434.603027339,-293.320241931,30.031735872));
#14333=CARTESIAN_POINT('',(434.601442102,-283.298490345,30.052621165));
#14334=CARTESIAN_POINT('',(434.597952312,-276.04218211,30.098598726));
#14335=CARTESIAN_POINT('',(434.588518236,-270.861541902,30.222891523));
#14336=CARTESIAN_POINT('',(434.575925814,-266.718801084,30.388795144));
#14337=CARTESIAN_POINT('',(434.560390868,-262.577093381,30.593466154));
#14338=CARTESIAN_POINT('',(434.548297843,-258.434177225,30.752790276));
#14339=CARTESIAN_POINT('',(434.547716373,-253.941622548,30.76045106));
#14340=CARTESIAN_POINT('',(434.564543473,-248.781335228,30.538756084));
#14341=CARTESIAN_POINT('',(434.581559814,-245.003368799,30.314567881));
#14342=CARTESIAN_POINT('',(434.590769683,-242.956127374,30.193228984));
#14343=CARTESIAN_POINT('',(435.715893514,-424.860535065,29.999999699));
#14344=CARTESIAN_POINT('',(435.715893501,-409.813224868,29.999999882));
#14345=CARTESIAN_POINT('',(435.715891096,-386.471591517,30.000031557));
#14346=CARTESIAN_POINT('',(435.715862311,-356.218030767,30.000410803));
#14347=CARTESIAN_POINT('',(435.715802678,-335.482241719,30.001196461));
#14348=CARTESIAN_POINT('',(435.715614675,-318.893659739,30.003673378));
#14349=CARTESIAN_POINT('',(435.715154526,-305.069947973,30.009735786));
#14350=CARTESIAN_POINT('',(435.714214116,-293.319985825,30.022125569));
#14351=CARTESIAN_POINT('',(435.713039449,-283.298090089,30.037601667));
#14352=CARTESIAN_POINT('',(435.710544954,-276.041432408,30.070466329));
#14353=CARTESIAN_POINT('',(435.704270983,-270.859682692,30.153125123));
#14354=CARTESIAN_POINT('',(435.69616931,-266.715365179,30.259863669));
#14355=CARTESIAN_POINT('',(435.686331851,-262.571657098,30.389470998));
#14356=CARTESIAN_POINT('',(435.678708683,-258.427171583,30.489905291));
#14357=CARTESIAN_POINT('',(435.678199411,-253.934591557,30.496614888));
#14358=CARTESIAN_POINT('',(435.689665277,-248.776186558,30.345553515));
#14359=CARTESIAN_POINT('',(435.698772812,-245.000996897,30.225562858));
#14360=CARTESIAN_POINT('',(435.705028818,-242.954792569,30.143140737));
#14361=B_SPLINE_SURFACE_WITH_KNOTS('',3,3,((#14001,#14002,#14003,#14004,#14005,#14006,#14007,#14008,#14009,#14010,#14011,#14012,#14013,#14014,#14015,#14016,#14017,#14018),(#14019,#14020,#14021,#14022,#14023,#14024,#14025,#14026,#14027,#14028,#14029,#14030,#14031,#14032,#14033,#14034,#14035,#14036),(#14037,#14038,#14039,#14040,#14041,#14042,#14043,#14044,#14045,#14046,#14047,#14048,#14049,#14050,#14051,#14052,#14053,#14054),(#14055,#14056,#14057,#14058,#14059,#14060,#14061,#14062,#14063,#14064,#14065,#14066,#14067,#14068,#14069,#14070,#14071,#14072),(#14073,#14074,#14075,#14076,#14077,#14078,#14079,#14080,#14081,#14082,#14083,#14084,#14085,#14086,#14087,#14088,#14089,#14090),(#14091,#14092,#14093,#14094,#14095,#14096,#14097,#14098,#14099,#14100,#14101,#14102,#14103,#14104,#14105,#14106,#14107,#14108),(#14109,#14110,#14111,#14112,#14113,#14114,#14115,#14116,#14117,#14118,#14119,#14120,#14121,#14122,#14123,#14124,#14125,#14126),(#14127,#14128,#14129,#14130,#14131,#14132,#14133,#14134,#14135,#14136,#14137,#14138,#14139,#14140,#14141,#14142,#14143,#14144),(#14145,#14146,#14147,#14148,#14149,#14150,#14151,#14152,#14153,#14154,#14155,#14156,#14157,#14158,#14159,#14160,#14161,#14162),(#14163,#14164,#14165,#14166,#14167,#14168,#14169,#14170,#14171,#14172,#14173,#14174,#14175,#14176,#14177,#14178,#14179,#14180),(#14181,#14182,#14183,#14184,#14185,#14186,#14187,#14188,#14189,#14190,#14191,#14192,#14193,#14194,#14195,#14196,#14197,#14198),(#14199,#14200,#14201,#14202,#14203,#14204,#14205,#14206,#14207,#14208,#14209,#14210,#14211,#14212,#14213,#14214,#14215,#14216),(#14217,#14218,#14219,#14220,#14221,#14222,#14223,#14224,#14225,#14226,#14227,#14228,#14229,#14230,#14231,#14232,#14233,#14234),(#14235,#14236,#14237,#14238,#14239,#14240,#14241,#14242,#14243,#14244,#14245,#14246,#14247,#14248,#14249,#14250,#14251,#14252),(#14253,#14254,#14255,#14256,#14257,#14258,#14259,#14260,#14261,#14262,#14263,#14264,#14265,#14266,#14267,#14268,#14269,#14270),(#14271,#14272,#14273,#14274,#14275,#14276,#14277,#14278,#14279,#14280,#14281,#14282,#14283,#14284,#14285,#14286,#14287,#14288),(#14289,#14290,#14291,#14292,#14293,#14294,#14295,#14296,#14297,#14298,#14299,#14300,#14301,#14302,#14303,#14304,#14305,#14306),(#14307,#14308,#14309,#14310,#14311,#14312,#14313,#14314,#14315,#14316,#14317,#14318,#14319,#14320,#14321,#14322,#14323,#14324),(#14325,#14326,#14327,#14328,#14329,#14330,#14331,#14332,#14333,#14334,#14335,#14336,#14337,#14338,#14339,#14340,#14341,#14342),(#14343,#14344,#14345,#14346,#14347,#14348,#14349,#14350,#14351,#14352,#14353,#14354,#14355,#14356,#14357,#14358,#14359,#14360)),.UNSPECIFIED.,.F.,.F.,.U.,(4,1,1,1,1,1,1,1,1,1,1,1,1,1,1,1,1,4),(4,1,1,1,1,1,1,1,1,1,1,1,1,1,1,4),(0.017,0.116726563,0.173902344,0.231078125,0.278724609,0.316841797,0.345429688,0.36925293,0.385929199,0.395458496,0.402605469,0.409752441,0.415708252,0.4204729,0.424046387,0.427619873,0.432384521,0.435715893),(-0.414860535,-0.369718604,-0.344835632,-0.324099823,-0.307511175,-0.295069689,-0.282628203,-0.272260298,-0.265002764,-0.260855602,-0.25670844,-0.252561278,-0.248414116,-0.244266954,-0.239083002,-0.232950978),.UNSPECIFIED.);
#14362=CARTESIAN_POINT('',(29.071127665,-254.219293594,30.));
#14363=VERTEX_POINT('',#14362);
#14364=CARTESIAN_POINT('',(26.266418505,-253.702318652,30.));
#14365=VERTEX_POINT('',#14364);
#14366=CARTESIAN_POINT('',(27.621127665,-254.219293594,30.));
#14367=DIRECTION('',(0.,0.,1.));
#14368=DIRECTION('',(1.,0.,-0.));
#14369=AXIS2_PLACEMENT_3D('',#14366,#14367,#14368);
#14370=CIRCLE('',#14369,1.45);
#14371=EDGE_CURVE('',#14363,#14365,#14370,.T.);
#14372=ORIENTED_EDGE('',*,*,#14371,.F.);
#14373=CARTESIAN_POINT('',(28.951957351,-254.794960467,30.));
#14374=VERTEX_POINT('',#14373);
#14375=CARTESIAN_POINT('',(27.621127665,-254.219293594,30.));
#14376=DIRECTION('',(0.,0.,1.));
#14377=DIRECTION('',(1.,0.,-0.));
#14378=AXIS2_PLACEMENT_3D('',#14375,#14376,#14377);
#14379=CIRCLE('',#14378,1.45);
#14380=EDGE_CURVE('',#14374,#14363,#14379,.T.);
#14381=ORIENTED_EDGE('',*,*,#14380,.F.);
#14382=CARTESIAN_POINT('',(27.59724819,-254.277985524,30.));
#14383=DIRECTION('',(0.,0.,1.));
#14384=DIRECTION('',(1.,0.,-0.));
#14385=AXIS2_PLACEMENT_3D('',#14382,#14383,#14384);
#14386=CIRCLE('',#14385,1.45);
#14387=EDGE_CURVE('',#14365,#14374,#14386,.T.);
#14388=ORIENTED_EDGE('',*,*,#14387,.F.);
#14389=EDGE_LOOP('',(#14372,#14381,#14388));
#14390=FACE_BOUND('',#14389,.T.);
#14391=CARTESIAN_POINT('',(423.175702799,-256.380445416,33.395684999));
#14392=VERTEX_POINT('',#14391);
#14393=CARTESIAN_POINT('',(423.175988387,-256.380425956,33.4));
#14394=CARTESIAN_POINT('',(423.175982732,-256.190646941,33.4));
#14395=CARTESIAN_POINT('',(423.138227898,-256.000869009,33.4));
#14396=CARTESIAN_POINT('',(423.065597388,-255.825538226,33.4));
#14397=CARTESIAN_POINT('',(422.992966878,-255.650207443,33.4));
#14398=CARTESIAN_POINT('',(422.885461089,-255.489323645,33.4));
#14399=CARTESIAN_POINT('',(422.751263062,-255.355133616,33.4));
#14400=CARTESIAN_POINT('',(422.617065034,-255.220943587,33.4));
#14401=CARTESIAN_POINT('',(422.456175072,-255.113447023,33.4));
#14402=CARTESIAN_POINT('',(422.28083996,-255.040826964,33.4));
#14403=CARTESIAN_POINT('',(422.105504849,-254.968206904,33.4));
#14404=CARTESIAN_POINT('',(421.915724752,-254.930462952,33.4));
#14405=CARTESIAN_POINT('',(421.725945737,-254.930468608,33.4));
#14406=CARTESIAN_POINT('',(421.536166723,-254.930474263,33.4));
#14407=CARTESIAN_POINT('',(421.34638879,-254.968229097,33.4));
#14408=CARTESIAN_POINT('',(421.171058007,-255.040859607,33.4));
#14409=CARTESIAN_POINT('',(420.995727224,-255.113490117,33.4));
#14410=CARTESIAN_POINT('',(420.834843426,-255.220995906,33.4));
#14411=CARTESIAN_POINT('',(420.700653397,-255.355193933,33.4));
#14412=CARTESIAN_POINT('',(420.566463368,-255.489391961,33.4));
#14413=CARTESIAN_POINT('',(420.458966804,-255.650281923,33.4));
#14414=CARTESIAN_POINT('',(420.386346745,-255.825617035,33.4));
#14415=CARTESIAN_POINT('',(420.313726685,-256.000952146,33.4));
#14416=CARTESIAN_POINT('',(420.275982733,-256.190732243,33.4));
#14417=CARTESIAN_POINT('',(420.275988389,-256.380511258,33.4));
#14418=CARTESIAN_POINT('',(420.275994045,-256.570290272,33.4));
#14419=CARTESIAN_POINT('',(420.313748878,-256.760068205,33.4));
#14420=CARTESIAN_POINT('',(420.386379388,-256.935398988,33.4));
#14421=CARTESIAN_POINT('',(420.459009898,-257.110729771,33.4));
#14422=CARTESIAN_POINT('',(420.566515687,-257.271613569,33.4));
#14423=CARTESIAN_POINT('',(420.700713715,-257.405803598,33.4));
#14424=CARTESIAN_POINT('',(420.834911742,-257.539993627,33.4));
#14425=CARTESIAN_POINT('',(420.995801704,-257.647490191,33.4));
#14426=CARTESIAN_POINT('',(421.171136816,-257.72011025,33.4));
#14427=CARTESIAN_POINT('',(421.346471927,-257.79273031,33.4));
#14428=CARTESIAN_POINT('',(421.536252024,-257.830474262,33.4));
#14429=CARTESIAN_POINT('',(421.726031039,-257.830468606,33.4));
#14430=CARTESIAN_POINT('',(421.915810054,-257.83046295,33.4));
#14431=CARTESIAN_POINT('',(422.105587986,-257.792708117,33.4));
#14432=CARTESIAN_POINT('',(422.280918769,-257.720077607,33.4));
#14433=CARTESIAN_POINT('',(422.456249552,-257.647447097,33.4));
#14434=CARTESIAN_POINT('',(422.61713335,-257.539941308,33.4));
#14435=CARTESIAN_POINT('',(422.751323379,-257.40574328,33.4));
#14436=CARTESIAN_POINT('',(422.885513408,-257.271545253,33.4));
#14437=CARTESIAN_POINT('',(422.993009972,-257.110655291,33.4));
#14438=CARTESIAN_POINT('',(423.065630031,-256.935320179,33.4));
#14439=CARTESIAN_POINT('',(423.138250091,-256.759985068,33.4));
#14440=CARTESIAN_POINT('',(423.175994043,-256.570204971,33.4));
#14441=CARTESIAN_POINT('',(423.175988387,-256.380425956,33.4));
#14442=B_SPLINE_CURVE_WITH_KNOTS('',3,(#14393,#14394,#14395,#14396,#14397,#14398,#14399,#14400,#14401,#14402,#14403,#14404,#14405,#14406,#14407,#14408,#14409,#14410,#14411,#14412,#14413,#14414,#14415,#14416,#14417,#14418,
#14419,#14420,#14421,#14422,#14423,#14424,#14425,#14426,#14427,#14428,#14429,#14430,#14431,#14432,#14433,#14434,#14435,#14436,#14437,#14438,#14439,#14440,#14441),.UNSPECIFIED.,.T.,.F.,(4,3,3,3,3,3,3,3,3,3,3,3,3,3,3,3,4),(0.000004682,0.062504682,0.125004682,0.187504682,0.250004682,0.312504682,0.375004682,0.437504682,0.500004682,0.562504682,0.625004682,0.687504682,0.750004682,0.812504682,0.875004682,0.937504682,1.000004682),.UNSPECIFIED.);
#14443=EDGE_CURVE('',#14392,#14392,#14442,.T.);
#14444=ORIENTED_EDGE('',*,*,#14443,.F.);
#14445=EDGE_LOOP('',(#14444));
#14446=FACE_BOUND('',#14445,.T.);
#14447=CARTESIAN_POINT('',(427.75747761,-416.495620283,30.));
#14448=VERTEX_POINT('',#14447);
#14449=CARTESIAN_POINT('',(426.30747761,-416.495620283,30.));
#14450=DIRECTION('',(0.,0.,1.));
#14451=DIRECTION('',(1.,0.,-0.));
#14452=AXIS2_PLACEMENT_3D('',#14449,#14450,#14451);
#14453=CIRCLE('',#14452,1.45);
#14454=EDGE_CURVE('',#14448,#14448,#14453,.T.);
#14455=ORIENTED_EDGE('',*,*,#14454,.F.);
#14456=EDGE_LOOP('',(#14455));
#14457=FACE_BOUND('',#14456,.T.);
#14458=CARTESIAN_POINT('',(25.964670334,-419.620558423,30.));
#14459=VERTEX_POINT('',#14458);
#14460=CARTESIAN_POINT('',(24.514670334,-419.620558423,30.));
#14461=DIRECTION('',(0.,0.,1.));
#14462=DIRECTION('',(1.,0.,-0.));
#14463=AXIS2_PLACEMENT_3D('',#14460,#14461,#14462);
#14464=CIRCLE('',#14463,1.45);
#14465=EDGE_CURVE('',#14459,#14459,#14464,.T.);
#14466=ORIENTED_EDGE('',*,*,#14465,.F.);
#14467=EDGE_LOOP('',(#14466));
#14468=FACE_BOUND('',#14467,.T.);
#14469=ORIENTED_EDGE('',*,*,#13761,.F.);
#14470=ORIENTED_EDGE('',*,*,#13734,.F.);
#14471=ORIENTED_EDGE('',*,*,#13783,.F.);
#14472=ORIENTED_EDGE('',*,*,#12543,.F.);
#14473=EDGE_LOOP('',(#14469,#14470,#14471,#14472));
#14474=FACE_BOUND('',#14473,.T.);
#14475=CARTESIAN_POINT('',(17.,-424.860535056,30.));
#14476=VERTEX_POINT('',#14475);
#14477=CARTESIAN_POINT('',(435.,-424.860535056,30.));
#14478=VERTEX_POINT('',#14477);
#14479=CARTESIAN_POINT('',(17.,-424.860535056,30.000000001));
#14480=CARTESIAN_POINT('',(156.333333317,-424.860535061,30.000000009));
#14481=CARTESIAN_POINT('',(295.666672226,-424.860533104,29.999926334));
#14482=CARTESIAN_POINT('',(435.,-424.860535056,29.999999373));
#14483=B_SPLINE_CURVE_WITH_KNOTS('',3,(#14479,#14480,#14481,#14482),.UNSPECIFIED.,.F.,.F.,(4,4),(0.,1.),.UNSPECIFIED.);
#14484=EDGE_CURVE('',#14476,#14478,#14483,.T.);
#14485=ORIENTED_EDGE('',*,*,#14484,.T.);
#14486=CARTESIAN_POINT('',(435.00003601,-424.860536263,29.999999373));
#14487=CARTESIAN_POINT('',(435.00003365,-409.776300658,29.999999101));
#14488=CARTESIAN_POINT('',(435.000020219,-394.692071456,30.000025544));
#14489=CARTESIAN_POINT('',(435.000189639,-379.607851577,30.000195996));
#14490=CARTESIAN_POINT('',(435.00035906,-364.523631697,30.000366448));
#14491=CARTESIAN_POINT('',(435.000295476,-349.439377405,30.00023803));
#14492=CARTESIAN_POINT('',(435.002048727,-334.355480303,30.002147474));
#14493=CARTESIAN_POINT('',(435.002925352,-326.813531752,30.003102197));
#14494=CARTESIAN_POINT('',(435.004203229,-319.271689502,30.004505929));
#14495=CARTESIAN_POINT('',(435.00797728,-311.730543088,30.008966731));
#14496=CARTESIAN_POINT('',(435.009864305,-307.959969882,30.011197132));
#14497=CARTESIAN_POINT('',(435.012641208,-304.189681232,30.014426584));
#14498=CARTESIAN_POINT('',(435.016357476,-300.419272877,30.018978349));
#14499=CARTESIAN_POINT('',(435.020073744,-296.648864522,30.023530115));
#14500=CARTESIAN_POINT('',(435.023931291,-292.87759276,30.02865951));
#14501=CARTESIAN_POINT('',(435.029073556,-289.108523618,30.036109526));
#14502=CARTESIAN_POINT('',(435.031644688,-287.223989047,30.039834533));
#14503=CARTESIAN_POINT('',(435.034841696,-285.340056719,30.044472807));
#14504=CARTESIAN_POINT('',(435.039685409,-283.456676501,30.051072142));
#14505=CARTESIAN_POINT('',(435.044529122,-281.573296283,30.057671476));
#14506=CARTESIAN_POINT('',(435.049683356,-279.691774015,30.065252188));
#14507=CARTESIAN_POINT('',(435.065166002,-277.816206086,30.081553376));
#14508=CARTESIAN_POINT('',(435.080648648,-275.940638158,30.097854563));
#14509=CARTESIAN_POINT('',(435.106975838,-274.070397538,30.124001536));
#14510=CARTESIAN_POINT('',(435.154510353,-272.200196108,30.163210965));
#14511=CARTESIAN_POINT('',(435.178277611,-271.265095394,30.182815679));
#14512=CARTESIAN_POINT('',(435.207645208,-270.330461146,30.205624498));
#14513=CARTESIAN_POINT('',(435.241987312,-269.393489005,30.230403741));
#14514=CARTESIAN_POINT('',(435.276329417,-268.456516863,30.255182983));
#14515=CARTESIAN_POINT('',(435.31528535,-267.517928028,30.281706862));
#14516=CARTESIAN_POINT('',(435.356695235,-266.577277224,30.308188313));
#14517=CARTESIAN_POINT('',(435.439515005,-264.695975615,30.361151214));
#14518=CARTESIAN_POINT('',(435.530957541,-262.800432292,30.412444061));
#14519=CARTESIAN_POINT('',(435.594238551,-260.89364192,30.446043553));
#14520=CARTESIAN_POINT('',(435.625879055,-259.940246734,30.462843299));
#14521=CARTESIAN_POINT('',(435.650355291,-258.98341699,30.475440197));
#14522=CARTESIAN_POINT('',(435.663350038,-258.024914432,30.482589853));
#14523=CARTESIAN_POINT('',(435.676344784,-257.066411874,30.489739509));
#14524=CARTESIAN_POINT('',(435.678577576,-256.107386599,30.491632612));
#14525=CARTESIAN_POINT('',(435.671023508,-255.146882918,30.487140307));
#14526=CARTESIAN_POINT('',(435.663469439,-254.186379237,30.482648003));
#14527=CARTESIAN_POINT('',(435.646101771,-253.224825485,30.470878962));
#14528=CARTESIAN_POINT('',(435.619337033,-252.26886296,30.454223872));
#14529=CARTESIAN_POINT('',(435.592572296,-251.312900435,30.437568783));
#14530=CARTESIAN_POINT('',(435.556359634,-250.360556386,30.416378084));
#14531=CARTESIAN_POINT('',(435.510702436,-249.411489199,30.393081797));
#14532=CARTESIAN_POINT('',(435.465045238,-248.462422011,30.36978551));
#14533=CARTESIAN_POINT('',(435.408950676,-247.51308104,30.344603149));
#14534=CARTESIAN_POINT('',(435.349645053,-246.561706981,30.313730515));
#14535=CARTESIAN_POINT('',(435.29033943,-245.610332923,30.282857882));
#14536=CARTESIAN_POINT('',(435.22803391,-244.65812098,30.246108321));
#14537=CARTESIAN_POINT('',(435.172975163,-243.707707187,30.203472576));
#14538=B_SPLINE_CURVE_WITH_KNOTS('',3,(#14486,#14487,#14488,#14489,#14490,#14491,#14492,#14493,#14494,#14495,#14496,#14497,#14498,#14499,#14500,#14501,#14502,#14503,#14504,#14505,#14506,#14507,#14508,#14509,#14510,#14511,
#14512,#14513,#14514,#14515,#14516,#14517,#14518,#14519,#14520,#14521,#14522,#14523,#14524,#14525,#14526,#14527,#14528,#14529,#14530,#14531,#14532,#14533,#14534,#14535,#14536,
#14537),.UNSPECIFIED.,.F.,.F.,(4,3,3,3,3,3,3,3,3,3,3,3,3,3,3,3,3,4),(0.285266231,0.330548182,0.375830133,0.398471108,0.409791596,0.421112084,0.426772328,0.432432572,0.438092816,0.440922937,0.443753059,0.449413303,0.452243425,0.455073547,0.457903669,0.460733791,0.463563913,0.466394035),.UNSPECIFIED.);
#14539=EDGE_CURVE('',#14478,#13592,#14538,.T.);
#14540=ORIENTED_EDGE('',*,*,#14539,.T.);
#14541=ORIENTED_EDGE('',*,*,#13652,.T.);
#14542=CARTESIAN_POINT('',(17.000000106,-243.899997409,29.999998978));
#14543=CARTESIAN_POINT('',(17.000002783,-304.220181653,29.999980009));
#14544=CARTESIAN_POINT('',(16.999999994,-364.540356271,30.000000012));
#14545=CARTESIAN_POINT('',(16.999999992,-424.860535051,30.000000001));
#14546=B_SPLINE_CURVE_WITH_KNOTS('',3,(#14542,#14543,#14544,#14545),.UNSPECIFIED.,.F.,.F.,(4,4),(0.305908906,0.486869443),.UNSPECIFIED.);
#14547=EDGE_CURVE('',#13583,#14476,#14546,.T.);
#14548=ORIENTED_EDGE('',*,*,#14547,.T.);
#14549=EDGE_LOOP('',(#14485,#14540,#14541,#14548));
#14550=FACE_BOUND('',#14549,.T.);
#14551=ADVANCED_FACE('',(#14390,#14446,#14457,#14468,#14474,#14550),#14361,.T.);
#14552=CARTESIAN_POINT('',(435.,-479.967043599,0.00025026));
#14553=CARTESIAN_POINT('',(17.,-479.967043599,0.00025026));
#14554=CARTESIAN_POINT('',(435.,-479.540788864,0.632122785));
#14555=CARTESIAN_POINT('',(17.,-479.540788864,0.632122785));
#14556=CARTESIAN_POINT('',(435.,-479.104006038,1.257056592));
#14557=CARTESIAN_POINT('',(17.,-479.104006038,1.257056592));
#14558=CARTESIAN_POINT('',(435.,-478.656972377,1.874706033));
#14559=CARTESIAN_POINT('',(17.,-478.656972377,1.874706033));
#14560=CARTESIAN_POINT('',(435.,-477.834822702,3.012678386));
#14561=CARTESIAN_POINT('',(17.,-477.834822702,3.012678386));
#14562=CARTESIAN_POINT('',(435.,-476.977919562,4.125945443));
#14563=CARTESIAN_POINT('',(17.,-476.977919562,4.125945443));
#14564=CARTESIAN_POINT('',(435.,-476.087998266,5.212352028));
#14565=CARTESIAN_POINT('',(17.,-476.087998266,5.212352028));
#14566=CARTESIAN_POINT('',(435.,-475.198999981,6.299511217));
#14567=CARTESIAN_POINT('',(17.,-475.198999981,6.299511217));
#14568=CARTESIAN_POINT('',(435.,-474.276988785,7.359803935));
#14569=CARTESIAN_POINT('',(17.,-474.276988785,7.359803935));
#14570=CARTESIAN_POINT('',(435.,-473.323703958,8.391078363));
#14571=CARTESIAN_POINT('',(17.,-473.323703958,8.391078363));
#14572=CARTESIAN_POINT('',(435.,-472.371355561,9.423101907));
#14573=CARTESIAN_POINT('',(17.,-472.371355561,9.423101907));
#14574=CARTESIAN_POINT('',(435.,-471.387745773,10.426108916));
#14575=CARTESIAN_POINT('',(17.,-471.387745773,10.426108916));
#14576=CARTESIAN_POINT('',(435.,-470.374616856,11.397951938));
#14577=CARTESIAN_POINT('',(17.,-470.374616856,11.397951938));
#14578=CARTESIAN_POINT('',(435.,-469.362446701,12.370553664));
#14579=CARTESIAN_POINT('',(17.,-469.362446701,12.370553664));
#14580=CARTESIAN_POINT('',(435.,-468.32077447,13.312002784));
#14581=CARTESIAN_POINT('',(17.,-468.32077447,13.312002784));
#14582=CARTESIAN_POINT('',(435.,-467.251344216,14.220157073));
#14583=CARTESIAN_POINT('',(17.,-467.251344216,14.220157073));
#14584=CARTESIAN_POINT('',(435.,-466.1829004,15.129095325));
#14585=CARTESIAN_POINT('',(17.,-466.1829004,15.129095325));
#14586=CARTESIAN_POINT('',(435.,-465.086717834,16.004761326));
#14587=CARTESIAN_POINT('',(17.,-465.086717834,16.004761326));
#14588=CARTESIAN_POINT('',(435.,-463.964540945,16.845018782));
#14589=CARTESIAN_POINT('',(17.,-463.964540945,16.845018782));
#14590=CARTESIAN_POINT('',(435.,-462.843379277,17.686103223));
#14591=CARTESIAN_POINT('',(17.,-462.843379277,17.686103223));
#14592=CARTESIAN_POINT('',(435.,-461.69624171,18.4918141));
#14593=CARTESIAN_POINT('',(17.,-461.69624171,18.4918141));
#14594=CARTESIAN_POINT('',(435.,-460.524871387,19.260021531));
#14595=CARTESIAN_POINT('',(17.,-460.524871387,19.260021531));
#14596=CARTESIAN_POINT('',(435.,-459.939575837,19.644457185));
#14597=CARTESIAN_POINT('',(17.,-459.939575837,19.644457185));
#14598=CARTESIAN_POINT('',(435.,-459.348224842,20.01952575));
#14599=CARTESIAN_POINT('',(17.,-459.348224842,20.01952575));
#14600=CARTESIAN_POINT('',(435.,-458.75103602,20.384961612));
#14601=CARTESIAN_POINT('',(17.,-458.75103602,20.384961612));
#14602=CARTESIAN_POINT('',(435.,-458.154109554,20.750629379));
#14603=CARTESIAN_POINT('',(17.,-458.154109554,20.750629379));
#14604=CARTESIAN_POINT('',(435.,-457.551346554,21.106671278));
#14605=CARTESIAN_POINT('',(17.,-457.551346554,21.106671278));
#14606=CARTESIAN_POINT('',(435.,-456.942964374,21.452822104));
#14607=CARTESIAN_POINT('',(17.,-456.942964374,21.452822104));
#14608=CARTESIAN_POINT('',(435.,-456.334955739,21.799154807));
#14609=CARTESIAN_POINT('',(17.,-456.334955739,21.799154807));
#14610=CARTESIAN_POINT('',(435.,-455.721242955,22.135566347));
#14611=CARTESIAN_POINT('',(17.,-455.721242955,22.135566347));
#14612=CARTESIAN_POINT('',(435.,-455.10217714,22.461915522));
#14613=CARTESIAN_POINT('',(17.,-455.10217714,22.461915522));
#14614=CARTESIAN_POINT('',(435.,-454.48323881,22.78858543));
#14615=CARTESIAN_POINT('',(17.,-454.48323881,22.78858543));
#14616=CARTESIAN_POINT('',(435.,-453.858946333,23.105190888));
#14617=CARTESIAN_POINT('',(17.,-453.858946333,23.105190888));
#14618=CARTESIAN_POINT('',(435.,-453.229651127,23.411590938));
#14619=CARTESIAN_POINT('',(17.,-453.229651127,23.411590938));
#14620=CARTESIAN_POINT('',(435.,-452.60048216,23.718308977));
#14621=CARTESIAN_POINT('',(17.,-452.60048216,23.718308977));
#14622=CARTESIAN_POINT('',(435.,-451.966309901,24.014820047));
#14623=CARTESIAN_POINT('',(17.,-451.966309901,24.014820047));
#14624=CARTESIAN_POINT('',(435.,-451.327486021,24.300983472));
#14625=CARTESIAN_POINT('',(17.,-451.327486021,24.300983472));
#14626=CARTESIAN_POINT('',(435.,-450.688787894,24.587462978));
#14627=CARTESIAN_POINT('',(17.,-450.688787894,24.587462978));
#14628=CARTESIAN_POINT('',(435.,-450.04543804,24.863593869));
#14629=CARTESIAN_POINT('',(17.,-450.04543804,24.863593869));
#14630=CARTESIAN_POINT('',(435.,-449.397788335,25.129235779));
#14631=CARTESIAN_POINT('',(17.,-449.397788335,25.129235779));
#14632=CARTESIAN_POINT('',(435.,-448.750264507,25.395192792));
#14633=CARTESIAN_POINT('',(17.,-448.750264507,25.395192792));
#14634=CARTESIAN_POINT('',(435.,-448.098441078,25.650660499));
#14635=CARTESIAN_POINT('',(17.,-448.098441078,25.650660499));
#14636=CARTESIAN_POINT('',(435.,-447.442670078,25.895498869));
#14637=CARTESIAN_POINT('',(17.,-447.442670078,25.895498869));
#14638=CARTESIAN_POINT('',(435.,-446.787025535,26.14065237));
#14639=CARTESIAN_POINT('',(17.,-446.787025535,26.14065237));
#14640=CARTESIAN_POINT('',(435.,-446.127433924,26.375176902));
#14641=CARTESIAN_POINT('',(17.,-446.127433924,26.375176902));
#14642=CARTESIAN_POINT('',(435.,-445.464247372,26.598932786));
#14643=CARTESIAN_POINT('',(17.,-445.464247372,26.598932786));
#14644=CARTESIAN_POINT('',(435.,-444.801188157,26.823004895));
#14645=CARTESIAN_POINT('',(17.,-444.801188157,26.823004895));
#14646=CARTESIAN_POINT('',(435.,-444.134534648,27.036309452));
#14647=CARTESIAN_POINT('',(17.,-444.134534648,27.036309452));
#14648=CARTESIAN_POINT('',(435.,-443.464639018,27.238707151));
#14649=CARTESIAN_POINT('',(17.,-443.464639018,27.238707151));
#14650=CARTESIAN_POINT('',(435.,-442.794871736,27.441423279));
#14651=CARTESIAN_POINT('',(17.,-442.794871736,27.441423279));
#14652=CARTESIAN_POINT('',(435.,-442.121863011,27.633234396));
#14653=CARTESIAN_POINT('',(17.,-442.121863011,27.633234396));
#14654=CARTESIAN_POINT('',(435.,-441.445965002,27.814001579));
#14655=CARTESIAN_POINT('',(17.,-441.445965002,27.814001579));
#14656=CARTESIAN_POINT('',(435.,-440.770196313,27.995090535));
#14657=CARTESIAN_POINT('',(17.,-440.770196313,27.995090535));
#14658=CARTESIAN_POINT('',(435.,-440.091538934,28.165138173));
#14659=CARTESIAN_POINT('',(17.,-440.091538934,28.165138173));
#14660=CARTESIAN_POINT('',(435.,-439.410344949,28.324005951));
#14661=CARTESIAN_POINT('',(17.,-439.410344949,28.324005951));
#14662=CARTESIAN_POINT('',(435.,-438.72928104,28.483200008));
#14663=CARTESIAN_POINT('',(17.,-438.72928104,28.483200008));
#14664=CARTESIAN_POINT('',(435.,-438.045680912,28.631217594));
#14665=CARTESIAN_POINT('',(17.,-438.045680912,28.631217594));
#14666=CARTESIAN_POINT('',(435.,-437.359896518,28.767920555));
#14667=CARTESIAN_POINT('',(17.,-437.359896518,28.767920555));
#14668=CARTESIAN_POINT('',(435.,-436.674242549,28.904955452));
#14669=CARTESIAN_POINT('',(17.,-436.674242549,28.904955452));
#14670=CARTESIAN_POINT('',(435.,-435.986404369,29.030679878));
#14671=CARTESIAN_POINT('',(17.,-435.986404369,29.030679878));
#14672=CARTESIAN_POINT('',(435.,-435.29673373,29.144956057));
#14673=CARTESIAN_POINT('',(17.,-435.29673373,29.144956057));
#14674=CARTESIAN_POINT('',(435.,-434.607193273,29.259570964));
#14675=CARTESIAN_POINT('',(17.,-434.607193273,29.259570964));
#14676=CARTESIAN_POINT('',(435.,-433.91581995,29.36274252));
#14677=CARTESIAN_POINT('',(17.,-433.91581995,29.36274252));
#14678=CARTESIAN_POINT('',(435.,-433.222965251,29.454333315));
#14679=CARTESIAN_POINT('',(17.,-433.222965251,29.454333315));
#14680=CARTESIAN_POINT('',(435.,-432.530239697,29.546270722));
#14681=CARTESIAN_POINT('',(17.,-432.530239697,29.546270722));
#14682=CARTESIAN_POINT('',(435.,-431.836031764,29.626632974));
#14683=CARTESIAN_POINT('',(17.,-431.836031764,29.626632974));
#14684=CARTESIAN_POINT('',(435.,-431.140692611,29.695283002));
#14685=CARTESIAN_POINT('',(17.,-431.140692611,29.695283002));
#14686=CARTESIAN_POINT('',(435.,-430.44548057,29.764288555));
#14687=CARTESIAN_POINT('',(17.,-430.44548057,29.764288555));
#14688=CARTESIAN_POINT('',(435.,-429.749135574,29.821588149));
#14689=CARTESIAN_POINT('',(17.,-429.749135574,29.821588149));
#14690=CARTESIAN_POINT('',(435.,-429.052008383,29.867045026));
#14691=CARTESIAN_POINT('',(17.,-429.052008383,29.867045026));
#14692=CARTESIAN_POINT('',(435.,-428.355005072,29.912867279));
#14693=CARTESIAN_POINT('',(17.,-428.355005072,29.912867279));
#14694=CARTESIAN_POINT('',(435.,-427.657216962,29.946853669));
#14695=CARTESIAN_POINT('',(17.,-427.657216962,29.946853669));
#14696=CARTESIAN_POINT('',(435.,-426.958994342,29.968867715));
#14697=CARTESIAN_POINT('',(17.,-426.958994342,29.968867715));
#14698=CARTESIAN_POINT('',(435.,-426.260890964,29.991257807));
#14699=CARTESIAN_POINT('',(17.,-426.260890964,29.991257807));
#14700=CARTESIAN_POINT('',(435.,-425.562349468,30.001682908));
#14701=CARTESIAN_POINT('',(17.,-425.562349468,30.001682908));
#14702=CARTESIAN_POINT('',(435.,-424.863719605,30.000006761));
#14703=CARTESIAN_POINT('',(17.,-424.863719605,30.000006761));
#14704=CARTESIAN_POINT('',(435.,-424.862658089,30.000004507));
#14705=CARTESIAN_POINT('',(17.,-424.862658089,30.000004507));
#14706=CARTESIAN_POINT('',(435.,-424.861596572,30.000002254));
#14707=CARTESIAN_POINT('',(17.,-424.861596572,30.000002254));
#14708=CARTESIAN_POINT('',(435.,-424.860535056,30.));
#14709=CARTESIAN_POINT('',(17.,-424.860535056,30.));
#14710=B_SPLINE_SURFACE_WITH_KNOTS('',3,1,((#14552,#14553),(#14554,#14555),(#14556,#14557),(#14558,#14559),(#14560,#14561),(#14562,#14563),(#14564,#14565),(#14566,#14567),(#14568,#14569),(#14570,#14571),(#14572,#14573),(#14574,#14575),(#14576,#14577),(#14578,#14579),(#14580,#14581),(#14582,#14583),(#14584,#14585),(#14586,#14587),(#14588,#14589),(#14590,#14591),(#14592,#14593),(#14594,#14595),(#14596,#14597),(#14598,#14599),(#14600,#14601),(#14602,#14603),
(#14604,#14605),(#14606,#14607),(#14608,#14609),(#14610,#14611),(#14612,#14613),(#14614,#14615),(#14616,#14617),(#14618,#14619),(#14620,#14621),(#14622,#14623),(#14624,#14625),(#14626,#14627),(#14628,#14629),(#14630,#14631),(#14632,#14633),(#14634,#14635),(#14636,#14637),(#14638,#14639),(#14640,#14641),(#14642,#14643),(#14644,#14645),(#14646,#14647),(#14648,#14649),(#14650,#14651),(#14652,#14653),
(#14654,#14655),(#14656,#14657),(#14658,#14659),(#14660,#14661),(#14662,#14663),(#14664,#14665),(#14666,#14667),(#14668,#14669),(#14670,#14671),(#14672,#14673),(#14674,#14675),(#14676,#14677),(#14678,#14679),(#14680,#14681),(#14682,#14683),(#14684,#14685),(#14686,#14687),(#14688,#14689),(#14690,#14691),(#14692,#14693),(#14694,#14695),(#14696,#14697),(#14698,#14699),(#14700,#14701),(#14702,#14703),
(#14704,#14705),(#14706,#14707),(#14708,#14709)),.UNSPECIFIED.,.F.,.F.,.U.,(4,3,3,3,3,3,3,3,3,3,3,3,3,3,3,3,3,3,3,3,3,3,3,3,3,3,
4),(2,2),(0.02855445,0.0625,0.125,0.1875,0.25,0.3125,0.375,0.4375,0.46875,0.5,0.53125,0.5625,0.59375,0.625,0.65625,0.6875,0.71875,0.75,0.78125,0.8125,0.84375,0.875,0.90625,0.9375,0.96875,1.,
1.000045277),(0.007058824,0.990588235),.UNSPECIFIED.);
#14711=CARTESIAN_POINT('',(435.,-479.966672618,0.));
#14712=VERTEX_POINT('',#14711);
#14713=CARTESIAN_POINT('',(17.,-479.966672618,0.));
#14714=VERTEX_POINT('',#14713);
#14715=CARTESIAN_POINT('',(435.,-479.966672618,-0.));
#14716=DIRECTION('',(-1.,-0.,0.));
#14717=VECTOR('',#14716,418.);
#14718=LINE('',#14715,#14717);
#14719=EDGE_CURVE('',#14712,#14714,#14718,.T.);
#14720=ORIENTED_EDGE('',*,*,#14719,.F.);
#14721=CARTESIAN_POINT('',(435.,-479.966672612,0.000000009));
#14722=CARTESIAN_POINT('',(435.,-478.446572116,2.253194923));
#14723=CARTESIAN_POINT('',(435.,-476.801060779,4.411049545));
#14724=CARTESIAN_POINT('',(435.,-475.029966034,6.474718358));
#14725=CARTESIAN_POINT('',(435.,-474.144418662,7.506552764));
#14726=CARTESIAN_POINT('',(435.,-473.227358949,8.514753503));
#14727=CARTESIAN_POINT('',(435.,-472.278042607,9.498921887));
#14728=CARTESIAN_POINT('',(435.,-471.328726264,10.48309027));
#14729=CARTESIAN_POINT('',(435.,-470.35386827,11.436189686));
#14730=CARTESIAN_POINT('',(435.,-469.355534272,12.356902266));
#14731=CARTESIAN_POINT('',(435.,-467.358866276,14.198327425));
#14732=CARTESIAN_POINT('',(435.,-465.266269364,15.913111874));
#14733=CARTESIAN_POINT('',(435.,-463.075716004,17.4999756));
#14734=CARTESIAN_POINT('',(435.,-460.885162644,19.086839325));
#14735=CARTESIAN_POINT('',(435.,-458.596693656,20.545964367));
#14736=CARTESIAN_POINT('',(435.,-456.20258538,21.867955969));
#14737=CARTESIAN_POINT('',(435.,-455.005531242,22.528951769));
#14738=CARTESIAN_POINT('',(435.,-453.780010444,23.156142583));
#14739=CARTESIAN_POINT('',(435.,-452.545213545,23.740163133));
#14740=CARTESIAN_POINT('',(435.,-451.310416647,24.324183684));
#14741=CARTESIAN_POINT('',(435.,-450.062781531,24.867216624));
#14742=CARTESIAN_POINT('',(435.,-448.802459613,25.370199336));
#14743=CARTESIAN_POINT('',(435.,-446.281815777,26.376164761));
#14744=CARTESIAN_POINT('',(435.,-443.710626373,27.222576343));
#14745=CARTESIAN_POINT('',(435.,-441.087574958,27.908856913));
#14746=CARTESIAN_POINT('',(435.,-439.77604925,28.251997198));
#14747=CARTESIAN_POINT('',(435.,-438.451508128,28.554942944));
#14748=CARTESIAN_POINT('',(435.,-437.113473468,28.816608467));
#14749=CARTESIAN_POINT('',(435.,-436.444456138,28.947441229));
#14750=CARTESIAN_POINT('',(435.,-435.772061784,29.067943003));
#14751=CARTESIAN_POINT('',(435.,-435.096210342,29.177908404));
#14752=CARTESIAN_POINT('',(435.,-434.4203589,29.287873806));
#14753=CARTESIAN_POINT('',(435.,-433.740125581,29.387418187));
#14754=CARTESIAN_POINT('',(435.,-433.058641048,29.47588154));
#14755=CARTESIAN_POINT('',(435.,-431.695671981,29.652808247));
#14756=CARTESIAN_POINT('',(435.,-430.331062299,29.785155638));
#14757=CARTESIAN_POINT('',(435.,-428.964715248,29.872699192));
#14758=CARTESIAN_POINT('',(435.,-428.281541722,29.91647097));
#14759=CARTESIAN_POINT('',(435.,-427.597934271,29.949030896));
#14760=CARTESIAN_POINT('',(435.,-426.913880669,29.970285908));
#14761=CARTESIAN_POINT('',(435.,-426.571853869,29.980913415));
#14762=CARTESIAN_POINT('',(435.,-426.229716061,29.988713999));
#14763=CARTESIAN_POINT('',(435.,-425.887465041,29.993671975));
#14764=CARTESIAN_POINT('',(435.,-425.716339532,29.996150964));
#14765=CARTESIAN_POINT('',(435.,-425.545186108,29.997919245));
#14766=CARTESIAN_POINT('',(435.,-425.37400404,29.998974616));
#14767=CARTESIAN_POINT('',(435.,-425.288413005,29.999502301));
#14768=CARTESIAN_POINT('',(435.,-425.202815043,29.999851749));
#14769=CARTESIAN_POINT('',(435.,-425.117209808,30.000022675));
#14770=CARTESIAN_POINT('',(435.,-425.07440719,30.000108138));
#14771=CARTESIAN_POINT('',(435.,-425.031602881,30.000148967));
#14772=CARTESIAN_POINT('',(435.,-424.988796706,30.000145129));
#14773=CARTESIAN_POINT('',(435.,-424.967393618,30.00014321));
#14774=CARTESIAN_POINT('',(435.,-424.94599013,30.000130122));
#14775=CARTESIAN_POINT('',(435.,-424.924586152,30.000105863));
#14776=CARTESIAN_POINT('',(435.,-424.903182173,30.000081605));
#14777=CARTESIAN_POINT('',(435.,-424.880895651,30.000043226));
#14778=CARTESIAN_POINT('',(435.,-424.860535056,30.));
#14779=B_SPLINE_CURVE_WITH_KNOTS('',3,(#14721,#14722,#14723,#14724,#14725,#14726,#14727,#14728,#14729,#14730,#14731,#14732,#14733,#14734,#14735,#14736,#14737,#14738,#14739,#14740,#14741,#14742,#14743,#14744,#14745,#14746,
#14747,#14748,#14749,#14750,#14751,#14752,#14753,#14754,#14755,#14756,#14757,#14758,#14759,#14760,#14761,#14762,#14763,#14764,#14765,#14766,#14767,#14768,#14769,#14770,#14771,
#14772,#14773,#14774,#14775,#14776,#14777,#14778),.UNSPECIFIED.,.F.,.F.,(4,3,3,3,3,3,3,3,3,3,3,3,3,3,3,3,3,3,3,4),(0.281336057,0.289154543,0.293063787,0.29697303,0.304791516,0.312610002,0.316519246,0.320428489,0.328246975,0.332156218,0.33411084,0.336065461,0.339974705,0.341929326,0.342906637,0.343395292,0.34363962,0.343761784,0.343822866,0.343883948),.UNSPECIFIED.);
#14780=EDGE_CURVE('',#14712,#14478,#14779,.T.);
#14781=ORIENTED_EDGE('',*,*,#14780,.T.);
#14782=ORIENTED_EDGE('',*,*,#14484,.F.);
#14783=CARTESIAN_POINT('',(17.,-424.860535056,30.));
#14784=CARTESIAN_POINT('',(17.,-424.880578029,30.000042552));
#14785=CARTESIAN_POINT('',(17.,-424.903191362,30.000081629));
#14786=CARTESIAN_POINT('',(17.,-424.924626858,30.00010591));
#14787=CARTESIAN_POINT('',(17.,-424.946062355,30.00013019));
#14788=CARTESIAN_POINT('',(17.,-424.967496753,30.000143265));
#14789=CARTESIAN_POINT('',(17.,-424.988930245,30.000145141));
#14790=CARTESIAN_POINT('',(17.,-425.03179723,30.000148892));
#14791=CARTESIAN_POINT('',(17.,-425.074660023,30.000107847));
#14792=CARTESIAN_POINT('',(17.,-425.117519002,30.000022057));
#14793=CARTESIAN_POINT('',(17.,-425.203236958,29.999850477));
#14794=CARTESIAN_POINT('',(17.,-425.288938567,29.999499919));
#14795=CARTESIAN_POINT('',(17.,-425.374624568,29.998970787));
#14796=CARTESIAN_POINT('',(17.,-425.54599657,29.997912523));
#14797=CARTESIAN_POINT('',(17.,-425.717304145,29.996139984));
#14798=CARTESIAN_POINT('',(17.,-425.888548883,29.993656265));
#14799=CARTESIAN_POINT('',(17.,-426.231038359,29.988688827));
#14800=CARTESIAN_POINT('',(17.,-426.573273113,29.980876898));
#14801=CARTESIAN_POINT('',(17.,-426.915257968,29.970243098));
#14802=CARTESIAN_POINT('',(17.,-427.599227679,29.948975497));
#14803=CARTESIAN_POINT('',(17.,-428.28219294,29.916423372));
#14804=CARTESIAN_POINT('',(17.,-428.964178989,29.872733549));
#14805=CARTESIAN_POINT('',(17.,-430.328151087,29.785353902));
#14806=CARTESIAN_POINT('',(17.,-431.688202189,29.653467693));
#14807=CARTESIAN_POINT('',(17.,-433.044504639,29.477714976));
#14808=CARTESIAN_POINT('',(17.,-434.400807088,29.301962259));
#14809=CARTESIAN_POINT('',(17.,-435.753360847,29.08234395));
#14810=CARTESIAN_POINT('',(17.,-437.102312774,28.818790028));
#14811=CARTESIAN_POINT('',(17.,-437.776788738,28.687013067));
#14812=CARTESIAN_POINT('',(17.,-438.449358729,28.544401756));
#14813=CARTESIAN_POINT('',(17.,-439.116846281,28.391815435));
#14814=CARTESIAN_POINT('',(17.,-439.784333832,28.239229113));
#14815=CARTESIAN_POINT('',(17.,-440.44769287,28.076485859));
#14816=CARTESIAN_POINT('',(17.,-441.107018059,27.90376673));
#14817=CARTESIAN_POINT('',(17.,-443.744318817,27.212890212));
#14818=CARTESIAN_POINT('',(17.,-446.317414165,26.363246995));
#14819=CARTESIAN_POINT('',(17.,-448.829662918,25.359335734));
#14820=CARTESIAN_POINT('',(17.,-451.341911671,24.355424473));
#14821=CARTESIAN_POINT('',(17.,-453.793319408,23.197248597));
#14822=CARTESIAN_POINT('',(17.,-456.183071754,21.878726762));
#14823=CARTESIAN_POINT('',(17.,-456.78050984,21.549096303));
#14824=CARTESIAN_POINT('',(17.,-457.373919191,21.20943252));
#14825=CARTESIAN_POINT('',(17.,-457.963020871,20.8599274));
#14826=CARTESIAN_POINT('',(17.,-458.552122551,20.510422281));
#14827=CARTESIAN_POINT('',(17.,-459.137830873,20.150464874));
#14828=CARTESIAN_POINT('',(17.,-459.715518455,19.783039261));
#14829=CARTESIAN_POINT('',(17.,-460.870893618,19.048188037));
#14830=CARTESIAN_POINT('',(17.,-461.997483877,18.281691307));
#14831=CARTESIAN_POINT('',(17.,-463.096589954,17.484848204));
#14832=CARTESIAN_POINT('',(17.,-465.29480211,15.891161998));
#14833=CARTESIAN_POINT('',(17.,-467.383459468,14.176538523));
#14834=CARTESIAN_POINT('',(17.,-469.368006704,12.345396766));
#14835=CARTESIAN_POINT('',(17.,-471.35255394,10.514255008));
#14836=CARTESIAN_POINT('',(17.,-473.23298926,8.566587368));
#14837=CARTESIAN_POINT('',(17.,-475.008619738,6.499579234));
#14838=CARTESIAN_POINT('',(17.,-475.452527357,5.9828272));
#14839=CARTESIAN_POINT('',(17.,-475.890364541,5.457942655));
#14840=CARTESIAN_POINT('',(17.,-476.32022568,4.927090544));
#14841=CARTESIAN_POINT('',(17.,-476.750086819,4.396238432));
#14842=CARTESIAN_POINT('',(17.,-477.171663444,3.859844473));
#14843=CARTESIAN_POINT('',(17.,-477.585017331,3.317923479));
#14844=CARTESIAN_POINT('',(17.,-478.411725106,2.234081491));
#14845=CARTESIAN_POINT('',(17.,-479.205573492,1.128152175));
#14846=CARTESIAN_POINT('',(17.,-479.966672618,0.));
#14847=B_SPLINE_CURVE_WITH_KNOTS('',3,(#14783,#14784,#14785,#14786,#14787,#14788,#14789,#14790,#14791,#14792,#14793,#14794,#14795,#14796,#14797,#14798,#14799,#14800,#14801,#14802,#14803,#14804,#14805,#14806,#14807,#14808,
#14809,#14810,#14811,#14812,#14813,#14814,#14815,#14816,#14817,#14818,#14819,#14820,#14821,#14822,#14823,#14824,#14825,#14826,#14827,#14828,#14829,#14830,#14831,#14832,#14833,
#14834,#14835,#14836,#14837,#14838,#14839,#14840,#14841,#14842,#14843,#14844,#14845,#14846),.UNSPECIFIED.,.F.,.F.,(4,3,3,3,3,3,3,3,3,3,3,3,3,3,3,3,3,3,3,3,3,4),(0.282725278,0.282785445,0.282845612,0.282965946,0.283206613,0.283687948,0.284650618,0.286575959,0.290426639,0.29427732,0.29620266,0.298128,0.305829362,0.313530723,0.315456063,0.317381403,0.321232084,0.328933445,0.336634806,0.338560146,0.340485487,0.344336167),.UNSPECIFIED.);
#14848=EDGE_CURVE('',#14476,#14714,#14847,.T.);
#14849=ORIENTED_EDGE('',*,*,#14848,.T.);
#14850=EDGE_LOOP('',(#14720,#14781,#14782,#14849));
#14851=FACE_BOUND('',#14850,.T.);
#14852=ADVANCED_FACE('',(#14851),#14710,.T.);
#14853=CARTESIAN_POINT('',(0.,0.,0.));
#14854=DIRECTION('',(0.,0.,1.));
#14855=DIRECTION('',(1.,0.,0.));
#14856=AXIS2_PLACEMENT_3D('',#14853,#14854,#14855);
#14857=PLANE('',#14856);
#14858=ORIENTED_EDGE('',*,*,#12684,.T.);
#14859=CARTESIAN_POINT('',(435.,-242.9,0.));
#14860=DIRECTION('',(-0.,-0.,-1.));
#14861=DIRECTION('',(1.,0.,-0.));
#14862=AXIS2_PLACEMENT_3D('',#14859,#14860,#14861);
#14863=CIRCLE('',#14862,3.);
#14864=EDGE_CURVE('',#12671,#13795,#14863,.T.);
#14865=ORIENTED_EDGE('',*,*,#14864,.T.);
#14866=ORIENTED_EDGE('',*,*,#13802,.T.);
#14867=CARTESIAN_POINT('',(438.,-476.310241115,0.));
#14868=CARTESIAN_POINT('',(438.,-476.750276231,0.));
#14869=CARTESIAN_POINT('',(437.938235705,-477.179580781,0.));
#14870=CARTESIAN_POINT('',(437.810687745,-477.597456464,0.));
#14871=CARTESIAN_POINT('',(437.746913765,-477.806394306,0.));
#14872=CARTESIAN_POINT('',(437.665852089,-478.012453476,0.));
#14873=CARTESIAN_POINT('',(437.569281083,-478.2076068,0.));
#14874=CARTESIAN_POINT('',(437.472710078,-478.402760123,0.));
#14875=CARTESIAN_POINT('',(437.360191447,-478.588981214,0.));
#14876=CARTESIAN_POINT('',(437.229629055,-478.765096032,0.));
#14877=CARTESIAN_POINT('',(437.164347859,-478.853153442,0.));
#14878=CARTESIAN_POINT('',(437.094241972,-478.93889614,0.));
#14879=CARTESIAN_POINT('',(437.020757339,-479.020102292,0.));
#14880=CARTESIAN_POINT('',(436.947272707,-479.101308445,0.));
#14881=CARTESIAN_POINT('',(436.870127057,-479.178417973,0.));
#14882=CARTESIAN_POINT('',(436.789168912,-479.251261379,0.));
#14883=CARTESIAN_POINT('',(436.708210768,-479.324104785,0.));
#14884=CARTESIAN_POINT('',(436.623442146,-479.392684324,0.));
#14885=CARTESIAN_POINT('',(436.534575175,-479.456677874,0.));
#14886=CARTESIAN_POINT('',(436.445708204,-479.520671424,0.));
#14887=CARTESIAN_POINT('',(436.352079332,-479.580396493,0.));
#14888=CARTESIAN_POINT('',(436.256362844,-479.633741131,0.));
#14889=CARTESIAN_POINT('',(436.064929867,-479.740430406,0.));
#14890=CARTESIAN_POINT('',(435.864191787,-479.822996102,0.));
#14891=CARTESIAN_POINT('',(435.653497118,-479.879749237,0.));
#14892=CARTESIAN_POINT('',(435.548149784,-479.908125805,0.));
#14893=CARTESIAN_POINT('',(435.439611025,-479.930067618,0.));
#14894=CARTESIAN_POINT('',(435.330173729,-479.944687271,0.));
#14895=CARTESIAN_POINT('',(435.220736432,-479.959306924,0.));
#14896=CARTESIAN_POINT('',(435.110681693,-479.966672619,0.));
#14897=CARTESIAN_POINT('',(435.,-479.966672618,0.));
#14898=B_SPLINE_CURVE_WITH_KNOTS('',3,(#14867,#14868,#14869,#14870,#14871,#14872,#14873,#14874,#14875,#14876,#14877,#14878,#14879,#14880,#14881,#14882,#14883,#14884,#14885,#14886,#14887,#14888,#14889,#14890,#14891,#14892,
#14893,#14894,#14895,#14896,#14897),.UNSPECIFIED.,.F.,.F.,(4,3,3,3,3,3,3,3,3,3,4),(0.,0.001300623,0.001950934,0.002601245,0.002926401,0.003251556,0.003576712,0.003901868,0.004552179,0.004877335,0.00520249),.UNSPECIFIED.);
#14899=EDGE_CURVE('',#13797,#14712,#14898,.T.);
#14900=ORIENTED_EDGE('',*,*,#14899,.T.);
#14901=ORIENTED_EDGE('',*,*,#14719,.T.);
#14902=CARTESIAN_POINT('',(17.,-479.966672618,0.));
#14903=CARTESIAN_POINT('',(16.704968462,-479.966672618,0.));
#14904=CARTESIAN_POINT('',(16.416862323,-479.927797731,0.));
#14905=CARTESIAN_POINT('',(16.135239688,-479.852528463,0.));
#14906=CARTESIAN_POINT('',(15.994428371,-479.814893829,0.));
#14907=CARTESIAN_POINT('',(15.854304869,-479.767644218,0.));
#14908=CARTESIAN_POINT('',(15.718568787,-479.712194993,0.));
#14909=CARTESIAN_POINT('',(15.582832706,-479.656745767,0.));
#14910=CARTESIAN_POINT('',(15.451573077,-479.593316583,0.));
#14911=CARTESIAN_POINT('',(15.324495431,-479.52243238,0.));
#14912=CARTESIAN_POINT('',(15.197417785,-479.451548176,0.));
#14913=CARTESIAN_POINT('',(15.074524469,-479.373204768,0.));
#14914=CARTESIAN_POINT('',(14.955679287,-479.287644947,0.));
#14915=CARTESIAN_POINT('',(14.836834104,-479.202085125,0.));
#14916=CARTESIAN_POINT('',(14.721963745,-479.109101803,0.));
#14917=CARTESIAN_POINT('',(14.613430318,-479.011252319,0.));
#14918=CARTESIAN_POINT('',(14.396363464,-478.81555335,0.));
#14919=CARTESIAN_POINT('',(14.201688626,-478.598721307,0.));
#14920=CARTESIAN_POINT('',(14.027206493,-478.362831847,0.));
#14921=CARTESIAN_POINT('',(13.939965426,-478.244887117,0.));
#14922=CARTESIAN_POINT('',(13.858186953,-478.122538117,0.));
#14923=CARTESIAN_POINT('',(13.782583858,-477.997703961,0.));
#14924=CARTESIAN_POINT('',(13.706980763,-477.872869805,0.));
#14925=CARTESIAN_POINT('',(13.637197386,-477.745077717,0.));
#14926=CARTESIAN_POINT('',(13.572901532,-477.614496538,0.));
#14927=CARTESIAN_POINT('',(13.508605678,-477.483915358,0.));
#14928=CARTESIAN_POINT('',(13.449799149,-477.350544172,0.));
#14929=CARTESIAN_POINT('',(13.39630671,-477.214472044,0.));
#14930=CARTESIAN_POINT('',(13.34281427,-477.078399915,0.));
#14931=CARTESIAN_POINT('',(13.294531358,-476.939177439,0.));
#14932=CARTESIAN_POINT('',(13.252061068,-476.799256305,0.));
#14933=CARTESIAN_POINT('',(13.167120488,-476.519414037,0.));
#14934=CARTESIAN_POINT('',(13.104590725,-476.235414551,0.));
#14935=CARTESIAN_POINT('',(13.062796474,-475.947568616,0.));
#14936=CARTESIAN_POINT('',(13.021002222,-475.659722681,0.));
#14937=CARTESIAN_POINT('',(13.,-475.366891515,0.));
#14938=CARTESIAN_POINT('',(13.,-475.073236323,0.));
#14939=B_SPLINE_CURVE_WITH_KNOTS('',3,(#14902,#14903,#14904,#14905,#14906,#14907,#14908,#14909,#14910,#14911,#14912,#14913,#14914,#14915,#14916,#14917,#14918,#14919,#14920,#14921,#14922,#14923,#14924,#14925,#14926,#14927,
#14928,#14929,#14930,#14931,#14932,#14933,#14934,#14935,#14936,#14937,#14938),.UNSPECIFIED.,.F.,.F.,(4,3,3,3,3,3,3,3,3,3,3,3,4),(0.,0.000871376,0.001307063,0.001742751,0.002178439,0.002614127,0.003485503,0.00392119,0.004356878,0.004792566,0.005228254,0.00609963,0.006971005),.UNSPECIFIED.);
#14940=EDGE_CURVE('',#14714,#13948,#14939,.T.);
#14941=ORIENTED_EDGE('',*,*,#14940,.T.);
#14942=ORIENTED_EDGE('',*,*,#13953,.F.);
#14943=CARTESIAN_POINT('',(17.,-243.9,0.));
#14944=DIRECTION('',(-0.,-0.,-1.));
#14945=DIRECTION('',(1.,0.,-0.));
#14946=AXIS2_PLACEMENT_3D('',#14943,#14944,#14945);
#14947=CIRCLE('',#14946,4.);
#14948=EDGE_CURVE('',#13940,#12679,#14947,.T.);
#14949=ORIENTED_EDGE('',*,*,#14948,.T.);
#14950=EDGE_LOOP('',(#14858,#14865,#14866,#14900,#14901,#14941,#14942,#14949));
#14951=FACE_BOUND('',#14950,.T.);
#14952=ADVANCED_FACE('',(#14951),#14857,.F.);
#14953=CARTESIAN_POINT('',(0.,0.,20.));
#14954=DIRECTION('',(0.,0.,1.));
#14955=DIRECTION('',(1.,0.,0.));
#14956=AXIS2_PLACEMENT_3D('',#14953,#14954,#14955);
#14957=PLANE('',#14956);
#14958=ORIENTED_EDGE('',*,*,#13718,.T.);
#14959=ORIENTED_EDGE('',*,*,#13754,.T.);
#14960=ORIENTED_EDGE('',*,*,#12527,.T.);
#14961=ORIENTED_EDGE('',*,*,#13776,.T.);
#14962=EDGE_LOOP('',(#14958,#14959,#14960,#14961));
#14963=FACE_BOUND('',#14962,.T.);
#14964=ADVANCED_FACE('',(#14963),#14957,.T.);
#14965=CARTESIAN_POINT('',(17.,-479.966673547,0.000000612));
#14966=CARTESIAN_POINT('',(16.476401225,-479.966673547,0.000000612));
#14967=CARTESIAN_POINT('',(15.953008465,-479.88036838,-0.0582245));
#14968=CARTESIAN_POINT('',(14.985524082,-479.548156181,-0.282348886));
#14969=CARTESIAN_POINT('',(14.541813124,-479.30237986,-0.448159977));
#14970=CARTESIAN_POINT('',(13.801332635,-478.688531756,-0.862287843));
#14971=CARTESIAN_POINT('',(13.504854451,-478.320701497,-1.110441677));
#14972=CARTESIAN_POINT('',(13.104109296,-477.518670299,-1.651525811));
#14973=CARTESIAN_POINT('',(13.000000002,-477.084784924,-1.944243216));
#14974=CARTESIAN_POINT('',(13.,-476.650728767,-2.237075839));
#14975=CARTESIAN_POINT('',(17.,-479.63261769,0.495162269));
#14976=CARTESIAN_POINT('',(16.476401227,-479.63261769,0.495162269));
#14977=CARTESIAN_POINT('',(15.953008467,-479.546808632,0.436201787));
#14978=CARTESIAN_POINT('',(14.985524086,-479.216506091,0.209246763));
#14979=CARTESIAN_POINT('',(14.541813129,-478.972142568,0.041341518));
#14980=CARTESIAN_POINT('',(13.80133264,-478.361823052,-0.378016685));
#14981=CARTESIAN_POINT('',(13.504854456,-477.996107195,-0.629304643));
#14982=CARTESIAN_POINT('',(13.104109299,-477.198686318,-1.17722254));
#14983=CARTESIAN_POINT('',(13.000000003,-476.76729505,-1.473636897));
#14984=CARTESIAN_POINT('',(13.,-476.335733981,-1.770167927));
#14985=CARTESIAN_POINT('',(17.,-479.292243797,0.98603683));
#14986=CARTESIAN_POINT('',(16.476401228,-479.292243798,0.98603683));
#14987=CARTESIAN_POINT('',(15.953008471,-479.206939492,0.926348446));
#14988=CARTESIAN_POINT('',(14.985524093,-478.878579879,0.696591523));
#14989=CARTESIAN_POINT('',(14.541813137,-478.635653768,0.526613385));
#14990=CARTESIAN_POINT('',(13.801332648,-478.028924316,0.102077948));
#14991=CARTESIAN_POINT('',(13.504854464,-477.665359698,-0.152312314));
#14992=CARTESIAN_POINT('',(13.104109304,-476.872629465,-0.706994594));
#14993=CARTESIAN_POINT('',(13.000000006,-476.443775756,-1.007068369));
#14994=CARTESIAN_POINT('',(13.,-476.014753243,-1.307260257));
#14995=CARTESIAN_POINT('',(17.,-478.444908882,2.175362275));
#14996=CARTESIAN_POINT('',(16.476401228,-478.444908882,2.175362275));
#14997=CARTESIAN_POINT('',(15.953008471,-478.360859709,2.113912177));
#14998=CARTESIAN_POINT('',(14.985524093,-478.037331446,1.877373937));
#14999=CARTESIAN_POINT('',(14.541813137,-477.797979651,1.702378863));
#15000=CARTESIAN_POINT('',(13.801332648,-477.200177369,1.265313186));
#15001=CARTESIAN_POINT('',(13.504854463,-476.841962092,1.00341455));
#15002=CARTESIAN_POINT('',(13.104109304,-476.060895768,0.432360722));
#15003=CARTESIAN_POINT('',(13.000000006,-475.638352037,0.123430216));
#15004=CARTESIAN_POINT('',(13.,-475.215641987,-0.185621889));
#15005=CARTESIAN_POINT('',(17.,-477.931097519,2.869183837));
#15006=CARTESIAN_POINT('',(16.476401232,-477.931097519,2.869183836));
#15007=CARTESIAN_POINT('',(15.953008477,-477.847808262,2.806707638));
#15008=CARTESIAN_POINT('',(14.985524104,-477.527205123,2.566219661));
#15009=CARTESIAN_POINT('',(14.54181315,-477.290017385,2.388302503));
#15010=CARTESIAN_POINT('',(13.801332662,-476.697620027,1.943938662));
#15011=CARTESIAN_POINT('',(13.504854476,-476.34264349,1.677666818));
#15012=CARTESIAN_POINT('',(13.104109313,-475.568639037,1.097077479));
#15013=CARTESIAN_POINT('',(13.000000011,-475.14991566,0.782988421));
#15014=CARTESIAN_POINT('',(13.,-474.731027466,0.468775733));
#15015=CARTESIAN_POINT('',(17.,-477.140546542,3.896593777));
#15016=CARTESIAN_POINT('',(16.476401232,-477.140546543,3.896593777));
#15017=CARTESIAN_POINT('',(15.953008477,-477.05842561,3.83259921));
#15018=CARTESIAN_POINT('',(14.985524104,-476.742319669,3.586266618));
#15019=CARTESIAN_POINT('',(14.54181315,-476.508459036,3.404025512));
#15020=CARTESIAN_POINT('',(13.801332662,-475.924371416,2.948862231));
#15021=CARTESIAN_POINT('',(13.504854476,-475.574374244,2.676119143));
#15022=CARTESIAN_POINT('',(13.104109313,-474.811226988,2.081419655));
#15023=CARTESIAN_POINT('',(13.000000011,-474.398377171,1.759697244));
#15024=CARTESIAN_POINT('',(13.,-473.98536485,1.437848199));
#15025=CARTESIAN_POINT('',(17.,-476.873722613,4.236842512));
#15026=CARTESIAN_POINT('',(16.476401227,-476.873722613,4.236842512));
#15027=CARTESIAN_POINT('',(15.953008468,-476.791995865,4.172345288));
#15028=CARTESIAN_POINT('',(14.985524088,-476.477407252,3.924077827));
#15029=CARTESIAN_POINT('',(14.541813131,-476.244669164,3.740405273));
#15030=CARTESIAN_POINT('',(13.801332642,-475.6633852,3.281666822));
#15031=CARTESIAN_POINT('',(13.504854458,-475.315068036,3.00678142));
#15032=CARTESIAN_POINT('',(13.104109301,-474.555583936,2.407410749));
#15033=CARTESIAN_POINT('',(13.000000004,-474.144715825,2.083161307));
#15034=CARTESIAN_POINT('',(13.,-473.733685991,1.758784237));
#15035=CARTESIAN_POINT('',(17.,-476.33343005,4.912890359));
#15036=CARTESIAN_POINT('',(16.476401227,-476.333430051,4.912890358));
#15037=CARTESIAN_POINT('',(15.953008468,-476.252501373,4.847394539));
#15038=CARTESIAN_POINT('',(14.985524088,-475.940984751,4.59528321));
#15039=CARTESIAN_POINT('',(14.541813131,-475.710519375,4.408766896));
#15040=CARTESIAN_POINT('',(13.801332642,-475.134911712,3.942925904));
#15041=CARTESIAN_POINT('',(13.504854458,-474.789995902,3.663784514));
#15042=CARTESIAN_POINT('',(13.104109301,-474.037928246,3.055133925));
#15043=CARTESIAN_POINT('',(13.000000004,-473.631072306,2.725864204));
#15044=CARTESIAN_POINT('',(13.,-473.224056222,2.396464878));
#15045=CARTESIAN_POINT('',(17.,-476.059745022,5.248948113));
#15046=CARTESIAN_POINT('',(16.476401227,-476.059745021,5.248948114));
#15047=CARTESIAN_POINT('',(15.953008467,-475.979220546,5.182955974));
#15048=CARTESIAN_POINT('',(14.985524087,-475.669259812,4.928934172));
#15049=CARTESIAN_POINT('',(14.54181313,-475.43994551,4.741004456));
#15050=CARTESIAN_POINT('',(13.801332641,-474.867212754,4.271633367));
#15051=CARTESIAN_POINT('',(13.504854457,-474.524019647,3.990376671));
#15052=CARTESIAN_POINT('',(13.1041093,-473.775708239,3.377113788));
#15053=CARTESIAN_POINT('',(13.000000004,-473.370884367,3.045348894));
#15054=CARTESIAN_POINT('',(13.,-472.965901151,2.713453413));
#15055=CARTESIAN_POINT('',(17.,-474.677477344,6.914637075));
#15056=CARTESIAN_POINT('',(16.476401227,-474.677477344,6.914637075));
#15057=CARTESIAN_POINT('',(15.953008468,-474.598994472,6.846184721));
#15058=CARTESIAN_POINT('',(14.985524087,-474.296892426,6.582692878));
#15059=CARTESIAN_POINT('',(14.54181313,-474.073392117,6.387757063));
#15060=CARTESIAN_POINT('',(13.801332641,-473.515180324,5.900887621));
#15061=CARTESIAN_POINT('',(13.504854457,-473.180688473,5.609145557));
#15062=CARTESIAN_POINT('',(13.1041093,-472.451349618,4.973019974));
#15063=CARTESIAN_POINT('',(13.000000004,-472.056789577,4.628886744));
#15064=CARTESIAN_POINT('',(13.,-471.662074232,4.284618059));
#15065=CARTESIAN_POINT('',(17.,-473.529175467,8.198678003));
#15066=CARTESIAN_POINT('',(16.476401248,-473.529175464,8.198678006));
#15067=CARTESIAN_POINT('',(15.953008511,-473.452389011,8.128328438));
#15068=CARTESIAN_POINT('',(14.985524164,-473.156816947,7.857533696));
#15069=CARTESIAN_POINT('',(14.541813219,-472.938147633,7.657195068));
#15070=CARTESIAN_POINT('',(13.801332736,-472.392001675,7.15683162));
#15071=CARTESIAN_POINT('',(13.504854547,-472.064739917,6.85700367));
#15072=CARTESIAN_POINT('',(13.104109359,-471.351165828,6.203247307));
#15073=CARTESIAN_POINT('',(13.000000038,-470.965134258,5.849576118));
#15074=CARTESIAN_POINT('',(13.,-470.578950737,5.495765715));
#15075=CARTESIAN_POINT('',(17.,-471.149014952,10.67241886));
#15076=CARTESIAN_POINT('',(16.476401249,-471.14901495,10.672418862));
#15077=CARTESIAN_POINT('',(15.953008511,-471.075757961,10.598401061));
#15078=CARTESIAN_POINT('',(14.985524164,-470.793771772,10.313486292));
#15079=CARTESIAN_POINT('',(14.541813219,-470.585153521,10.102701425));
#15080=CARTESIAN_POINT('',(13.801332737,-470.064110982,9.57624757));
#15081=CARTESIAN_POINT('',(13.504854547,-469.751891703,9.26078572));
#15082=CARTESIAN_POINT('',(13.10410936,-469.071116812,8.572940599));
#15083=CARTESIAN_POINT('',(13.000000038,-468.702829055,8.200827967));
#15084=CARTESIAN_POINT('',(13.,-468.334396332,7.828568861));
#15085=CARTESIAN_POINT('',(17.,-469.9171512,11.862113337));
#15086=CARTESIAN_POINT('',(16.476401393,-469.917151193,11.862113344));
#15087=CARTESIAN_POINT('',(15.9530088,-469.845727305,11.786324591));
#15088=CARTESIAN_POINT('',(14.985524678,-469.570797228,11.494592924));
#15089=CARTESIAN_POINT('',(14.541813811,-469.367399212,11.278764794));
#15090=CARTESIAN_POINT('',(13.801333373,-468.859394657,10.73971492));
#15091=CARTESIAN_POINT('',(13.504855148,-468.554987997,10.416705269));
#15092=CARTESIAN_POINT('',(13.104109756,-467.891248004,9.712402593));
#15093=CARTESIAN_POINT('',(13.000000265,-467.532175824,9.33138668));
#15094=CARTESIAN_POINT('',(13.,-467.172962275,8.950220756));
#15095=CARTESIAN_POINT('',(17.,-467.369252877,14.14746248));
#15096=CARTESIAN_POINT('',(16.476401393,-467.369252879,14.147462478));
#15097=CARTESIAN_POINT('',(15.9530088,-467.301646956,14.068249183));
#15098=CARTESIAN_POINT('',(14.985524678,-467.041413249,13.763335538));
#15099=CARTESIAN_POINT('',(14.541813812,-466.848887857,13.537755158));
#15100=CARTESIAN_POINT('',(13.801333373,-466.368038637,12.974348182));
#15101=CARTESIAN_POINT('',(13.504855148,-466.079904003,12.636743262));
#15102=CARTESIAN_POINT('',(13.104109756,-465.451644157,11.900616504));
#15103=CARTESIAN_POINT('',(13.000000266,-465.111766139,11.502384301));
#15104=CARTESIAN_POINT('',(13.,-464.771754306,11.103995308));
#15105=CARTESIAN_POINT('',(17.,-466.053220324,15.243118851));
#15106=CARTESIAN_POINT('',(16.476402025,-466.05322036,15.243118821));
#15107=CARTESIAN_POINT('',(15.953010062,-465.987599509,15.162252167));
#15108=CARTESIAN_POINT('',(14.985526916,-465.7350068,14.850974315));
#15109=CARTESIAN_POINT('',(14.541816394,-465.548134326,14.620685591));
#15110=CARTESIAN_POINT('',(13.801336147,-465.08140367,14.045519037));
#15111=CARTESIAN_POINT('',(13.504857768,-464.801729126,13.700867508));
#15112=CARTESIAN_POINT('',(13.104111485,-464.191915821,12.94937588));
#15113=CARTESIAN_POINT('',(13.000001257,-463.862016994,12.542831458));
#15114=CARTESIAN_POINT('',(13.,-463.53198815,12.136126829));
#15115=CARTESIAN_POINT('',(17.,-463.334415994,17.338387649));
#15116=CARTESIAN_POINT('',(16.476402022,-463.334416082,17.338387583));
#15117=CARTESIAN_POINT('',(15.953010057,-463.27293645,17.254329469));
#15118=CARTESIAN_POINT('',(14.985526907,-463.036284324,16.930766881));
#15119=CARTESIAN_POINT('',(14.541816384,-462.861204941,16.691389716));
#15120=CARTESIAN_POINT('',(13.801336136,-462.423928544,16.093523995));
#15121=CARTESIAN_POINT('',(13.504857757,-462.161903578,15.735270672));
#15122=CARTESIAN_POINT('',(13.104111478,-461.590574078,14.95412118));
#15123=CARTESIAN_POINT('',(13.000001253,-461.281494336,14.531532357));
#15124=CARTESIAN_POINT('',(13.,-460.972292773,14.108777011));
#15125=CARTESIAN_POINT('',(17.,-461.931652295,18.338009995));
#15126=CARTESIAN_POINT('',(16.4764015,-461.931652336,18.338009967));
#15127=CARTESIAN_POINT('',(15.953009012,-461.872328824,18.252413793));
#15128=CARTESIAN_POINT('',(14.985525054,-461.643976308,17.922930747));
#15129=CARTESIAN_POINT('',(14.541814246,-461.475037151,17.679173511));
#15130=CARTESIAN_POINT('',(13.80133384,-461.053096604,17.070368229));
#15131=CARTESIAN_POINT('',(13.504855589,-460.800261229,16.705559721));
#15132=CARTESIAN_POINT('',(13.104110047,-460.248969207,15.910117193));
#15133=CARTESIAN_POINT('',(13.000000432,-459.950729469,15.479796145));
#15134=CARTESIAN_POINT('',(13.,-459.652372283,15.049305652));
#15135=CARTESIAN_POINT('',(17.,-460.121078654,19.52469796));
#15136=CARTESIAN_POINT('',(16.476401498,-460.121078707,19.524697926));
#15137=CARTESIAN_POINT('',(15.95300901,-460.064572496,19.437255236));
#15138=CARTESIAN_POINT('',(14.98552505,-459.847064518,19.100664454));
#15139=CARTESIAN_POINT('',(14.541814241,-459.686148331,18.851648796));
#15140=CARTESIAN_POINT('',(13.801333834,-459.284245852,18.229710142));
#15141=CARTESIAN_POINT('',(13.504855583,-459.043417693,17.857031853));
#15142=CARTESIAN_POINT('',(13.104110044,-458.518306661,17.044429752));
#15143=CARTESIAN_POINT('',(13.00000043,-458.234230396,16.604825665));
#15144=CARTESIAN_POINT('',(13.,-457.950042259,16.165048479));
#15145=CARTESIAN_POINT('',(17.,-459.756102039,19.758887214));
#15146=CARTESIAN_POINT('',(16.476401265,-459.756102047,19.758887208));
#15147=CARTESIAN_POINT('',(15.953008544,-459.700165317,19.671078974));
#15148=CARTESIAN_POINT('',(14.985524223,-459.484849519,19.333081063));
#15149=CARTESIAN_POINT('',(14.541813287,-459.32555517,19.083024375));
#15150=CARTESIAN_POINT('',(13.801332809,-458.927703432,18.458485674));
#15151=CARTESIAN_POINT('',(13.504854616,-458.689302581,18.084249391));
#15152=CARTESIAN_POINT('',(13.104109405,-458.169484213,17.268250241));
#15153=CARTESIAN_POINT('',(13.000000064,-457.888271223,16.826808435));
#15154=CARTESIAN_POINT('',(13.,-457.606947536,16.385192863));
#15155=CARTESIAN_POINT('',(17.,-459.020330976,20.220869797));
#15156=CARTESIAN_POINT('',(16.476401265,-459.020330985,20.220869792));
#15157=CARTESIAN_POINT('',(15.953008544,-458.965546007,20.132338385));
#15158=CARTESIAN_POINT('',(14.985524223,-458.754663615,19.791556787));
#15159=CARTESIAN_POINT('',(14.541813286,-458.598649176,19.53944068));
#15160=CARTESIAN_POINT('',(13.801332809,-458.208989302,18.909758397));
#15161=CARTESIAN_POINT('',(13.504854615,-457.975497183,18.532439975));
#15162=CARTESIAN_POINT('',(13.104109405,-457.466382002,17.709720411));
#15163=CARTESIAN_POINT('',(13.000000064,-457.190959255,17.264642975));
#15164=CARTESIAN_POINT('',(13.,-456.915428091,16.819390341));
#15165=CARTESIAN_POINT('',(17.,-458.649222075,20.448843277));
#15166=CARTESIAN_POINT('',(16.476401243,-458.64922207,20.44884328));
#15167=CARTESIAN_POINT('',(15.9530085,-458.59501976,20.359953902));
#15168=CARTESIAN_POINT('',(14.985524144,-458.386380249,20.017794363));
#15169=CARTESIAN_POINT('',(14.541813196,-458.232025138,19.764658827));
#15170=CARTESIAN_POINT('',(13.801332712,-457.846509596,19.132430428));
#15171=CARTESIAN_POINT('',(13.504854523,-457.615500848,18.75358632));
#15172=CARTESIAN_POINT('',(13.104109344,-457.111800517,17.927540097));
#15173=CARTESIAN_POINT('',(13.000000029,-456.839307119,17.480662996));
#15174=CARTESIAN_POINT('',(13.,-456.566706461,17.033609993));
#15175=CARTESIAN_POINT('',(17.,-457.531845628,21.120152373));
#15176=CARTESIAN_POINT('',(16.476401243,-457.531845624,21.120152375));
#15177=CARTESIAN_POINT('',(15.9530085,-457.479403298,21.030205616));
#15178=CARTESIAN_POINT('',(14.985524144,-457.277538445,20.683975927));
#15179=CARTESIAN_POINT('',(14.541813196,-457.128195343,20.427829223));
#15180=CARTESIAN_POINT('',(13.801332712,-456.755197737,19.788080168));
#15181=CARTESIAN_POINT('',(13.504854524,-456.531689991,19.40472953));
#15182=CARTESIAN_POINT('',(13.104109344,-456.044345131,18.568857097));
#15183=CARTESIAN_POINT('',(13.000000029,-455.780699767,18.116664181));
#15184=CARTESIAN_POINT('',(13.,-455.516950626,17.664293271));
#15185=CARTESIAN_POINT('',(17.,-456.78004208,21.551841562));
#15186=CARTESIAN_POINT('',(16.476401457,-456.780042035,21.551841588));
#15187=CARTESIAN_POINT('',(15.953008928,-456.728796518,21.461207586));
#15188=CARTESIAN_POINT('',(14.985524904,-456.531538584,21.112332456));
#15189=CARTESIAN_POINT('',(14.541814073,-456.38560378,20.854228595));
#15190=CARTESIAN_POINT('',(13.801333654,-456.021118708,20.209591314));
#15191=CARTESIAN_POINT('',(13.504855413,-455.802711848,19.823311531));
#15192=CARTESIAN_POINT('',(13.104109931,-455.326489137,18.981052195));
#15193=CARTESIAN_POINT('',(13.000000366,-455.068860657,18.525404035));
#15194=CARTESIAN_POINT('',(13.,-454.811130745,18.069576458));
#15195=CARTESIAN_POINT('',(17.,-454.505320278,22.798546164));
#15196=CARTESIAN_POINT('',(16.476401458,-454.505320246,22.798546181));
#15197=CARTESIAN_POINT('',(15.95300893,-454.457700867,22.705924804));
#15198=CARTESIAN_POINT('',(14.985524908,-454.274400907,22.349399738));
#15199=CARTESIAN_POINT('',(14.541814077,-454.138792448,22.085636326));
#15200=CARTESIAN_POINT('',(13.801333659,-453.800098327,21.426863823));
#15201=CARTESIAN_POINT('',(13.504855418,-453.597145928,21.03211393));
#15202=CARTESIAN_POINT('',(13.104109934,-453.15462071,20.171386043));
#15203=CARTESIAN_POINT('',(13.000000368,-452.915222007,19.705746708));
#15204=CARTESIAN_POINT('',(13.,-452.675729046,19.239924024));
#15205=CARTESIAN_POINT('',(17.,-452.964009696,23.56515039));
#15206=CARTESIAN_POINT('',(16.476401326,-452.964009685,23.565150395));
#15207=CARTESIAN_POINT('',(15.953008666,-452.918834847,23.471313532));
#15208=CARTESIAN_POINT('',(14.98552444,-452.744944555,23.110109759));
#15209=CARTESIAN_POINT('',(14.541813537,-452.61629752,22.842884967));
#15210=CARTESIAN_POINT('',(13.801333079,-452.294990167,22.17546739));
#15211=CARTESIAN_POINT('',(13.50485487,-452.102456271,21.775537205));
#15212=CARTESIAN_POINT('',(13.104109573,-451.682647972,20.90351406));
#15213=CARTESIAN_POINT('',(13.00000016,-451.455538745,20.431764204));
#15214=CARTESIAN_POINT('',(13.,-451.228340113,19.959828632));
#15215=CARTESIAN_POINT('',(17.,-449.832495064,24.973274927));
#15216=CARTESIAN_POINT('',(16.476401327,-449.832495061,24.973274928));
#15217=CARTESIAN_POINT('',(15.953008667,-449.792277679,24.877208883));
#15218=CARTESIAN_POINT('',(14.985524441,-449.637469979,24.507424385));
#15219=CARTESIAN_POINT('',(14.541813539,-449.52294057,24.233851426));
#15220=CARTESIAN_POINT('',(13.80133308,-449.236893235,23.550578743));
#15221=CARTESIAN_POINT('',(13.504854871,-449.065487856,23.141147857));
#15222=CARTESIAN_POINT('',(13.104109573,-448.691748984,22.248409022));
#15223=CARTESIAN_POINT('',(13.000000161,-448.489562541,21.765452326));
#15224=CARTESIAN_POINT('',(13.,-448.287296503,21.282305503));
#15225=CARTESIAN_POINT('',(17.,-448.242288073,25.614787937));
#15226=CARTESIAN_POINT('',(16.47640135,-448.242288074,25.614787936));
#15227=CARTESIAN_POINT('',(15.953008714,-448.204583613,25.517708162));
#15228=CARTESIAN_POINT('',(14.985524524,-448.059448824,25.144021548));
#15229=CARTESIAN_POINT('',(14.541813634,-447.9520756,24.867561737));
#15230=CARTESIAN_POINT('',(13.801333182,-447.683901466,24.177078881));
#15231=CARTESIAN_POINT('',(13.504854968,-447.523206071,23.763327513));
#15232=CARTESIAN_POINT('',(13.104109637,-447.172819654,22.861168122));
#15233=CARTESIAN_POINT('',(13.000000197,-446.983266493,22.373115061));
#15234=CARTESIAN_POINT('',(13.,-446.793638708,21.88486986));
#15235=CARTESIAN_POINT('',(17.,-445.012375852,26.773257198));
#15236=CARTESIAN_POINT('',(16.47640135,-445.012375863,26.773257195));
#15237=CARTESIAN_POINT('',(15.953008713,-444.97978367,26.674343809));
#15238=CARTESIAN_POINT('',(14.985524523,-444.854327382,26.293599128));
#15239=CARTESIAN_POINT('',(14.541813633,-444.761512648,26.011917638));
#15240=CARTESIAN_POINT('',(13.801333182,-444.529699623,25.308393182));
#15241=CARTESIAN_POINT('',(13.504854967,-444.390792542,24.886827021));
#15242=CARTESIAN_POINT('',(13.104109637,-444.087914196,23.967627959));
#15243=CARTESIAN_POINT('',(13.000000197,-443.924062101,23.470356724));
#15244=CARTESIAN_POINT('',(13.,-443.760145498,22.97288972));
#15245=CARTESIAN_POINT('',(17.,-443.372672925,27.290218607));
#15246=CARTESIAN_POINT('',(16.476401666,-443.372672981,27.29021859));
#15247=CARTESIAN_POINT('',(15.953009345,-443.342680204,27.190485429));
#15248=CARTESIAN_POINT('',(14.985525644,-443.227229682,26.806585217));
#15249=CARTESIAN_POINT('',(14.541814926,-443.141817362,26.522569213));
#15250=CARTESIAN_POINT('',(13.801334571,-442.928492474,25.813214054));
#15251=CARTESIAN_POINT('',(13.504856279,-442.800663841,25.388153997));
#15252=CARTESIAN_POINT('',(13.104110502,-442.521941313,24.461336603));
#15253=CARTESIAN_POINT('',(13.000000694,-442.371157084,23.959943927));
#15254=CARTESIAN_POINT('',(13.,-442.220313454,23.458353768));
#15255=CARTESIAN_POINT('',(17.,-440.874543772,27.970097877));
#15256=CARTESIAN_POINT('',(16.476401664,-440.874543855,27.970097856));
#15257=CARTESIAN_POINT('',(15.953009341,-440.848531163,27.869281496));
#15258=CARTESIAN_POINT('',(14.985525637,-440.748401023,27.481211763));
#15259=CARTESIAN_POINT('',(14.541814918,-440.674322973,27.194111077));
#15260=CARTESIAN_POINT('',(13.801334562,-440.489306409,26.477051654));
#15261=CARTESIAN_POINT('',(13.504856271,-440.378440692,26.047375048));
#15262=CARTESIAN_POINT('',(13.104110497,-440.136704752,25.110491552));
#15263=CARTESIAN_POINT('',(13.00000069,-440.005929642,24.603653284));
#15264=CARTESIAN_POINT('',(13.,-439.875103006,24.096615391));
#15265=CARTESIAN_POINT('',(17.,-440.03539418,28.180770181));
#15266=CARTESIAN_POINT('',(16.476401385,-440.035394214,28.180770173));
#15267=CARTESIAN_POINT('',(15.953008784,-440.010721675,28.079617165));
#15268=CARTESIAN_POINT('',(14.985524649,-439.915750252,27.690251569));
#15269=CARTESIAN_POINT('',(14.541813779,-439.845488735,27.402192181));
#15270=CARTESIAN_POINT('',(13.801333338,-439.67000435,26.682738353));
#15271=CARTESIAN_POINT('',(13.504855115,-439.564850528,26.251626989));
#15272=CARTESIAN_POINT('',(13.104109734,-439.335569073,25.311615186));
#15273=CARTESIAN_POINT('',(13.000000253,-439.211531652,24.803084602));
#15274=CARTESIAN_POINT('',(13.,-439.08744539,24.294353807));
#15275=CARTESIAN_POINT('',(17.,-438.766729013,28.472319052));
#15276=CARTESIAN_POINT('',(16.476401385,-438.766729052,28.472319043));
#15277=CARTESIAN_POINT('',(15.953008783,-438.744089415,28.370698859));
#15278=CARTESIAN_POINT('',(14.985524648,-438.656943177,27.979534978));
#15279=CARTESIAN_POINT('',(14.541813777,-438.592470865,27.690145187));
#15280=CARTESIAN_POINT('',(13.801333336,-438.431445528,26.96736856));
#15281=CARTESIAN_POINT('',(13.504855113,-438.33495586,26.534266107));
#15282=CARTESIAN_POINT('',(13.104109733,-438.124566058,25.589912858));
#15283=CARTESIAN_POINT('',(13.000000252,-438.010748703,25.079033625));
#15284=CARTESIAN_POINT('',(13.,-437.896886529,24.567953257));
#15285=CARTESIAN_POINT('',(17.,-438.342182699,28.565423615));
#15286=CARTESIAN_POINT('',(16.476401237,-438.342182702,28.565423615));
#15287=CARTESIAN_POINT('',(15.953008488,-438.32022442,28.463653934));
#15288=CARTESIAN_POINT('',(14.985524124,-438.235700977,28.071914591));
#15289=CARTESIAN_POINT('',(14.541813172,-438.173169072,27.782099061));
#15290=CARTESIAN_POINT('',(13.801332687,-438.016990106,27.058259137));
#15291=CARTESIAN_POINT('',(13.5048545,-437.923404495,26.624519543));
#15292=CARTESIAN_POINT('',(13.104109328,-437.719346837,25.678777099));
#15293=CARTESIAN_POINT('',(13.00000002,-437.608955079,25.167146359));
#15294=CARTESIAN_POINT('',(13.,-437.498519868,24.655314231));
#15295=CARTESIAN_POINT('',(17.,-437.489719361,28.743363995));
#15296=CARTESIAN_POINT('',(16.476401237,-437.489719364,28.743363994));
#15297=CARTESIAN_POINT('',(15.953008488,-437.469131796,28.641308195));
#15298=CARTESIAN_POINT('',(14.985524124,-437.389884603,28.248467505));
#15299=CARTESIAN_POINT('',(14.541813172,-437.33125616,27.957837179));
#15300=CARTESIAN_POINT('',(13.801332686,-437.184826434,27.231962231));
#15301=CARTESIAN_POINT('',(13.5048545,-437.097082765,26.797003209));
#15302=CARTESIAN_POINT('',(13.104109328,-436.905763103,25.848601879));
#15303=CARTESIAN_POINT('',(13.00000002,-436.802262386,25.335532725));
#15304=CARTESIAN_POINT('',(13.,-436.698720929,24.822261618));
#15305=CARTESIAN_POINT('',(17.,-437.061869374,28.828173769));
#15306=CARTESIAN_POINT('',(16.476401267,-437.061869366,28.828173771));
#15307=CARTESIAN_POINT('',(15.953008547,-437.041971003,28.725981354));
#15308=CARTESIAN_POINT('',(14.985524228,-436.965376777,28.332614776));
#15309=CARTESIAN_POINT('',(14.541813293,-436.90871105,28.041595388));
#15310=CARTESIAN_POINT('',(13.801332816,-436.767183387,27.314748715));
#15311=CARTESIAN_POINT('',(13.504854622,-436.682377137,26.879207412));
#15312=CARTESIAN_POINT('',(13.104109409,-436.49746234,25.929536444));
#15313=CARTESIAN_POINT('',(13.000000066,-436.397426548,25.415780432));
#15314=CARTESIAN_POINT('',(13.,-436.29735138,24.901822186));
#15315=CARTESIAN_POINT('',(17.,-434.923004776,29.229681175));
#15316=CARTESIAN_POINT('',(16.476401267,-434.923004771,29.229681176));
#15317=CARTESIAN_POINT('',(15.953008547,-434.906558789,29.126840678));
#15318=CARTESIAN_POINT('',(14.985524229,-434.843253719,28.730979461));
#15319=CARTESIAN_POINT('',(14.541813294,-434.796419539,28.438114496));
#15320=CARTESIAN_POINT('',(13.801332817,-434.679447032,27.706658332));
#15321=CARTESIAN_POINT('',(13.504854623,-434.60935473,27.26835493));
#15322=CARTESIAN_POINT('',(13.10410941,-434.456522788,26.312661371));
#15323=CARTESIAN_POINT('',(13.000000067,-434.37384328,25.79564724));
#15324=CARTESIAN_POINT('',(13.,-434.291131228,25.278429593));
#15325=CARTESIAN_POINT('',(17.,-433.206102143,29.480412617));
#15326=CARTESIAN_POINT('',(16.476402158,-433.206102053,29.480412628));
#15327=CARTESIAN_POINT('',(15.953010327,-433.192449559,29.37716346));
#15328=CARTESIAN_POINT('',(14.985527387,-433.139897552,28.979729089));
#15329=CARTESIAN_POINT('',(14.541816938,-433.101018715,28.685700258));
#15330=CARTESIAN_POINT('',(13.801336732,-433.00391542,27.951337062));
#15331=CARTESIAN_POINT('',(13.50485832,-432.945729168,27.511291634));
#15332=CARTESIAN_POINT('',(13.104111849,-432.81885763,26.551799358));
#15333=CARTESIAN_POINT('',(13.000001466,-432.750222262,26.032730026));
#15334=CARTESIAN_POINT('',(13.,-432.681559858,25.513456092));
#15335=CARTESIAN_POINT('',(17.,-429.760048621,29.840485035));
#15336=CARTESIAN_POINT('',(16.47640216,-429.76004861,29.840485034));
#15337=CARTESIAN_POINT('',(15.953010331,-429.752062474,29.736643796));
#15338=CARTESIAN_POINT('',(14.985527394,-429.72132167,29.336930406));
#15339=CARTESIAN_POINT('',(14.541816946,-429.698579097,29.041215523));
#15340=CARTESIAN_POINT('',(13.80133674,-429.641777503,28.302641269));
#15341=CARTESIAN_POINT('',(13.504858327,-429.607740832,27.860072493));
#15342=CARTESIAN_POINT('',(13.104111854,-429.533525946,26.895078214));
#15343=CARTESIAN_POINT('',(13.000001469,-429.493376931,26.373032391));
#15344=CARTESIAN_POINT('',(13.,-429.453212094,25.850780795));
#15345=CARTESIAN_POINT('',(17.,-428.030896173,29.949826803));
#15346=CARTESIAN_POINT('',(16.476401224,-428.030896173,29.949826803));
#15347=CARTESIAN_POINT('',(15.953008463,-428.025782835,29.845802179));
#15348=CARTESIAN_POINT('',(14.985524079,-428.006100195,29.44538294));
#15349=CARTESIAN_POINT('',(14.54181312,-427.991538639,29.149145873));
#15350=CARTESIAN_POINT('',(13.80133263,-427.955169863,28.409267594));
#15351=CARTESIAN_POINT('',(13.504854447,-427.933376954,27.965917492));
#15352=CARTESIAN_POINT('',(13.104109293,-427.885858859,26.999219934));
#15353=CARTESIAN_POINT('',(13.,-427.860152369,26.476252832));
#15354=CARTESIAN_POINT('',(13.,-427.834435762,25.953079884));
#15355=CARTESIAN_POINT('',(17.,-425.861340405,29.995567413));
#15356=CARTESIAN_POINT('',(16.476401224,-425.861340405,29.995567413));
#15357=CARTESIAN_POINT('',(15.953008463,-425.859875687,29.891465865));
#15358=CARTESIAN_POINT('',(14.985524079,-425.854237587,29.490750525));
#15359=CARTESIAN_POINT('',(14.54181312,-425.850066423,29.194294398));
#15360=CARTESIAN_POINT('',(13.80133263,-425.839648572,28.453868998));
#15361=CARTESIAN_POINT('',(13.504854447,-425.833405984,28.01019105));
#15362=CARTESIAN_POINT('',(13.104109293,-425.819794406,27.042778643));
#15363=CARTESIAN_POINT('',(13.,-425.812430772,26.519424819));
#15364=CARTESIAN_POINT('',(13.,-425.805064239,25.995864998));
#15365=CARTESIAN_POINT('',(17.,-425.427023308,30.000159621));
#15366=CARTESIAN_POINT('',(16.476401224,-425.427023308,30.000159621));
#15367=CARTESIAN_POINT('',(15.953008463,-425.426291184,29.896050304));
#15368=CARTESIAN_POINT('',(14.985524079,-425.423473039,29.495305058));
#15369=CARTESIAN_POINT('',(14.54181312,-425.421388127,29.198826805));
#15370=CARTESIAN_POINT('',(13.80133263,-425.416180875,28.458346144));
#15371=CARTESIAN_POINT('',(13.504854447,-425.413060584,28.014635083));
#15372=CARTESIAN_POINT('',(13.104109293,-425.406256981,27.047150475));
#15373=CARTESIAN_POINT('',(13.,-425.402576346,26.523757592));
#15374=CARTESIAN_POINT('',(13.,-425.398894263,26.000158695));
#15375=CARTESIAN_POINT('',(17.,-424.946791316,30.000143849));
#15376=CARTESIAN_POINT('',(16.476401224,-424.946791316,30.000143849));
#15377=CARTESIAN_POINT('',(15.953008463,-424.946871724,29.896034558));
#15378=CARTESIAN_POINT('',(14.985524079,-424.947181238,29.495289415));
#15379=CARTESIAN_POINT('',(14.54181312,-424.947410221,29.198811238));
#15380=CARTESIAN_POINT('',(13.80133263,-424.947982127,28.458330767));
#15381=CARTESIAN_POINT('',(13.504854447,-424.948324825,28.01461982));
#15382=CARTESIAN_POINT('',(13.104109293,-424.949072057,27.047135459));
#15383=CARTESIAN_POINT('',(13.,-424.949476296,26.523742711));
#15384=CARTESIAN_POINT('',(13.,-424.949880695,26.000143948));
#15385=CARTESIAN_POINT('',(17.,-424.900375731,30.000075362));
#15386=CARTESIAN_POINT('',(16.476401224,-424.900375731,30.000075362));
#15387=CARTESIAN_POINT('',(15.953008463,-424.900556773,29.895966234));
#15388=CARTESIAN_POINT('',(14.985524079,-424.901253655,29.495221717));
#15389=CARTESIAN_POINT('',(14.54181312,-424.90176922,29.198744004));
#15390=CARTESIAN_POINT('',(13.80133263,-424.903056889,28.458264691));
#15391=CARTESIAN_POINT('',(13.504854447,-424.903828487,28.014554437));
#15392=CARTESIAN_POINT('',(13.104109293,-424.905510908,27.04707159));
#15393=CARTESIAN_POINT('',(13.,-424.906421069,26.523679659));
#15394=CARTESIAN_POINT('',(13.,-424.907331589,26.000081715));
#15395=CARTESIAN_POINT('',(17.,-424.856645677,29.999989782));
#15396=CARTESIAN_POINT('',(16.476401224,-424.856645677,29.999989782));
#15397=CARTESIAN_POINT('',(15.953008463,-424.856857418,29.895880707));
#15398=CARTESIAN_POINT('',(14.985524079,-424.857672466,29.495136394));
#15399=CARTESIAN_POINT('',(14.54181312,-424.858275453,29.198658831));
#15400=CARTESIAN_POINT('',(13.80133263,-424.859781466,28.458179894));
#15401=CARTESIAN_POINT('',(13.504854447,-424.860683899,28.014469866));
#15402=CARTESIAN_POINT('',(13.104109293,-424.8626516,27.046987509));
#15403=CARTESIAN_POINT('',(13.,-424.863716092,26.523595845));
#15404=CARTESIAN_POINT('',(13.,-424.864781004,25.999998167));
#15405=B_SPLINE_SURFACE_WITH_KNOTS('',3,3,((#14965,#14966,#14967,#14968,#14969,#14970,#14971,#14972,#14973,#14974),(#14975,#14976,#14977,#14978,#14979,#14980,#14981,#14982,#14983,#14984),(#14985,#14986,#14987,#14988,#14989,#14990,#14991,#14992,#14993,#14994),(#14995,#14996,#14997,#14998,#14999,#15000,#15001,#15002,#15003,#15004),(#15005,#15006,#15007,#15008,#15009,#15010,#15011,#15012,#15013,#15014),(#15015,#15016,#15017,#15018,#15019,#15020,#15021,#15022,#15023,#15024),(#15025,#15026,#15027,#15028,#15029,#15030,#15031,#15032,#15033,#15034),(#15035,#15036,#15037,#15038,#15039,#15040,#15041,#15042,#15043,#15044),(#15045,#15046,#15047,#15048,#15049,#15050,#15051,#15052,#15053,#15054),(#15055,#15056,#15057,#15058,#15059,#15060,#15061,#15062,#15063,#15064),(#15065,#15066,#15067,#15068,#15069,#15070,#15071,#15072,#15073,#15074),(#15075,#15076,#15077,#15078,#15079,#15080,#15081,#15082,#15083,#15084),(#15085,#15086,#15087,#15088,#15089,#15090,#15091,#15092,#15093,#15094),(#15095,#15096,#15097,#15098,#15099,#15100,#15101,#15102,#15103,#15104),(#15105,#15106,#15107,#15108,#15109,#15110,#15111,#15112,#15113,#15114),(#15115,#15116,#15117,#15118,#15119,#15120,#15121,#15122,#15123,#15124),(#15125,#15126,#15127,#15128,#15129,#15130,#15131,#15132,#15133,#15134),(#15135,#15136,#15137,#15138,#15139,#15140,#15141,#15142,#15143,#15144),(#15145,#15146,#15147,#15148,#15149,#15150,#15151,#15152,#15153,#15154),(#15155,#15156,#15157,#15158,#15159,#15160,#15161,#15162,#15163,#15164),(#15165,#15166,#15167,#15168,#15169,#15170,#15171,#15172,#15173,#15174),(#15175,#15176,#15177,#15178,#15179,#15180,#15181,#15182,#15183,#15184),(#15185,#15186,#15187,#15188,#15189,#15190,#15191,#15192,#15193,#15194),(#15195,#15196,#15197,#15198,#15199,#15200,#15201,#15202,#15203,#15204),(#15205,#15206,#15207,#15208,#15209,#15210,#15211,#15212,#15213,#15214),(#15215,#15216,#15217,#15218,#15219,#15220,#15221,#15222,#15223,#15224),
(#15225,#15226,#15227,#15228,#15229,#15230,#15231,#15232,#15233,#15234),(#15235,#15236,#15237,#15238,#15239,#15240,#15241,#15242,#15243,#15244),(#15245,#15246,#15247,#15248,#15249,#15250,#15251,#15252,#15253,#15254),(#15255,#15256,#15257,#15258,#15259,#15260,#15261,#15262,#15263,#15264),(#15265,#15266,#15267,#15268,#15269,#15270,#15271,#15272,#15273,#15274),(#15275,#15276,#15277,#15278,#15279,#15280,#15281,#15282,#15283,#15284),(#15285,#15286,#15287,#15288,#15289,#15290,#15291,#15292,#15293,#15294),(#15295,#15296,#15297,#15298,#15299,#15300,#15301,#15302,#15303,#15304),(#15305,#15306,#15307,#15308,#15309,#15310,#15311,#15312,#15313,#15314),(#15315,#15316,#15317,#15318,#15319,#15320,#15321,#15322,#15323,#15324),(#15325,#15326,#15327,#15328,#15329,#15330,#15331,#15332,#15333,#15334),(#15335,#15336,#15337,#15338,#15339,#15340,#15341,#15342,#15343,#15344),(#15345,#15346,#15347,#15348,#15349,#15350,#15351,#15352,#15353,#15354),(#15355,#15356,#15357,#15358,#15359,#15360,#15361,#15362,#15363,#15364),(#15365,#15366,#15367,#15368,#15369,#15370,#15371,#15372,#15373,#15374),(#15375,#15376,#15377,#15378,#15379,#15380,#15381,#15382,#15383,#15384),(#15385,#15386,#15387,#15388,#15389,#15390,#15391,#15392,#15393,#15394),(#15395,#15396,#15397,#15398,#15399,#15400,#15401,#15402,#15403,#15404)),.UNSPECIFIED.,.F.,.F.,.U.,(4,2,2,2,2,2,2,2,2,2,2,2,2,2,2,2,2,2,2,2,2,4),(4,2,2,2,4),(0.282725278,0.284415394,0.286856099,0.288076452,0.289296805,0.294178216,0.299059628,0.303941039,0.30882245,0.310042803,0.311263156,0.313703861,0.318585273,0.323466684,0.328348095,0.330788801,0.332009154,0.333229507,0.338110918,0.342992329,0.344212682,0.344340416),(0.,0.25,0.5,0.75,1.),.UNSPECIFIED.);
#15406=ORIENTED_EDGE('',*,*,#14940,.F.);
#15407=ORIENTED_EDGE('',*,*,#14848,.F.);
#15408=CARTESIAN_POINT('',(13.,-424.864781544,26.000000005));
#15409=CARTESIAN_POINT('',(13.000000002,-424.86422236,26.52802228));
#15410=CARTESIAN_POINT('',(13.106660212,-424.863663246,27.054958949));
#15411=CARTESIAN_POINT('',(13.30650179,-424.863151475,27.535601179));
#15412=CARTESIAN_POINT('',(13.356462184,-424.863023532,27.655761736));
#15413=CARTESIAN_POINT('',(13.412277409,-424.862898924,27.773515605));
#15414=CARTESIAN_POINT('',(13.474046141,-424.862776524,27.888822223));
#15415=CARTESIAN_POINT('',(13.535814873,-424.862654123,28.00412884));
#15416=CARTESIAN_POINT('',(13.603965344,-424.862533678,28.117594098));
#15417=CARTESIAN_POINT('',(13.677092316,-424.862417838,28.226720576));
#15418=CARTESIAN_POINT('',(13.823346259,-424.862186159,28.444973532));
#15419=CARTESIAN_POINT('',(13.98892895,-424.861972744,28.646020061));
#15420=CARTESIAN_POINT('',(14.173399536,-424.861777178,28.830252608));
#15421=CARTESIAN_POINT('',(14.357870123,-424.861581611,29.014485155));
#15422=CARTESIAN_POINT('',(14.563661494,-424.861402569,29.183150937));
#15423=CARTESIAN_POINT('',(14.780933269,-424.861248784,29.328023865));
#15424=CARTESIAN_POINT('',(14.998205043,-424.861094999,29.472896794));
#15425=CARTESIAN_POINT('',(15.227796066,-424.86096481,29.595540404));
#15426=CARTESIAN_POINT('',(15.46982097,-424.860858438,29.695747846));
#15427=CARTESIAN_POINT('',(15.590833423,-424.860805252,29.745851567));
#15428=CARTESIAN_POINT('',(15.715628702,-424.860757898,29.790460808));
#15429=CARTESIAN_POINT('',(15.841163166,-424.860717563,29.828458854));
#15430=CARTESIAN_POINT('',(15.96669763,-424.860677227,29.866456901));
#15431=CARTESIAN_POINT('',(16.093320989,-424.860643679,29.898061077));
#15432=CARTESIAN_POINT('',(16.221009049,-424.860616767,29.923413451));
#15433=CARTESIAN_POINT('',(16.476385168,-424.860562943,29.974118198));
#15434=CARTESIAN_POINT('',(16.73598871,-424.860535056,30.));
#15435=CARTESIAN_POINT('',(17.,-424.860535056,30.));
#15436=B_SPLINE_CURVE_WITH_KNOTS('',3,(#15408,#15409,#15410,#15411,#15412,#15413,#15414,#15415,#15416,#15417,#15418,#15419,#15420,#15421,#15422,#15423,#15424,#15425,#15426,#15427,#15428,#15429,#15430,#15431,#15432,#15433,
#15434,#15435),.UNSPECIFIED.,.F.,.F.,(4,3,3,3,3,3,3,3,3,4),(0.,0.001561584,0.00195198,0.002342376,0.003123168,0.003903961,0.004684753,0.005075149,0.005465545,0.006246337),.UNSPECIFIED.);
#15437=EDGE_CURVE('',#13930,#14476,#15436,.T.);
#15438=ORIENTED_EDGE('',*,*,#15437,.F.);
#15439=ORIENTED_EDGE('',*,*,#13996,.F.);
#15440=EDGE_LOOP('',(#15406,#15407,#15438,#15439));
#15441=FACE_BOUND('',#15440,.T.);
#15442=ADVANCED_FACE('',(#15441),#15405,.T.);
#15443=CARTESIAN_POINT('',(17.000003238,-424.864786709,29.999976825));
#15444=CARTESIAN_POINT('',(16.476404226,-424.864786709,29.999977249));
#15445=CARTESIAN_POINT('',(15.953011144,-424.864786564,29.895868284));
#15446=CARTESIAN_POINT('',(14.985526071,-424.864786005,29.495123562));
#15447=CARTESIAN_POINT('',(14.541814743,-424.864785592,29.198645481));
#15448=CARTESIAN_POINT('',(13.801333583,-424.864784559,28.458164994));
#15449=CARTESIAN_POINT('',(13.504855097,-424.86478394,28.014453937));
#15450=CARTESIAN_POINT('',(13.104112399,-424.864782592,27.046976241));
#15451=CARTESIAN_POINT('',(13.000003071,-424.864781862,26.523591416));
#15452=CARTESIAN_POINT('',(13.,-424.864781132,26.));
#15453=CARTESIAN_POINT('',(17.000003452,-364.543192736,29.99997528));
#15454=CARTESIAN_POINT('',(16.476404431,-364.543192736,29.999975732));
#15455=CARTESIAN_POINT('',(15.953011335,-364.543192586,29.895866791));
#15456=CARTESIAN_POINT('',(14.985526225,-364.54319201,29.495122107));
#15457=CARTESIAN_POINT('',(14.541814877,-364.543191584,29.198644039));
#15458=CARTESIAN_POINT('',(13.801333673,-364.54319052,28.458163569));
#15459=CARTESIAN_POINT('',(13.504855167,-364.543189883,28.014452514));
#15460=CARTESIAN_POINT('',(13.104112429,-364.543188492,27.046974814));
#15461=CARTESIAN_POINT('',(13.000003085,-364.54318774,26.523589982));
#15462=CARTESIAN_POINT('',(13.,-364.543186988,25.999998557));
#15463=CARTESIAN_POINT('',(17.000002783,-304.221597012,29.999980009));
#15464=CARTESIAN_POINT('',(16.476403824,-304.221597012,29.999980373));
#15465=CARTESIAN_POINT('',(15.953010808,-304.221596904,29.89587137));
#15466=CARTESIAN_POINT('',(14.985525862,-304.221596486,29.495126617));
#15467=CARTESIAN_POINT('',(14.541814597,-304.221596177,29.198648544));
#15468=CARTESIAN_POINT('',(13.801333537,-304.221595406,28.458168107));
#15469=CARTESIAN_POINT('',(13.504855089,-304.221594943,28.014457093));
#15470=CARTESIAN_POINT('',(13.104112425,-304.221593935,27.046979497));
#15471=CARTESIAN_POINT('',(13.000003095,-304.22159339,26.52359473));
#15472=CARTESIAN_POINT('',(13.,-304.221592844,26.000003367));
#15473=CARTESIAN_POINT('',(17.000000106,-243.899997409,29.999998978));
#15474=CARTESIAN_POINT('',(16.476401371,-243.899997409,29.999998992));
#15475=CARTESIAN_POINT('',(15.953008646,-243.899997443,29.895889729));
#15476=CARTESIAN_POINT('',(14.985524314,-243.899997572,29.495144661));
#15477=CARTESIAN_POINT('',(14.541813369,-243.899997668,29.198666533));
#15478=CARTESIAN_POINT('',(13.801332872,-243.899997907,28.458186164));
#15479=CARTESIAN_POINT('',(13.504854667,-243.89999805,28.014475271));
#15480=CARTESIAN_POINT('',(13.104112336,-243.899998363,27.046998021));
#15481=CARTESIAN_POINT('',(13.000003095,-243.899998532,26.523613476));
#15482=CARTESIAN_POINT('',(13.,-243.899998701,26.000022337));
#15483=B_SPLINE_SURFACE_WITH_KNOTS('',3,3,((#15443,#15444,#15445,#15446,#15447,#15448,#15449,#15450,#15451,#15452),(#15453,#15454,#15455,#15456,#15457,#15458,#15459,#15460,#15461,#15462),(#15463,#15464,#15465,#15466,#15467,#15468,#15469,#15470,#15471,#15472),(#15473,#15474,#15475,#15476,#15477,#15478,#15479,#15480,#15481,#15482)),.UNSPECIFIED.,.F.,.F.,.U.,(4,4),(4,2,2,2,4),(0.30590466,0.486869443),(0.,0.25,0.5,0.75,0.999996376),.UNSPECIFIED.);
#15484=ORIENTED_EDGE('',*,*,#14547,.F.);
#15485=CARTESIAN_POINT('',(17.,-243.9,25.999998978));
#15486=DIRECTION('',(0.,-1.,-0.000000314));
#15487=DIRECTION('',(0.,0.000000314,-1.));
#15488=AXIS2_PLACEMENT_3D('',#15485,#15486,#15487);
#15489=CIRCLE('',#15488,4.);
#15490=EDGE_CURVE('',#13583,#13932,#15489,.T.);
#15491=ORIENTED_EDGE('',*,*,#15490,.T.);
#15492=ORIENTED_EDGE('',*,*,#13937,.F.);
#15493=ORIENTED_EDGE('',*,*,#15437,.T.);
#15494=EDGE_LOOP('',(#15484,#15491,#15492,#15493));
#15495=FACE_BOUND('',#15494,.T.);
#15496=ADVANCED_FACE('',(#15495),#15483,.T.);
#15497=CARTESIAN_POINT('',(17.,-243.9,25.999998978));
#15498=DIRECTION('',(0.,0.,1.));
#15499=DIRECTION('',(1.,0.,-0.));
#15500=AXIS2_PLACEMENT_3D('',#15497,#15498,#15499);
#15501=SPHERICAL_SURFACE('',#15500,4.);
#15502=ORIENTED_EDGE('',*,*,#15490,.F.);
#15503=ORIENTED_EDGE('',*,*,#13589,.T.);
#15504=CARTESIAN_POINT('',(17.,-243.9,25.999998978));
#15505=DIRECTION('',(-0.,-0.,-1.));
#15506=DIRECTION('',(1.,0.,-0.));
#15507=AXIS2_PLACEMENT_3D('',#15504,#15505,#15506);
#15508=CIRCLE('',#15507,4.);
#15509=EDGE_CURVE('',#13932,#12594,#15508,.T.);
#15510=ORIENTED_EDGE('',*,*,#15509,.F.);
#15511=EDGE_LOOP('',(#15502,#15503,#15510));
#15512=FACE_BOUND('',#15511,.T.);
#15513=ADVANCED_FACE('',(#15512),#15501,.T.);
#15514=CARTESIAN_POINT('',(17.,-243.9,33.));
#15515=DIRECTION('',(0.,0.,1.));
#15516=DIRECTION('',(1.,0.,-0.));
#15517=AXIS2_PLACEMENT_3D('',#15514,#15515,#15516);
#15518=CYLINDRICAL_SURFACE('',#15517,4.);
#15519=ORIENTED_EDGE('',*,*,#15509,.T.);
#15520=ORIENTED_EDGE('',*,*,#12690,.F.);
#15521=ORIENTED_EDGE('',*,*,#14948,.F.);
#15522=ORIENTED_EDGE('',*,*,#13945,.F.);
#15523=EDGE_LOOP('',(#15519,#15520,#15521,#15522));
#15524=FACE_BOUND('',#15523,.T.);
#15525=ADVANCED_FACE('',(#15524),#15518,.T.);
#15526=CARTESIAN_POINT('',(435.,-424.860535056,30.));
#15527=CARTESIAN_POINT('',(435.392699082,-424.860535056,30.));
#15528=CARTESIAN_POINT('',(435.785243653,-424.860700826,29.921918206));
#15529=CARTESIAN_POINT('',(436.510856941,-424.861338924,29.621360018));
#15530=CARTESIAN_POINT('',(436.84364016,-424.861810999,29.399001882));
#15531=CARTESIAN_POINT('',(437.399000527,-424.862990049,28.843642766));
#15532=CARTESIAN_POINT('',(437.621359165,-424.863696559,28.510860297));
#15533=CARTESIAN_POINT('',(437.92191803,-424.865237062,27.785248644));
#15534=CARTESIAN_POINT('',(438.,-424.866070448,27.392704958));
#15535=CARTESIAN_POINT('',(438.,-424.866904162,27.000006761));
#15536=CARTESIAN_POINT('',(435.,-424.874584551,30.000029828));
#15537=CARTESIAN_POINT('',(435.392699082,-424.874584551,30.000029828));
#15538=CARTESIAN_POINT('',(435.785243653,-424.874750321,29.921948034));
#15539=CARTESIAN_POINT('',(436.510856941,-424.875388418,29.621389846));
#15540=CARTESIAN_POINT('',(436.84364016,-424.875860494,29.399031709));
#15541=CARTESIAN_POINT('',(437.399000527,-424.877039544,28.843672594));
#15542=CARTESIAN_POINT('',(437.621359165,-424.877746054,28.510890125));
#15543=CARTESIAN_POINT('',(437.92191803,-424.879286557,27.785278472));
#15544=CARTESIAN_POINT('',(438.,-424.880119943,27.392734785));
#15545=CARTESIAN_POINT('',(438.,-424.880953657,27.000036589));
#15546=CARTESIAN_POINT('',(435.,-424.889911672,30.000058563));
#15547=CARTESIAN_POINT('',(435.392699082,-424.889911672,30.000058563));
#15548=CARTESIAN_POINT('',(435.785243653,-424.890044188,29.921976704));
#15549=CARTESIAN_POINT('',(436.510856941,-424.890554275,29.621418263));
#15550=CARTESIAN_POINT('',(436.84364016,-424.890931646,29.399059939));
#15551=CARTESIAN_POINT('',(437.399000527,-424.891874165,28.843700355));
#15552=CARTESIAN_POINT('',(437.621359165,-424.892438941,28.510917606));
#15553=CARTESIAN_POINT('',(437.92191803,-424.893670401,27.785305342));
#15554=CARTESIAN_POINT('',(438.,-424.8943366,27.392761325));
#15555=CARTESIAN_POINT('',(438.,-424.895003061,27.000062797));
#15556=CARTESIAN_POINT('',(435.,-424.919450982,30.000101602));
#15557=CARTESIAN_POINT('',(435.392699082,-424.919450982,30.000101602));
#15558=CARTESIAN_POINT('',(435.785243653,-424.919545997,29.922019688));
#15559=CARTESIAN_POINT('',(436.510856941,-424.919911737,29.621461037));
#15560=CARTESIAN_POINT('',(436.84364016,-424.920182318,29.399102557));
#15561=CARTESIAN_POINT('',(437.399000527,-424.920858117,28.843742585));
#15562=CARTESIAN_POINT('',(437.621359165,-424.92126307,28.510959603));
#15563=CARTESIAN_POINT('',(437.92191803,-424.922146045,27.785346831));
#15564=CARTESIAN_POINT('',(438.,-424.92262372,27.392802539));
#15565=CARTESIAN_POINT('',(438.,-424.923101582,27.000103737));
#15566=CARTESIAN_POINT('',(435.,-424.934220424,30.000117801));
#15567=CARTESIAN_POINT('',(435.392699082,-424.934220424,30.000117801));
#15568=CARTESIAN_POINT('',(435.785243653,-424.934296692,29.922035866));
#15569=CARTESIAN_POINT('',(436.510856941,-424.934590267,29.621477136));
#15570=CARTESIAN_POINT('',(436.84364016,-424.934807459,29.399118598));
#15571=CARTESIAN_POINT('',(437.399000527,-424.935349915,28.843758479));
#15572=CARTESIAN_POINT('',(437.621359165,-424.935674965,28.51097541));
#15573=CARTESIAN_POINT('',(437.92191803,-424.936383718,27.785362447));
#15574=CARTESIAN_POINT('',(438.,-424.936767141,27.392818052));
#15575=CARTESIAN_POINT('',(438.,-424.937150716,27.000119146));
#15576=CARTESIAN_POINT('',(435.,-424.978528115,30.000150442));
#15577=CARTESIAN_POINT('',(435.392699082,-424.978528115,30.000150442));
#15578=CARTESIAN_POINT('',(435.785243653,-424.978548146,29.922068466));
#15579=CARTESIAN_POINT('',(436.510856941,-424.978625252,29.621509576));
#15580=CARTESIAN_POINT('',(436.84364016,-424.978682296,29.39915092));
#15581=CARTESIAN_POINT('',(437.399000527,-424.978824768,28.843790507));
#15582=CARTESIAN_POINT('',(437.621359165,-424.97891014,28.511007261));
#15583=CARTESIAN_POINT('',(437.92191803,-424.97909629,27.785393913));
#15584=CARTESIAN_POINT('',(438.,-424.979196993,27.392849309));
#15585=CARTESIAN_POINT('',(438.,-424.979297736,27.000150195));
#15586=CARTESIAN_POINT('',(435.,-425.008065728,30.000150928));
#15587=CARTESIAN_POINT('',(435.392699082,-425.008065728,30.000150928));
#15588=CARTESIAN_POINT('',(435.785243653,-425.008048277,29.922068951));
#15589=CARTESIAN_POINT('',(436.510856941,-425.007981104,29.621510059));
#15590=CARTESIAN_POINT('',(436.84364016,-425.007931408,29.399151401));
#15591=CARTESIAN_POINT('',(437.399000527,-425.007807287,28.843790984));
#15592=CARTESIAN_POINT('',(437.621359165,-425.007732912,28.511007735));
#15593=CARTESIAN_POINT('',(437.92191803,-425.007570741,27.785394381));
#15594=CARTESIAN_POINT('',(438.,-425.007483009,27.392849775));
#15595=CARTESIAN_POINT('',(438.,-425.007395243,27.000150657));
#15596=CARTESIAN_POINT('',(435.,-425.096676025,30.000088598));
#15597=CARTESIAN_POINT('',(435.392699082,-425.096676025,30.000088598));
#15598=CARTESIAN_POINT('',(435.785243653,-425.096546154,29.9220067));
#15599=CARTESIAN_POINT('',(436.510856941,-425.096046246,29.621448112));
#15600=CARTESIAN_POINT('',(436.84364016,-425.095676406,29.39908968));
#15601=CARTESIAN_POINT('',(437.399000527,-425.094752697,28.843729825));
#15602=CARTESIAN_POINT('',(437.621359165,-425.094199192,28.510946913));
#15603=CARTESIAN_POINT('',(437.92191803,-425.092992308,27.785334294));
#15604=CARTESIAN_POINT('',(438.,-425.092339404,27.392790085));
#15605=CARTESIAN_POINT('',(438.,-425.091686243,27.000091366));
#15606=CARTESIAN_POINT('',(435.,-425.155746167,29.999961995));
#15607=CARTESIAN_POINT('',(435.392699082,-425.155746167,29.999961995));
#15608=CARTESIAN_POINT('',(435.785243653,-425.155541385,29.921880258));
#15609=CARTESIAN_POINT('',(436.510856941,-425.154753125,29.621322288));
#15610=CARTESIAN_POINT('',(436.84364016,-425.154169956,29.398964313));
#15611=CARTESIAN_POINT('',(437.399000527,-425.15271344,28.8436056));
#15612=CARTESIAN_POINT('',(437.621359165,-425.151840666,28.510823373));
#15613=CARTESIAN_POINT('',(437.92191803,-425.149937636,27.785212247));
#15614=CARTESIAN_POINT('',(438.,-425.148908129,27.392668845));
#15615=CARTESIAN_POINT('',(438.,-425.147878217,26.999970933));
#15616=CARTESIAN_POINT('',(435.,-425.332946448,29.999327333));
#15617=CARTESIAN_POINT('',(435.392699082,-425.332946448,29.999327333));
#15618=CARTESIAN_POINT('',(435.785243653,-425.332517039,29.9212464));
#15619=CARTESIAN_POINT('',(436.510856941,-425.330864127,29.620691527));
#15620=CARTESIAN_POINT('',(436.84364016,-425.329641274,29.398335843));
#15621=CARTESIAN_POINT('',(437.399000527,-425.326587091,28.842982853));
#15622=CARTESIAN_POINT('',(437.621359165,-425.324756963,28.510204054));
#15623=CARTESIAN_POINT('',(437.92191803,-425.32076648,27.784600404));
#15624=CARTESIAN_POINT('',(438.,-425.318607696,27.392061047));
#15625=CARTESIAN_POINT('',(438.,-425.316448062,26.999367182));
#15626=CARTESIAN_POINT('',(435.,-425.45106644,29.998564422));
#15627=CARTESIAN_POINT('',(435.392699082,-425.45106644,29.998564422));
#15628=CARTESIAN_POINT('',(435.785243653,-425.450487421,29.920484456));
#15629=CARTESIAN_POINT('',(436.510856941,-425.448258619,29.619933304));
#15630=CARTESIAN_POINT('',(436.84364016,-425.446609713,29.397580373));
#15631=CARTESIAN_POINT('',(437.399000527,-425.442491423,28.842234257));
#15632=CARTESIAN_POINT('',(437.621359165,-425.440023661,28.509459579));
#15633=CARTESIAN_POINT('',(437.92191803,-425.434642856,27.783864912));
#15634=CARTESIAN_POINT('',(438.,-425.431731932,27.391330415));
#15635=CARTESIAN_POINT('',(438.,-425.428819861,26.998641411));
#15636=CARTESIAN_POINT('',(435.,-425.805385992,29.99525855));
#15637=CARTESIAN_POINT('',(435.392699082,-425.805385992,29.99525855));
#15638=CARTESIAN_POINT('',(435.785243653,-425.804358564,29.917182767));
#15639=CARTESIAN_POINT('',(436.510856941,-425.800403712,29.61664772));
#15640=CARTESIAN_POINT('',(436.84364016,-425.797477845,29.394306703));
#15641=CARTESIAN_POINT('',(437.399000527,-425.790170231,28.838990345));
#15642=CARTESIAN_POINT('',(437.621359165,-425.785791361,28.506233497));
#15643=CARTESIAN_POINT('',(437.92191803,-425.776243504,27.78067771));
#15644=CARTESIAN_POINT('',(438.,-425.771078274,27.388164246));
#15645=CARTESIAN_POINT('',(438.,-425.765911011,26.995496283));
#15646=CARTESIAN_POINT('',(435.,-426.041545521,29.991698483));
#15647=CARTESIAN_POINT('',(435.392697206,-426.041545545,29.991698483));
#15648=CARTESIAN_POINT('',(435.785239906,-426.040219765,29.913627956));
#15649=CARTESIAN_POINT('',(436.510850293,-426.035116427,29.613113029));
#15650=CARTESIAN_POINT('',(436.843632489,-426.031340876,29.390786866));
#15651=CARTESIAN_POINT('',(437.398992287,-426.021911081,28.835507255));
#15652=CARTESIAN_POINT('',(437.621351383,-426.016260548,28.502772281));
#15653=CARTESIAN_POINT('',(437.921912895,-426.003939884,27.777263476));
#15654=CARTESIAN_POINT('',(437.999997054,-425.997274602,27.384775097));
#15655=CARTESIAN_POINT('',(438.,-425.990606682,26.992131646));
#15656=CARTESIAN_POINT('',(435.,-426.749862545,29.976966596));
#15657=CARTESIAN_POINT('',(435.392697206,-426.749862535,29.976966597));
#15658=CARTESIAN_POINT('',(435.785239906,-426.747643256,29.898914653));
#15659=CARTESIAN_POINT('',(436.510850293,-426.739100661,29.598471257));
#15660=CARTESIAN_POINT('',(436.843632488,-426.732780706,29.376198015));
#15661=CARTESIAN_POINT('',(437.398992286,-426.716996055,28.821050575));
#15662=CARTESIAN_POINT('',(437.621351383,-426.707537571,28.488394801));
#15663=CARTESIAN_POINT('',(437.921912895,-426.686913912,27.763058687));
#15664=CARTESIAN_POINT('',(437.999997054,-426.675756853,27.37066373));
#15665=CARTESIAN_POINT('',(438.,-426.664595388,26.978113739));
#15666=CARTESIAN_POINT('',(435.,-427.221859592,29.961743718));
#15667=CARTESIAN_POINT('',(435.392697782,-427.22185957,29.961743718));
#15668=CARTESIAN_POINT('',(435.785241056,-427.219046851,29.883710704));
#15669=CARTESIAN_POINT('',(436.510852334,-427.208219971,29.583340207));
#15670=CARTESIAN_POINT('',(436.843634843,-427.200210069,29.361120905));
#15671=CARTESIAN_POINT('',(437.398994816,-427.180204638,28.806108296));
#15672=CARTESIAN_POINT('',(437.621353772,-427.168216979,28.47353336));
#15673=CARTESIAN_POINT('',(437.921914471,-427.142078621,27.748373725));
#15674=CARTESIAN_POINT('',(437.999997959,-427.127938207,27.356074342));
#15675=CARTESIAN_POINT('',(438.,-427.113792216,26.963620142));
#15676=CARTESIAN_POINT('',(435.,-428.637221491,29.899981769));
#15677=CARTESIAN_POINT('',(435.392697783,-428.637221422,29.899981773));
#15678=CARTESIAN_POINT('',(435.785241058,-428.63263478,29.822026168));
#15679=CARTESIAN_POINT('',(436.510852336,-428.614979673,29.521953634));
#15680=CARTESIAN_POINT('',(436.843634846,-428.601918154,29.299954769));
#15681=CARTESIAN_POINT('',(437.398994819,-428.56929589,28.745492718));
#15682=CARTESIAN_POINT('',(437.621353774,-428.54974798,28.413247687));
#15683=CARTESIAN_POINT('',(437.921914473,-428.507124969,27.688807389));
#15684=CARTESIAN_POINT('',(437.999997959,-428.48406664,27.296897156));
#15685=CARTESIAN_POINT('',(438.,-428.460999224,26.904832258));
#15686=CARTESIAN_POINT('',(435.,-429.579954989,29.837359244));
#15687=CARTESIAN_POINT('',(435.392698645,-429.579954955,29.837359247));
#15688=CARTESIAN_POINT('',(435.78524278,-429.57419431,29.759481443));
#15689=CARTESIAN_POINT('',(436.510855391,-429.552020073,29.459708441));
#15690=CARTESIAN_POINT('',(436.843638371,-429.535615207,29.23793119));
#15691=CARTESIAN_POINT('',(437.398998606,-429.494642621,28.684022803));
#15692=CARTESIAN_POINT('',(437.621357351,-429.470091021,28.352109605));
#15693=CARTESIAN_POINT('',(437.921916833,-429.416557775,27.628393178));
#15694=CARTESIAN_POINT('',(437.999999313,-429.387597192,27.236874699));
#15695=CARTESIAN_POINT('',(438.,-429.358625206,26.845201978));
#15696=CARTESIAN_POINT('',(435.,-431.463802351,29.669578097));
#15697=CARTESIAN_POINT('',(435.392698645,-431.463802297,29.669578102));
#15698=CARTESIAN_POINT('',(435.785242781,-431.455709302,29.591908026));
#15699=CARTESIAN_POINT('',(436.510855394,-431.424557254,29.292934615));
#15700=CARTESIAN_POINT('',(436.843638375,-431.401510458,29.071748914));
#15701=CARTESIAN_POINT('',(437.39899861,-431.343949076,28.519317973));
#15702=CARTESIAN_POINT('',(437.621357354,-431.309457137,28.188290091));
#15703=CARTESIAN_POINT('',(437.921916835,-431.234249601,27.46650404));
#15704=CARTESIAN_POINT('',(437.999999315,-431.193563593,27.076029861));
#15705=CARTESIAN_POINT('',(438.,-431.152861568,26.68540185));
#15706=CARTESIAN_POINT('',(435.,-432.404916335,29.564419608));
#15707=CARTESIAN_POINT('',(435.39269908,-432.404916335,29.564419608));
#15708=CARTESIAN_POINT('',(435.785243649,-432.395665059,29.486878927));
#15709=CARTESIAN_POINT('',(436.510856935,-432.360054366,29.18840363));
#15710=CARTESIAN_POINT('',(436.843640152,-432.33370896,28.967586453));
#15711=CARTESIAN_POINT('',(437.399000519,-432.26790898,28.416076018));
#15712=CARTESIAN_POINT('',(437.621359157,-432.228480295,28.085599756));
#15713=CARTESIAN_POINT('',(437.921918025,-432.142508478,27.365016646));
#15714=CARTESIAN_POINT('',(437.999999997,-432.095999172,26.975193316));
#15715=CARTESIAN_POINT('',(438.,-432.04947156,26.585216546));
#15716=CARTESIAN_POINT('',(435.,-434.285588569,29.311611057));
#15717=CARTESIAN_POINT('',(435.39269908,-434.285588569,29.311611057));
#15718=CARTESIAN_POINT('',(435.785243649,-434.274034707,29.2343799));
#15719=CARTESIAN_POINT('',(436.510856935,-434.229560733,28.937096046));
#15720=CARTESIAN_POINT('',(436.843640152,-434.19665812,28.717160318));
#15721=CARTESIAN_POINT('',(437.399000519,-434.114480932,28.167851382));
#15722=CARTESIAN_POINT('',(437.621359157,-434.065238691,27.838694304));
#15723=CARTESIAN_POINT('',(437.921918025,-433.957869021,27.120987591));
#15724=CARTESIAN_POINT('',(437.999999997,-433.899783838,26.732720343));
#15725=CARTESIAN_POINT('',(438.,-433.841675791,26.344300268));
#15726=CARTESIAN_POINT('',(435.,-435.220501581,29.16455906));
#15727=CARTESIAN_POINT('',(435.392698775,-435.220501649,29.164559049));
#15728=CARTESIAN_POINT('',(435.78524304,-435.207809275,29.087507217));
#15729=CARTESIAN_POINT('',(436.510855854,-435.158952715,28.790913643));
#15730=CARTESIAN_POINT('',(436.843638905,-435.122807751,28.571488597));
#15731=CARTESIAN_POINT('',(437.398999179,-435.03253245,28.023455085));
#15732=CARTESIAN_POINT('',(437.621357892,-434.978437631,27.695062246));
#15733=CARTESIAN_POINT('',(437.92191719,-434.860487164,26.979021802));
#15734=CARTESIAN_POINT('',(437.999999518,-434.796677923,26.591655926));
#15735=CARTESIAN_POINT('',(438.,-434.732843537,26.204137487));
#15736=CARTESIAN_POINT('',(435.,-438.00385854,28.664119708));
#15737=CARTESIAN_POINT('',(435.392698773,-438.003858588,28.664119697));
#15738=CARTESIAN_POINT('',(435.785243037,-437.987791504,28.587674627));
#15739=CARTESIAN_POINT('',(436.510855847,-437.925944806,28.293416641));
#15740=CARTESIAN_POINT('',(436.843638898,-437.880189526,28.075719503));
#15741=CARTESIAN_POINT('',(437.398999171,-437.76591162,27.532001593));
#15742=CARTESIAN_POINT('',(437.621357885,-437.697433958,27.20619475));
#15743=CARTESIAN_POINT('',(437.921917185,-437.548122592,26.495792911));
#15744=CARTESIAN_POINT('',(437.999999515,-437.467347636,26.111477426));
#15745=CARTESIAN_POINT('',(438.,-437.386540857,25.727010578));
#15746=CARTESIAN_POINT('',(435.,-439.833481434,28.251273299));
#15747=CARTESIAN_POINT('',(435.392698799,-439.833481465,28.251273291));
#15748=CARTESIAN_POINT('',(435.785243089,-439.815216195,28.175324947));
#15749=CARTESIAN_POINT('',(436.51085594,-439.744908111,27.882978994));
#15750=CARTESIAN_POINT('',(436.843639005,-439.69289296,27.66669641));
#15751=CARTESIAN_POINT('',(437.398999286,-439.562980485,27.126511477));
#15752=CARTESIAN_POINT('',(437.621357993,-439.485134275,26.802821667));
#15753=CARTESIAN_POINT('',(437.921917257,-439.315395377,26.097035897));
#15754=CARTESIAN_POINT('',(437.999999556,-439.223569473,25.715217632));
#15755=CARTESIAN_POINT('',(438.,-439.131707398,25.333248995));
#15756=CARTESIAN_POINT('',(435.,-443.443400646,27.273044323));
#15757=CARTESIAN_POINT('',(435.392698799,-443.443400652,27.273044321));
#15758=CARTESIAN_POINT('',(435.785243088,-443.420821233,27.198265041));
#15759=CARTESIAN_POINT('',(436.510855938,-443.333906857,26.910419121));
#15760=CARTESIAN_POINT('',(436.843639002,-443.269606097,26.697465736));
#15761=CARTESIAN_POINT('',(437.398999283,-443.10900924,26.16559577));
#15762=CARTESIAN_POINT('',(437.62135799,-443.012776332,25.846888456));
#15763=CARTESIAN_POINT('',(437.921917255,-442.802946376,25.15196671));
#15764=CARTESIAN_POINT('',(437.999999555,-442.689431887,24.776025698));
#15765=CARTESIAN_POINT('',(438.,-442.575872691,24.399936627));
#15766=CARTESIAN_POINT('',(435.,-445.223692935,26.70764806));
#15767=CARTESIAN_POINT('',(435.392699059,-445.223692934,26.70764806));
#15768=CARTESIAN_POINT('',(435.785243607,-445.198997518,26.633541027));
#15769=CARTESIAN_POINT('',(436.510856859,-445.103938104,26.348282784));
#15770=CARTESIAN_POINT('',(436.843640066,-445.033611508,26.13724381));
#15771=CARTESIAN_POINT('',(437.399000426,-444.857964614,25.610155299));
#15772=CARTESIAN_POINT('',(437.621359069,-444.752713424,25.294313149));
#15773=CARTESIAN_POINT('',(437.921917967,-444.523219693,24.60563881));
#15774=CARTESIAN_POINT('',(437.999999964,-444.399067448,24.233077584));
#15775=CARTESIAN_POINT('',(438.,-444.274866332,23.860369706));
#15776=CARTESIAN_POINT('',(435.,-448.735991312,25.425258459));
#15777=CARTESIAN_POINT('',(435.392699059,-448.73599131,25.42525846));
#15778=CARTESIAN_POINT('',(435.785243607,-448.707127379,25.352673411));
#15779=CARTESIAN_POINT('',(436.510856859,-448.596022216,25.073273696));
#15780=CARTESIAN_POINT('',(436.843640066,-448.5138247,24.866568962));
#15781=CARTESIAN_POINT('',(437.399000426,-448.308529131,24.350305599));
#15782=CARTESIAN_POINT('',(437.62135907,-448.185511854,24.040950099));
#15783=CARTESIAN_POINT('',(437.921917967,-447.917280266,23.366419496));
#15784=CARTESIAN_POINT('',(437.999999964,-447.772171492,23.001509794));
#15785=CARTESIAN_POINT('',(438.,-447.627005599,22.636456451));
#15786=CARTESIAN_POINT('',(435.,-450.467999915,24.708272495));
#15787=CARTESIAN_POINT('',(435.392698942,-450.467999895,24.708272504));
#15788=CARTESIAN_POINT('',(435.785243373,-450.437083405,24.63653713));
#15789=CARTESIAN_POINT('',(436.510856444,-450.318077414,24.360408025));
#15790=CARTESIAN_POINT('',(436.843639587,-450.230034737,24.156122939));
#15791=CARTESIAN_POINT('',(437.398999912,-450.010140367,23.645902835));
#15792=CARTESIAN_POINT('',(437.621358584,-449.878375193,23.340168567));
#15793=CARTESIAN_POINT('',(437.921917646,-449.591069345,22.673533795));
#15794=CARTESIAN_POINT('',(437.99999978,-449.435641713,22.312895583));
#15795=CARTESIAN_POINT('',(438.,-449.28015289,21.952115378));
#15796=CARTESIAN_POINT('',(435.,-452.602544847,23.714880528));
#15797=CARTESIAN_POINT('',(435.392698942,-452.60254482,23.714880541));
#15798=CARTESIAN_POINT('',(435.785243374,-452.569092207,23.644325449));
#15799=CARTESIAN_POINT('',(436.510856447,-452.440323999,23.372739565));
#15800=CARTESIAN_POINT('',(436.843639589,-452.345059068,23.17181563));
#15801=CARTESIAN_POINT('',(437.398999914,-452.107126484,22.669990296));
#15802=CARTESIAN_POINT('',(437.621358586,-451.964552447,22.369286343));
#15803=CARTESIAN_POINT('',(437.921917648,-451.653678541,21.713619864));
#15804=CARTESIAN_POINT('',(437.999999781,-451.485500987,21.358915313));
#15805=CARTESIAN_POINT('',(438.,-451.317257224,21.004071105));
#15806=CARTESIAN_POINT('',(435.,-453.027926785,23.511331818));
#15807=CARTESIAN_POINT('',(435.392699032,-453.027926775,23.511331823));
#15808=CARTESIAN_POINT('',(435.785243554,-452.993968424,23.441018686));
#15809=CARTESIAN_POINT('',(436.510856765,-452.863253459,23.170364173));
#15810=CARTESIAN_POINT('',(436.843639957,-452.766548276,22.970129287));
#15811=CARTESIAN_POINT('',(437.399000309,-452.52501853,22.470024936));
#15812=CARTESIAN_POINT('',(437.621358959,-452.380288999,22.170352241));
#15813=CARTESIAN_POINT('',(437.921917894,-452.064715176,21.516934388));
#15814=CARTESIAN_POINT('',(437.999999922,-451.893995051,21.163446322));
#15815=CARTESIAN_POINT('',(438.,-451.723207722,20.809819104));
#15816=CARTESIAN_POINT('',(435.,-453.875612836,23.09438291));
#15817=CARTESIAN_POINT('',(435.392699032,-453.875612825,23.094382915));
#15818=CARTESIAN_POINT('',(435.785243554,-453.840645755,23.024565934));
#15819=CARTESIAN_POINT('',(436.510856765,-453.706047958,22.755821258));
#15820=CARTESIAN_POINT('',(436.843639957,-453.606470189,22.556999303));
#15821=CARTESIAN_POINT('',(437.399000309,-453.357765907,22.06042387));
#15822=CARTESIAN_POINT('',(437.621358959,-453.208737248,21.762865774));
#15823=CARTESIAN_POINT('',(437.921917894,-452.883789443,21.114058675));
#15824=CARTESIAN_POINT('',(437.999999922,-452.70799815,20.763064949));
#15825=CARTESIAN_POINT('',(438.,-452.532137659,20.411933053));
#15826=CARTESIAN_POINT('',(435.,-454.298269872,22.880798649));
#15827=CARTESIAN_POINT('',(435.392699078,-454.298269873,22.880798649));
#15828=CARTESIAN_POINT('',(435.785243645,-454.262799403,22.811236027));
#15829=CARTESIAN_POINT('',(436.510856927,-454.126263856,22.543470465));
#15830=CARTESIAN_POINT('',(436.843640144,-454.0252525,22.345372878));
#15831=CARTESIAN_POINT('',(437.39900051,-453.772967704,21.850606633));
#15832=CARTESIAN_POINT('',(437.621359149,-453.621793526,21.554132644));
#15833=CARTESIAN_POINT('',(437.921918019,-453.292167552,20.90768939));
#15834=CARTESIAN_POINT('',(437.999999994,-453.113845449,20.557974474));
#15835=CARTESIAN_POINT('',(438.,-452.935453157,20.208121905));
#15836=CARTESIAN_POINT('',(435.,-455.559162554,22.226329038));
#15837=CARTESIAN_POINT('',(435.392699078,-455.559162555,22.226329037));
#15838=CARTESIAN_POINT('',(435.785243645,-455.522188587,22.15754681));
#15839=CARTESIAN_POINT('',(436.510856927,-455.379865667,21.892785198));
#15840=CARTESIAN_POINT('',(436.843640144,-455.274572713,21.696909986));
#15841=CARTESIAN_POINT('',(437.39900051,-455.011594246,21.207694319));
#15842=CARTESIAN_POINT('',(437.621359149,-454.854012204,20.914546348));
#15843=CARTESIAN_POINT('',(437.921918019,-454.510414277,20.275355273));
#15844=CARTESIAN_POINT('',(437.999999994,-454.324533583,19.929563663));
#15845=CARTESIAN_POINT('',(438.,-454.138579723,19.583635945));
#15846=CARTESIAN_POINT('',(435.,-456.387646372,21.773120973));
#15847=CARTESIAN_POINT('',(435.392698628,-456.387646455,21.773120927));
#15848=CARTESIAN_POINT('',(435.785242746,-456.349676268,21.704883974));
#15849=CARTESIAN_POINT('',(436.510855331,-456.20351845,21.442221346));
#15850=CARTESIAN_POINT('',(436.843638302,-456.095388326,21.247899015));
#15851=CARTESIAN_POINT('',(437.398998531,-455.825323676,20.762561764));
#15852=CARTESIAN_POINT('',(437.62135728,-455.663495408,20.471737802));
#15853=CARTESIAN_POINT('',(437.921916786,-455.310638727,19.837613956));
#15854=CARTESIAN_POINT('',(437.999999287,-455.119749146,19.494563572));
#15855=CARTESIAN_POINT('',(438.,-454.928784344,19.151378045));
#15856=CARTESIAN_POINT('',(435.,-458.834963795,20.365032612));
#15857=CARTESIAN_POINT('',(435.392698625,-458.83496385,20.365032578));
#15858=CARTESIAN_POINT('',(435.785242741,-458.794084932,20.29846919));
#15859=CARTESIAN_POINT('',(436.510855323,-458.636730669,20.042248547));
#15860=CARTESIAN_POINT('',(436.843638292,-458.520317235,19.852692103));
#15861=CARTESIAN_POINT('',(437.398998521,-458.229564305,19.379258067));
#15862=CARTESIAN_POINT('',(437.621357271,-458.055339206,19.09556675));
#15863=CARTESIAN_POINT('',(437.92191678,-457.675452004,18.476995195));
#15864=CARTESIAN_POINT('',(437.999999283,-457.469939371,18.142358337));
#15865=CARTESIAN_POINT('',(438.,-457.264345759,17.807589648));
#15866=CARTESIAN_POINT('',(435.,-460.416836908,19.361779956));
#15867=CARTESIAN_POINT('',(435.392698513,-460.416836954,19.361779925));
#15868=CARTESIAN_POINT('',(435.785242516,-460.374105034,19.29639323));
#15869=CARTESIAN_POINT('',(436.510854924,-460.209618073,19.044701989));
#15870=CARTESIAN_POINT('',(436.843637832,-460.08792775,18.858496471));
#15871=CARTESIAN_POINT('',(437.398998027,-459.783995314,18.39343165));
#15872=CARTESIAN_POINT('',(437.621356804,-459.601872784,18.114755329));
#15873=CARTESIAN_POINT('',(437.921916472,-459.204765698,17.50711863));
#15874=CARTESIAN_POINT('',(437.999999106,-458.989937386,17.178397328));
#15875=CARTESIAN_POINT('',(438.,-458.775024409,16.849546496));
#15876=CARTESIAN_POINT('',(435.,-463.48625694,17.232252536));
#15877=CARTESIAN_POINT('',(435.392698512,-463.486256944,17.232252532));
#15878=CARTESIAN_POINT('',(435.785242514,-463.439970716,17.169331775));
#15879=CARTESIAN_POINT('',(436.51085492,-463.261802333,16.927132544));
#15880=CARTESIAN_POINT('',(436.843637828,-463.129990279,16.747949365));
#15881=CARTESIAN_POINT('',(437.398998022,-462.800777947,16.300423443));
#15882=CARTESIAN_POINT('',(437.6213568,-462.603507199,16.032256781));
#15883=CARTESIAN_POINT('',(437.921916469,-462.173370368,15.447535737));
#15884=CARTESIAN_POINT('',(437.999999105,-461.940673524,15.131211417));
#15885=CARTESIAN_POINT('',(438.,-461.707884982,14.814762446));
#15886=CARTESIAN_POINT('',(435.,-464.973795567,16.105965535));
#15887=CARTESIAN_POINT('',(435.392699057,-464.973795567,16.105965535));
#15888=CARTESIAN_POINT('',(435.785243604,-464.925807939,16.044333883));
#15889=CARTESIAN_POINT('',(436.510856855,-464.741090434,15.807096791));
#15890=CARTESIAN_POINT('',(436.84364006,-464.604433235,15.631584693));
#15891=CARTESIAN_POINT('',(437.39900042,-464.263119788,15.193227699));
#15892=CARTESIAN_POINT('',(437.621359064,-464.058597833,14.930555278));
#15893=CARTESIAN_POINT('',(437.921917963,-463.612650317,14.357814254));
#15894=CARTESIAN_POINT('',(437.999999962,-463.371400216,14.047970999));
#15895=CARTESIAN_POINT('',(438.,-463.130055152,13.738005781));
#15896=CARTESIAN_POINT('',(435.,-467.857009631,13.732786819));
#15897=CARTESIAN_POINT('',(435.392699057,-467.857009629,13.732786821));
#15898=CARTESIAN_POINT('',(435.785243605,-467.805753442,13.673845527));
#15899=CARTESIAN_POINT('',(436.510856855,-467.608454356,13.446964355));
#15900=CARTESIAN_POINT('',(436.843640061,-467.462489088,13.279113746));
#15901=CARTESIAN_POINT('',(437.39900042,-467.097927915,12.859891997));
#15902=CARTESIAN_POINT('',(437.621359064,-466.879475451,12.608685803));
#15903=CARTESIAN_POINT('',(437.921917964,-466.403153319,12.06094618));
#15904=CARTESIAN_POINT('',(437.999999962,-466.145471063,11.764628263));
#15905=CARTESIAN_POINT('',(438.,-465.887687375,11.468193705));
#15906=CARTESIAN_POINT('',(435.,-469.252685984,12.485895707));
#15907=CARTESIAN_POINT('',(435.392699056,-469.252685981,12.48589571));
#15908=CARTESIAN_POINT('',(435.785243601,-469.199862486,12.428355495));
#15909=CARTESIAN_POINT('',(436.510856849,-468.996530405,12.206867458));
#15910=CARTESIAN_POINT('',(436.843640053,-468.846101823,12.043006782));
#15911=CARTESIAN_POINT('',(437.399000413,-468.47039313,11.633750243));
#15912=CARTESIAN_POINT('',(437.621359057,-468.245260845,11.388515405));
#15913=CARTESIAN_POINT('',(437.921917959,-467.754373775,10.853795955));
#15914=CARTESIAN_POINT('',(437.999999959,-467.488812133,10.564521732));
#15915=CARTESIAN_POINT('',(438.,-467.223145958,10.27513364));
#15916=CARTESIAN_POINT('',(435.,-470.939890107,10.851303386));
#15917=CARTESIAN_POINT('',(435.392699056,-470.939890103,10.85130339));
#15918=CARTESIAN_POINT('',(435.785243601,-470.885182226,10.795588796));
#15919=CARTESIAN_POINT('',(436.510856849,-470.674596649,10.581128071));
#15920=CARTESIAN_POINT('',(436.843640054,-470.518801805,10.422466321));
#15921=CARTESIAN_POINT('',(437.399000413,-470.1296904,10.026194559));
#15922=CARTESIAN_POINT('',(437.621359057,-469.896526938,9.788740464));
#15923=CARTESIAN_POINT('',(437.921917959,-469.388128382,9.270986442));
#15924=CARTESIAN_POINT('',(437.999999959,-469.11309332,8.99089023));
#15925=CARTESIAN_POINT('',(438.,-468.837949997,8.710683762));
#15926=CARTESIAN_POINT('',(435.,-471.274455293,10.520577557));
#15927=CARTESIAN_POINT('',(435.392699075,-471.274455292,10.520577558));
#15928=CARTESIAN_POINT('',(435.785243639,-471.219374284,10.465231813));
#15929=CARTESIAN_POINT('',(436.510856916,-471.007352415,10.252190895));
#15930=CARTESIAN_POINT('',(436.843640131,-470.850494976,10.094579545));
#15931=CARTESIAN_POINT('',(437.399000496,-470.458729646,9.700931254));
#15932=CARTESIAN_POINT('',(437.621359136,-470.223975899,9.465049197));
#15933=CARTESIAN_POINT('',(437.921918011,-469.712109827,8.950722916));
#15934=CARTESIAN_POINT('',(437.999999989,-469.435198901,8.672481056));
#15935=CARTESIAN_POINT('',(438.,-469.158178977,8.394129675));
#15936=CARTESIAN_POINT('',(435.,-471.937810005,9.85146187));
#15937=CARTESIAN_POINT('',(435.392699075,-471.937810003,9.851461871));
#15938=CARTESIAN_POINT('',(435.785243639,-471.881990046,9.796861493));
#15939=CARTESIAN_POINT('',(436.510856916,-471.667123758,9.586689696));
#15940=CARTESIAN_POINT('',(436.843640131,-471.508161969,9.431200971));
#15941=CARTESIAN_POINT('',(437.399000496,-471.11114084,9.042854126));
#15942=CARTESIAN_POINT('',(437.621359136,-470.87323771,8.810148802));
#15943=CARTESIAN_POINT('',(437.921918011,-470.354504605,8.302749192));
#15944=CARTESIAN_POINT('',(437.999999989,-470.073878728,8.028254544));
#15945=CARTESIAN_POINT('',(438.,-469.793142393,7.753651851));
#15946=CARTESIAN_POINT('',(435.,-472.266881404,9.512768467));
#15947=CARTESIAN_POINT('',(435.392699076,-472.266881405,9.512768466));
#15948=CARTESIAN_POINT('',(435.785243642,-472.210695315,9.458544933));
#15949=CARTESIAN_POINT('',(436.510856921,-471.994419681,9.249823721));
#15950=CARTESIAN_POINT('',(436.843640136,-471.834415232,9.095408164));
#15951=CARTESIAN_POINT('',(437.399000502,-471.434789967,8.709741651));
#15952=CARTESIAN_POINT('',(437.621359141,-471.195326385,8.478642439));
#15953=CARTESIAN_POINT('',(437.921918014,-470.67319081,7.974744856));
#15954=CARTESIAN_POINT('',(437.999999991,-470.390724254,7.702144747));
#15955=CARTESIAN_POINT('',(438.,-470.108146515,7.429437339));
#15956=CARTESIAN_POINT('',(435.,-473.242086583,8.488600446));
#15957=CARTESIAN_POINT('',(435.392699076,-473.242086583,8.488600445));
#15958=CARTESIAN_POINT('',(435.785243641,-473.184816462,8.43551537));
#15959=CARTESIAN_POINT('',(436.510856921,-472.964368096,8.231176393));
#15960=CARTESIAN_POINT('',(436.843640136,-472.801276588,8.080002889));
#15961=CARTESIAN_POINT('',(437.399000502,-472.39394112,7.702433692));
#15962=CARTESIAN_POINT('',(437.621359141,-472.149857428,7.476186555));
#15963=CARTESIAN_POINT('',(437.921918014,-471.617647987,6.982868624));
#15964=CARTESIAN_POINT('',(437.999999991,-471.32973164,6.715991928));
#15965=CARTESIAN_POINT('',(438.,-471.041701964,6.449010186));
#15966=CARTESIAN_POINT('',(435.,-473.876905142,7.7944009));
#15967=CARTESIAN_POINT('',(435.392699024,-473.876905148,7.794400894));
#15968=CARTESIAN_POINT('',(435.785243539,-473.818930735,7.742086063));
#15969=CARTESIAN_POINT('',(436.510856738,-473.595771345,7.540711977));
#15970=CARTESIAN_POINT('',(436.843639926,-473.430674172,7.391731953));
#15971=CARTESIAN_POINT('',(437.399000276,-473.018329367,7.019641162));
#15972=CARTESIAN_POINT('',(437.621358928,-472.771243974,6.796676797));
#15973=CARTESIAN_POINT('',(437.921917873,-472.232489494,6.310516736));
#15974=CARTESIAN_POINT('',(437.99999991,-471.941032382,6.047512323));
#15975=CARTESIAN_POINT('',(438.,-471.649460535,5.784404377));
#15976=CARTESIAN_POINT('',(435.,-475.736161065,5.677948903));
#15977=CARTESIAN_POINT('',(435.392699024,-475.736161068,5.677948899));
#15978=CARTESIAN_POINT('',(435.785243538,-475.676125589,5.627980248));
#15979=CARTESIAN_POINT('',(436.510856738,-475.445032596,5.435637243));
#15980=CARTESIAN_POINT('',(436.843639925,-475.274066007,5.293338568));
#15981=CARTESIAN_POINT('',(437.399000275,-474.847061818,4.937935034));
#15982=CARTESIAN_POINT('',(437.621358927,-474.591192226,4.724970012));
#15983=CARTESIAN_POINT('',(437.921917873,-474.03328434,4.260612902));
#15984=CARTESIAN_POINT('',(437.99999991,-473.731465559,4.009403518));
#15985=CARTESIAN_POINT('',(438.,-473.429527964,3.758095244));
#15986=CARTESIAN_POINT('',(435.,-476.915505194,4.221922857));
#15987=CARTESIAN_POINT('',(435.392699079,-476.915505194,4.221922857));
#15988=CARTESIAN_POINT('',(435.785243647,-476.854164591,4.173565447));
#15989=CARTESIAN_POINT('',(436.51085693,-476.618047828,3.987424545));
#15990=CARTESIAN_POINT('',(436.843640147,-476.44336457,3.849714292));
#15991=CARTESIAN_POINT('',(437.399000514,-476.00707768,3.505770753));
#15992=CARTESIAN_POINT('',(437.621359152,-475.745645708,3.299672794));
#15993=CARTESIAN_POINT('',(437.921918022,-475.175609414,2.850288903));
#15994=CARTESIAN_POINT('',(437.999999995,-474.867229376,2.607179784));
#15995=CARTESIAN_POINT('',(438.,-474.558727956,2.363974974));
#15996=CARTESIAN_POINT('',(435.,-478.595318223,1.970441147));
#15997=CARTESIAN_POINT('',(435.392699079,-478.595318223,1.970441147));
#15998=CARTESIAN_POINT('',(435.785243647,-478.532114374,1.924581077));
#15999=CARTESIAN_POINT('',(436.51085693,-478.288825467,1.74805312));
#16000=CARTESIAN_POINT('',(436.843640147,-478.108836133,1.61745469));
#16001=CARTESIAN_POINT('',(437.399000514,-477.659296849,1.291273558));
#16002=CARTESIAN_POINT('',(437.621359152,-477.389923774,1.095819194));
#16003=CARTESIAN_POINT('',(437.921918022,-476.802572393,0.669643006));
#16004=CARTESIAN_POINT('',(437.999999995,-476.484825185,0.439088863));
#16005=CARTESIAN_POINT('',(438.,-476.166952907,0.208443971));
#16006=CARTESIAN_POINT('',(435.,-479.140361881,1.208686675));
#16007=CARTESIAN_POINT('',(435.39269908,-479.140361881,1.208686676));
#16008=CARTESIAN_POINT('',(435.785243649,-479.07655274,1.163672503));
#16009=CARTESIAN_POINT('',(436.510856935,-478.830933899,0.990400637));
#16010=CARTESIAN_POINT('',(436.843640153,-478.649220839,0.862211118));
#16011=CARTESIAN_POINT('',(437.399000519,-478.195376398,0.542046456));
#16012=CARTESIAN_POINT('',(437.621359158,-477.923423585,0.350197284));
#16013=CARTESIAN_POINT('',(437.921918025,-477.330447246,-0.068118006));
#16014=CARTESIAN_POINT('',(437.999999997,-477.009657031,-0.294419535));
#16015=CARTESIAN_POINT('',(438.,-476.688740548,-0.52081014));
#16016=CARTESIAN_POINT('',(435.,-479.769707708,0.2907746));
#16017=CARTESIAN_POINT('',(435.39269908,-479.769707708,0.2907746));
#16018=CARTESIAN_POINT('',(435.785243649,-479.705198173,0.246781965));
#16019=CARTESIAN_POINT('',(436.510856935,-479.456883323,0.077442275));
#16020=CARTESIAN_POINT('',(436.843640153,-479.273175709,-0.047838151));
#16021=CARTESIAN_POINT('',(437.399000519,-478.814349694,-0.360737098));
#16022=CARTESIAN_POINT('',(437.621359158,-478.539411821,-0.548232507));
#16023=CARTESIAN_POINT('',(437.921918025,-477.939926741,-0.957054684));
#16024=CARTESIAN_POINT('',(437.999999997,-477.615615407,-1.178220598));
#16025=CARTESIAN_POINT('',(438.,-477.291176419,-1.399473566));
#16026=CARTESIAN_POINT('',(435.,-479.868453359,0.14558733));
#16027=CARTESIAN_POINT('',(435.39269908,-479.868453359,0.14558733));
#16028=CARTESIAN_POINT('',(435.78524365,-479.803833886,0.101756338));
#16029=CARTESIAN_POINT('',(436.510856935,-479.555095854,-0.066961144));
#16030=CARTESIAN_POINT('',(436.843640153,-479.371075163,-0.19178125));
#16031=CARTESIAN_POINT('',(437.399000519,-478.91146721,-0.503530507));
#16032=CARTESIAN_POINT('',(437.621359158,-478.636060784,-0.690336998));
#16033=CARTESIAN_POINT('',(437.921918025,-478.035554053,-1.097657032));
#16034=CARTESIAN_POINT('',(437.999999997,-477.710690023,-1.318010313));
#16035=CARTESIAN_POINT('',(438.,-477.385698122,-1.538450327));
#16036=CARTESIAN_POINT('',(435.,-479.966672751,0.000000016));
#16037=CARTESIAN_POINT('',(435.39269908,-479.966672751,0.000000016));
#16038=CARTESIAN_POINT('',(435.78524365,-479.901943878,-0.043668817));
#16039=CARTESIAN_POINT('',(436.510856935,-479.652784736,-0.211762102));
#16040=CARTESIAN_POINT('',(436.843640153,-479.468452501,-0.336120416));
#16041=CARTESIAN_POINT('',(437.39900052,-479.008066437,-0.646716307));
#16042=CARTESIAN_POINT('',(437.621359158,-478.732193752,-0.832831677));
#16043=CARTESIAN_POINT('',(437.921918025,-478.130670371,-1.238644766));
#16044=CARTESIAN_POINT('',(437.999999997,-477.80525635,-1.458182814));
#16045=CARTESIAN_POINT('',(438.,-477.479714242,-1.677807276));
#16046=B_SPLINE_SURFACE_WITH_KNOTS('',3,3,((#15526,#15527,#15528,#15529,#15530,#15531,#15532,#15533,#15534,#15535),(#15536,#15537,#15538,#15539,#15540,#15541,#15542,#15543,#15544,#15545),(#15546,#15547,#15548,#15549,#15550,#15551,#15552,#15553,#15554,#15555),(#15556,#15557,#15558,#15559,#15560,#15561,#15562,#15563,#15564,#15565),(#15566,#15567,#15568,#15569,#15570,#15571,#15572,#15573,#15574,#15575),(#15576,#15577,#15578,#15579,#15580,#15581,#15582,#15583,#15584,#15585),(#15586,#15587,#15588,#15589,#15590,#15591,#15592,#15593,#15594,#15595),(#15596,#15597,#15598,#15599,#15600,#15601,#15602,#15603,#15604,#15605),(#15606,#15607,#15608,#15609,#15610,#15611,#15612,#15613,#15614,#15615),(#15616,#15617,#15618,#15619,#15620,#15621,#15622,#15623,#15624,#15625),(#15626,#15627,#15628,#15629,#15630,#15631,#15632,#15633,#15634,#15635),(#15636,#15637,#15638,#15639,#15640,#15641,#15642,#15643,#15644,#15645),(#15646,#15647,#15648,#15649,#15650,#15651,#15652,#15653,#15654,#15655),(#15656,#15657,#15658,#15659,#15660,#15661,#15662,#15663,#15664,#15665),(#15666,#15667,#15668,#15669,#15670,#15671,#15672,#15673,#15674,#15675),(#15676,#15677,#15678,#15679,#15680,#15681,#15682,#15683,#15684,#15685),(#15686,#15687,#15688,#15689,#15690,#15691,#15692,#15693,#15694,#15695),(#15696,#15697,#15698,#15699,#15700,#15701,#15702,#15703,#15704,#15705),(#15706,#15707,#15708,#15709,#15710,#15711,#15712,#15713,#15714,#15715),(#15716,#15717,#15718,#15719,#15720,#15721,#15722,#15723,#15724,#15725),(#15726,#15727,#15728,#15729,#15730,#15731,#15732,#15733,#15734,#15735),(#15736,#15737,#15738,#15739,#15740,#15741,#15742,#15743,#15744,#15745),(#15746,#15747,#15748,#15749,#15750,#15751,#15752,#15753,#15754,#15755),(#15756,#15757,#15758,#15759,#15760,#15761,#15762,#15763,#15764,#15765),(#15766,#15767,#15768,#15769,#15770,#15771,#15772,#15773,#15774,#15775),(#15776,#15777,#15778,#15779,#15780,#15781,#15782,#15783,#15784,#15785),
(#15786,#15787,#15788,#15789,#15790,#15791,#15792,#15793,#15794,#15795),(#15796,#15797,#15798,#15799,#15800,#15801,#15802,#15803,#15804,#15805),(#15806,#15807,#15808,#15809,#15810,#15811,#15812,#15813,#15814,#15815),(#15816,#15817,#15818,#15819,#15820,#15821,#15822,#15823,#15824,#15825),(#15826,#15827,#15828,#15829,#15830,#15831,#15832,#15833,#15834,#15835),(#15836,#15837,#15838,#15839,#15840,#15841,#15842,#15843,#15844,#15845),(#15846,#15847,#15848,#15849,#15850,#15851,#15852,#15853,#15854,#15855),(#15856,#15857,#15858,#15859,#15860,#15861,#15862,#15863,#15864,#15865),(#15866,#15867,#15868,#15869,#15870,#15871,#15872,#15873,#15874,#15875),(#15876,#15877,#15878,#15879,#15880,#15881,#15882,#15883,#15884,#15885),(#15886,#15887,#15888,#15889,#15890,#15891,#15892,#15893,#15894,#15895),(#15896,#15897,#15898,#15899,#15900,#15901,#15902,#15903,#15904,#15905),(#15906,#15907,#15908,#15909,#15910,#15911,#15912,#15913,#15914,#15915),(#15916,#15917,#15918,#15919,#15920,#15921,#15922,#15923,#15924,#15925),(#15926,#15927,#15928,#15929,#15930,#15931,#15932,#15933,#15934,#15935),(#15936,#15937,#15938,#15939,#15940,#15941,#15942,#15943,#15944,#15945),(#15946,#15947,#15948,#15949,#15950,#15951,#15952,#15953,#15954,#15955),(#15956,#15957,#15958,#15959,#15960,#15961,#15962,#15963,#15964,#15965),(#15966,#15967,#15968,#15969,#15970,#15971,#15972,#15973,#15974,#15975),(#15976,#15977,#15978,#15979,#15980,#15981,#15982,#15983,#15984,#15985),(#15986,#15987,#15988,#15989,#15990,#15991,#15992,#15993,#15994,#15995),(#15996,#15997,#15998,#15999,#16000,#16001,#16002,#16003,#16004,#16005),(#16006,#16007,#16008,#16009,#16010,#16011,#16012,#16013,#16014,#16015),(#16016,#16017,#16018,#16019,#16020,#16021,#16022,#16023,#16024,#16025),(#16026,#16027,#16028,#16029,#16030,#16031,#16032,#16033,#16034,#16035),
(#16036,#16037,#16038,#16039,#16040,#16041,#16042,#16043,#16044,#16045)),.UNSPECIFIED.,.F.,.F.,.U.,(4,2,2,2,2,2,2,2,2,2,2,2,2,2,2,2,2,2,2,2,2,2,2,2,2,4),(4,2,2,2,4),(0.281336057,0.281378206,0.281420354,0.281504651,0.281673246,0.282010434,0.282684812,0.284033566,0.286731075,0.289428584,0.292126094,0.297521112,0.30291613,0.308311148,0.309659903,0.311008657,0.313706166,0.319101184,0.324496203,0.329891221,0.331239975,0.33258873,0.335286239,0.340681257,0.343378766,0.343883948),(0.,0.25,0.5,0.75,1.),.UNSPECIFIED.);
#16047=ORIENTED_EDGE('',*,*,#14899,.F.);
#16048=ORIENTED_EDGE('',*,*,#13919,.F.);
#16049=CARTESIAN_POINT('',(435.,-424.866904162,27.000006761));
#16050=DIRECTION('',(-0.,0.999997746,-0.002123036));
#16051=DIRECTION('',(0.,-0.002123036,-0.999997746));
#16052=AXIS2_PLACEMENT_3D('',#16049,#16050,#16051);
#16053=CIRCLE('',#16052,3.);
#16054=EDGE_CURVE('',#14478,#13834,#16053,.T.);
#16055=ORIENTED_EDGE('',*,*,#16054,.F.);
#16056=ORIENTED_EDGE('',*,*,#14780,.F.);
#16057=EDGE_LOOP('',(#16047,#16048,#16055,#16056));
#16058=FACE_BOUND('',#16057,.T.);
#16059=ADVANCED_FACE('',(#16058),#16046,.T.);
#16060=CARTESIAN_POINT('',(435.172975015,-243.707704636,30.203472462));
#16061=CARTESIAN_POINT('',(435.550622203,-243.708754912,30.18168697));
#16062=CARTESIAN_POINT('',(435.923967644,-243.71328478,30.087725572));
#16063=CARTESIAN_POINT('',(436.609754327,-243.728669124,29.768613704));
#16064=CARTESIAN_POINT('',(436.921963126,-243.739518386,29.543571394));
#16065=CARTESIAN_POINT('',(437.44127536,-243.766011255,28.99403944));
#16066=CARTESIAN_POINT('',(437.648202778,-243.781645881,28.669736057));
#16067=CARTESIAN_POINT('',(437.92761245,-243.815501317,27.967485046));
#16068=CARTESIAN_POINT('',(438.,-243.833710651,27.589775442));
#16069=CARTESIAN_POINT('',(438.,-243.851926159,27.211937773));
#16070=CARTESIAN_POINT('',(435.244056951,-244.934708007,30.258516081));
#16071=CARTESIAN_POINT('',(435.615262998,-244.936101749,30.228116367));
#16072=CARTESIAN_POINT('',(435.980594769,-244.940622369,30.12792106));
#16073=CARTESIAN_POINT('',(436.649937889,-244.955303578,29.801571033));
#16074=CARTESIAN_POINT('',(436.953736904,-244.965459516,29.575520165));
#16075=CARTESIAN_POINT('',(437.458374869,-244.990026026,29.028365231));
#16076=CARTESIAN_POINT('',(437.659053781,-245.004428833,28.707434974));
#16077=CARTESIAN_POINT('',(437.929909288,-245.035523172,28.014431677));
#16078=CARTESIAN_POINT('',(438.,-245.052204884,27.642578644));
#16079=CARTESIAN_POINT('',(438.,-245.068891865,27.270607541));
#16080=CARTESIAN_POINT('',(435.326897642,-246.164585838,30.303337343));
#16081=CARTESIAN_POINT('',(435.690226778,-246.166239097,30.263402215));
#16082=CARTESIAN_POINT('',(436.046040805,-246.170614413,30.156446412));
#16083=CARTESIAN_POINT('',(436.696109598,-246.184237269,29.822514494));
#16084=CARTESIAN_POINT('',(436.990173062,-246.19348081,29.595636929));
#16085=CARTESIAN_POINT('',(437.477910383,-246.215625559,29.05175203));
#16086=CARTESIAN_POINT('',(437.671440744,-246.228520276,28.734904959));
#16087=CARTESIAN_POINT('',(437.932523954,-246.256271888,28.052851548));
#16088=CARTESIAN_POINT('',(438.,-246.271120652,27.687846076));
#16089=CARTESIAN_POINT('',(438.,-246.285973767,27.322733091));
#16090=CARTESIAN_POINT('',(435.437165205,-248.005688159,30.357375235));
#16091=CARTESIAN_POINT('',(435.789527151,-248.007551064,30.305473227));
#16092=CARTESIAN_POINT('',(436.132444252,-248.011677314,30.190231291));
#16093=CARTESIAN_POINT('',(436.756718436,-248.023943126,29.847416492));
#16094=CARTESIAN_POINT('',(437.037909301,-248.032079426,29.61993498));
#16095=CARTESIAN_POINT('',(437.503410682,-248.051346953,29.081136549));
#16096=CARTESIAN_POINT('',(437.687597266,-248.062473058,28.769963142));
#16097=CARTESIAN_POINT('',(437.93592498,-248.086326454,28.102792601));
#16098=CARTESIAN_POINT('',(438.,-248.099047402,27.746973145));
#16099=CARTESIAN_POINT('',(438.,-248.111771734,27.391058907));
#16100=CARTESIAN_POINT('',(435.471644627,-248.618451424,30.373407002));
#16101=CARTESIAN_POINT('',(435.820500004,-248.620366977,30.317880611));
#16102=CARTESIAN_POINT('',(436.159347884,-248.624422605,30.200163117));
#16103=CARTESIAN_POINT('',(436.77553411,-248.636317422,29.854767135));
#16104=CARTESIAN_POINT('',(437.052713618,-248.644153547,29.627177727));
#16105=CARTESIAN_POINT('',(437.511303644,-248.66264396,29.090090408));
#16106=CARTESIAN_POINT('',(437.692595954,-248.673293486,28.78073098));
#16107=CARTESIAN_POINT('',(437.936975566,-248.696097597,28.118266916));
#16108=CARTESIAN_POINT('',(437.999999877,-248.708246309,27.765333073));
#16109=CARTESIAN_POINT('',(438.,-248.720398151,27.412308195));
#16110=CARTESIAN_POINT('',(435.53214761,-249.843181877,30.403832138));
#16111=CARTESIAN_POINT('',(435.874760966,-249.845163052,30.342087731));
#16112=CARTESIAN_POINT('',(436.206426888,-249.849070356,30.220163138));
#16113=CARTESIAN_POINT('',(436.808395837,-249.860272313,29.870468447));
#16114=CARTESIAN_POINT('',(437.078552465,-249.867564244,29.64278344));
#16115=CARTESIAN_POINT('',(437.52506258,-249.884662606,29.108836814));
#16116=CARTESIAN_POINT('',(437.701307481,-249.894464883,28.802705086));
#16117=CARTESIAN_POINT('',(437.938805008,-249.915409715,28.148557215));
#16118=CARTESIAN_POINT('',(437.999999879,-249.92654718,27.800700186));
#16119=CARTESIAN_POINT('',(438.,-249.937687353,27.452758505));
#16120=CARTESIAN_POINT('',(435.558440381,-250.456910527,30.418196565));
#16121=CARTESIAN_POINT('',(435.898293705,-250.458869815,30.353825471));
#16122=CARTESIAN_POINT('',(436.226816746,-250.462628396,30.230143979));
#16123=CARTESIAN_POINT('',(436.822594789,-250.473302692,29.878698158));
#16124=CARTESIAN_POINT('',(437.089708518,-250.480215881,29.651017188));
#16125=CARTESIAN_POINT('',(437.530995141,-250.496382463,29.118498132));
#16126=CARTESIAN_POINT('',(437.705063398,-250.505632029,28.813786336));
#16127=CARTESIAN_POINT('',(437.939594128,-250.525377495,28.163269033));
#16128=CARTESIAN_POINT('',(438.000000989,-250.535868719,27.817617793));
#16129=CARTESIAN_POINT('',(438.,-250.54636243,27.471884738));
#16130=CARTESIAN_POINT('',(435.60316036,-251.687224238,30.444060157));
#16131=CARTESIAN_POINT('',(435.938275136,-251.689018843,30.375290295));
#16132=CARTESIAN_POINT('',(436.2614315,-251.692317123,30.248685143));
#16133=CARTESIAN_POINT('',(436.846665982,-251.701542003,29.894366409));
#16134=CARTESIAN_POINT('',(437.108611309,-251.707466512,29.666733246));
#16135=CARTESIAN_POINT('',(437.541036208,-251.721258942,29.136698396));
#16136=CARTESIAN_POINT('',(437.711417664,-251.729123739,28.834416992));
#16137=CARTESIAN_POINT('',(437.940926086,-251.745886873,28.190088762));
#16138=CARTESIAN_POINT('',(438.000000979,-251.754781413,27.848188147));
#16139=CARTESIAN_POINT('',(438.,-251.763677969,27.5062101));
#16140=CARTESIAN_POINT('',(435.621587186,-252.303811077,30.455561749));
#16141=CARTESIAN_POINT('',(435.954723473,-252.305462979,30.385019846));
#16142=CARTESIAN_POINT('',(436.275656116,-252.308449879,30.25724795));
#16143=CARTESIAN_POINT('',(436.856538131,-252.316753576,29.901807357));
#16144=CARTESIAN_POINT('',(437.116358067,-252.322068526,29.674217869));
#16145=CARTESIAN_POINT('',(437.545144898,-252.334419471,29.145239359));
#16146=CARTESIAN_POINT('',(437.714016249,-252.341452719,28.843968214));
#16147=CARTESIAN_POINT('',(437.941469141,-252.356433975,28.202198041));
#16148=CARTESIAN_POINT('',(438.,-252.364378651,27.86184202));
#16149=CARTESIAN_POINT('',(438.,-252.372325094,27.521410141));
#16150=CARTESIAN_POINT('',(435.650595019,-253.540189726,30.47413438));
#16151=CARTESIAN_POINT('',(435.980602205,-253.541431086,30.400827482));
#16152=CARTESIAN_POINT('',(436.298028036,-253.543620496,30.271240669));
#16153=CARTESIAN_POINT('',(436.872055548,-253.549649758,29.914067057));
#16154=CARTESIAN_POINT('',(437.128532988,-253.55348831,29.686557574));
#16155=CARTESIAN_POINT('',(437.551601293,-253.562382589,29.159253961));
#16156=CARTESIAN_POINT('',(437.718100592,-253.567436397,28.859573967));
#16157=CARTESIAN_POINT('',(437.94232421,-253.578190358,28.221826073));
#16158=CARTESIAN_POINT('',(438.,-253.583888189,27.883896211));
#16159=CARTESIAN_POINT('',(438.,-253.58958725,27.545893191));
#16160=CARTESIAN_POINT('',(435.661179257,-254.160766517,30.48112946));
#16161=CARTESIAN_POINT('',(435.990034686,-254.161719668,30.406829377));
#16162=CARTESIAN_POINT('',(436.306176334,-254.163387707,30.27659443));
#16163=CARTESIAN_POINT('',(436.877700043,-254.167967328,29.918810142));
#16164=CARTESIAN_POINT('',(437.132959703,-254.17087793,29.691337427));
#16165=CARTESIAN_POINT('',(437.553946822,-254.177615753,29.16465343));
#16166=CARTESIAN_POINT('',(437.719584121,-254.181441534,28.865554947));
#16167=CARTESIAN_POINT('',(437.942634595,-254.189579694,28.229272434));
#16168=CARTESIAN_POINT('',(438.,-254.193890333,27.892224675));
#16169=CARTESIAN_POINT('',(438.,-254.198201894,27.555104716));
#16170=CARTESIAN_POINT('',(435.680651774,-256.02155771,30.493077173));
#16171=CARTESIAN_POINT('',(436.007385753,-256.021631157,30.416954953));
#16172=CARTESIAN_POINT('',(436.321163666,-256.021747548,30.285533092));
#16173=CARTESIAN_POINT('',(436.888080286,-256.022054083,29.926636123));
#16174=CARTESIAN_POINT('',(437.141099967,-256.022244172,29.699236376));
#16175=CARTESIAN_POINT('',(437.558259518,-256.022678262,29.173702395));
#16176=CARTESIAN_POINT('',(437.722311803,-256.022922185,28.875678507));
#16177=CARTESIAN_POINT('',(437.943205233,-256.023438511,28.242101006));
#16178=CARTESIAN_POINT('',(438.,-256.02371082,27.906680423));
#16179=CARTESIAN_POINT('',(438.,-256.02398318,27.571189399));
#16180=CARTESIAN_POINT('',(435.677495691,-257.259582061,30.490129285));
#16181=CARTESIAN_POINT('',(436.004579663,-257.259087703,30.414292781));
#16182=CARTESIAN_POINT('',(436.318743525,-257.258247059,30.283054772));
#16183=CARTESIAN_POINT('',(436.886408549,-257.255965345,29.924325267));
#16184=CARTESIAN_POINT('',(437.139790169,-257.254524745,29.696909333));
#16185=CARTESIAN_POINT('',(437.5575668,-257.251201893,29.171184447));
#16186=CARTESIAN_POINT('',(437.721873837,-257.249320324,28.872986219));
#16187=CARTESIAN_POINT('',(437.94311373,-257.245323013,28.238972542));
#16188=CARTESIAN_POINT('',(438.,-257.243208093,27.90329062));
#16189=CARTESIAN_POINT('',(438.,-257.241092739,27.567537988));
#16190=CARTESIAN_POINT('',(435.634643459,-259.733790928,30.467147726));
#16191=CARTESIAN_POINT('',(435.966379139,-259.732340837,30.395345876));
#16192=CARTESIAN_POINT('',(436.285736981,-259.72975925,30.266740422));
#16193=CARTESIAN_POINT('',(436.863535966,-259.722624388,29.91048718));
#16194=CARTESIAN_POINT('',(437.121850053,-259.71807267,29.682917749));
#16195=CARTESIAN_POINT('',(437.548058843,-259.70751424,29.15466317));
#16196=CARTESIAN_POINT('',(437.715859827,-259.701509833,28.854094197));
#16197=CARTESIAN_POINT('',(437.941855252,-259.688728113,28.21410794));
#16198=CARTESIAN_POINT('',(438.,-259.681953591,27.874831398));
#16199=CARTESIAN_POINT('',(438.,-259.67517759,27.535480229));
#16200=CARTESIAN_POINT('',(435.594968632,-260.966208004,30.446855589));
#16201=CARTESIAN_POINT('',(435.930987434,-260.964477423,30.378828677));
#16202=CARTESIAN_POINT('',(436.255143305,-260.961287975,30.252696106));
#16203=CARTESIAN_POINT('',(436.842318439,-260.95235871,29.898791343));
#16204=CARTESIAN_POINT('',(437.105203568,-260.946620921,29.67110011));
#16205=CARTESIAN_POINT('',(437.5392319,-260.9332594,29.140528641));
#16206=CARTESIAN_POINT('',(437.710275967,-260.925638702,28.837769694));
#16207=CARTESIAN_POINT('',(437.940686329,-260.909394281,28.192254197));
#16208=CARTESIAN_POINT('',(438.,-260.900774245,27.849645175));
#16209=CARTESIAN_POINT('',(438.,-260.892152252,27.50695784));
#16210=CARTESIAN_POINT('',(435.499229805,-263.420627776,30.394425155));
#16211=CARTESIAN_POINT('',(435.845279891,-263.418741781,30.335995864));
#16212=CARTESIAN_POINT('',(436.180872305,-263.414900433,30.216291603));
#16213=CARTESIAN_POINT('',(436.790587958,-263.403770524,29.868812771));
#16214=CARTESIAN_POINT('',(437.064558262,-263.396484744,29.641125467));
#16215=CARTESIAN_POINT('',(437.517618934,-263.379350201,29.105379929));
#16216=CARTESIAN_POINT('',(437.696595676,-263.369505717,28.797456159));
#16217=CARTESIAN_POINT('',(437.937816456,-263.348449396,28.138724136));
#16218=CARTESIAN_POINT('',(438.,-263.337242816,27.788081174));
#16219=CARTESIAN_POINT('',(438.,-263.326033438,27.437350212));
#16220=CARTESIAN_POINT('',(435.443186346,-264.64325436,30.362201667));
#16221=CARTESIAN_POINT('',(435.794970866,-264.641476192,30.309610452));
#16222=CARTESIAN_POINT('',(436.137193864,-264.637562251,30.19387768));
#16223=CARTESIAN_POINT('',(436.760065709,-264.625949038,29.85050508));
#16224=CARTESIAN_POINT('',(437.040549837,-264.618252843,29.622956221));
#16225=CARTESIAN_POINT('',(437.504825469,-264.600036511,29.08437415));
#16226=CARTESIAN_POINT('',(437.688494217,-264.589521197,28.773483488));
#16227=CARTESIAN_POINT('',(437.936114216,-264.566981062,28.107076807));
#16228=CARTESIAN_POINT('',(438.,-264.554962206,27.75173711));
#16229=CARTESIAN_POINT('',(438.,-264.542940169,27.396303379));
#16230=CARTESIAN_POINT('',(435.361318706,-266.468535545,30.311347529));
#16231=CARTESIAN_POINT('',(435.721209717,-266.467065554,30.267689986));
#16232=CARTESIAN_POINT('',(436.07299094,-266.463376876,30.158147175));
#16233=CARTESIAN_POINT('',(436.715003496,-266.452037642,29.821411498));
#16234=CARTESIAN_POINT('',(437.005051268,-266.444390328,29.594314947));
#16235=CARTESIAN_POINT('',(437.485855309,-266.426125873,29.051931458));
#16236=CARTESIAN_POINT('',(437.676474116,-266.415513954,28.736799623));
#16237=CARTESIAN_POINT('',(437.933583215,-266.392698282,28.059265762));
#16238=CARTESIAN_POINT('',(438.,-266.380501052,27.697057474));
#16239=CARTESIAN_POINT('',(438.,-266.368300334,27.334745586));
#16240=CARTESIAN_POINT('',(435.334578458,-267.07522111,30.294106451));
#16241=CARTESIAN_POINT('',(435.697074593,-267.073879239,30.253430405));
#16242=CARTESIAN_POINT('',(436.051957613,-267.070329854,30.145970068));
#16243=CARTESIAN_POINT('',(436.700209752,-267.059279271,29.811501282));
#16244=CARTESIAN_POINT('',(436.9933889,-267.051781313,29.584590886));
#16245=CARTESIAN_POINT('',(437.479614603,-267.033818398,29.041017283));
#16246=CARTESIAN_POINT('',(437.672518672,-267.023358708,28.724513398));
#16247=CARTESIAN_POINT('',(437.9327495,-267.000847568,28.043355274));
#16248=CARTESIAN_POINT('',(438.,-266.988802718,27.67890067));
#16249=CARTESIAN_POINT('',(438.,-266.976754335,27.314339222));
#16250=CARTESIAN_POINT('',(435.284025779,-268.287646039,30.260233511));
#16251=CARTESIAN_POINT('',(435.651375444,-268.286548512,30.225298132));
#16252=CARTESIAN_POINT('',(436.012088385,-268.283294356,30.121876354));
#16253=CARTESIAN_POINT('',(436.672115623,-268.272907206,29.791862474));
#16254=CARTESIAN_POINT('',(436.971227383,-268.265777401,29.565371677));
#16255=CARTESIAN_POINT('',(437.467741446,-268.248596931,29.019643111));
#16256=CARTESIAN_POINT('',(437.664991392,-268.238551542,28.700572832));
#16257=CARTESIAN_POINT('',(437.931161506,-268.216891107,28.012591576));
#16258=CARTESIAN_POINT('',(438.,-268.205282714,27.643891734));
#16259=CARTESIAN_POINT('',(438.,-268.193670755,27.275078708));
#16260=CARTESIAN_POINT('',(435.260125344,-268.893141495,30.24355851));
#16261=CARTESIAN_POINT('',(435.629732301,-268.892164843,30.211391468));
#16262=CARTESIAN_POINT('',(435.993183722,-268.889076364,30.109931828));
#16263=CARTESIAN_POINT('',(436.658767098,-268.879092475,29.782111667));
#16264=CARTESIAN_POINT('',(436.960690342,-268.872200197,29.555853973));
#16265=CARTESIAN_POINT('',(437.462088779,-268.855544791,29.009154674));
#16266=CARTESIAN_POINT('',(437.66140675,-268.845786889,28.688884522));
#16267=CARTESIAN_POINT('',(437.930404534,-268.824727042,27.997690431));
#16268=CARTESIAN_POINT('',(438.,-268.813431706,27.626983248));
#16269=CARTESIAN_POINT('',(438.,-268.802132824,27.256159778));
#16270=CARTESIAN_POINT('',(435.216234793,-270.102618023,30.211742041));
#16271=CARTESIAN_POINT('',(435.589933724,-270.101866911,30.184733878));
#16272=CARTESIAN_POINT('',(435.958388502,-270.099138013,30.086950806));
#16273=CARTESIAN_POINT('',(436.634159342,-270.090100041,29.763280085));
#16274=CARTESIAN_POINT('',(436.941255015,-270.083793917,29.537498022));
#16275=CARTESIAN_POINT('',(437.451651977,-270.06847472,28.98908042));
#16276=CARTESIAN_POINT('',(437.654786815,-270.059466647,28.666623757));
#16277=CARTESIAN_POINT('',(437.92900554,-270.03999244,27.969543327));
#16278=CARTESIAN_POINT('',(438.,-270.029532663,27.595146912));
#16279=CARTESIAN_POINT('',(438.,-270.01906947,27.22062835));
#16280=CARTESIAN_POINT('',(435.196287411,-270.706366156,30.196627712));
#16281=CARTESIAN_POINT('',(435.571817344,-270.705721106,30.172004598));
#16282=CARTESIAN_POINT('',(435.942532274,-270.703193209,30.075931773));
#16283=CARTESIAN_POINT('',(436.622924611,-270.694722484,29.754211405));
#16284=CARTESIAN_POINT('',(436.93237614,-270.688782472,29.528670687));
#16285=CARTESIAN_POINT('',(437.446878325,-270.674317291,28.979505723));
#16286=CARTESIAN_POINT('',(437.651758179,-270.665796928,28.656063803));
#16287=CARTESIAN_POINT('',(437.928364929,-270.647362781,27.956314114));
#16288=CARTESIAN_POINT('',(438.,-270.637455122,27.580238659));
#16289=CARTESIAN_POINT('',(438.,-270.62754417,27.204038307));
#16290=CARTESIAN_POINT('',(435.161204011,-271.91355075,30.168910878));
#16291=CARTESIAN_POINT('',(435.539921269,-271.913084379,30.148528249));
#16292=CARTESIAN_POINT('',(435.914595411,-271.910942621,30.055508588));
#16293=CARTESIAN_POINT('',(436.603106136,-271.903610092,29.73729382));
#16294=CARTESIAN_POINT('',(436.91670697,-271.898421834,29.512207689));
#16295=CARTESIAN_POINT('',(437.438447364,-271.88573223,28.961769884));
#16296=CARTESIAN_POINT('',(437.646408281,-271.878235232,28.636606697));
#16297=CARTESIAN_POINT('',(437.927232675,-271.861992954,27.932173215));
#16298=CARTESIAN_POINT('',(438.,-271.85325324,27.553144131));
#16299=CARTESIAN_POINT('',(438.,-271.84451053,27.173985217));
#16300=CARTESIAN_POINT('',(435.14596461,-272.517145552,30.156256179));
#16301=CARTESIAN_POINT('',(435.526048081,-272.516751746,30.137740831));
#16302=CARTESIAN_POINT('',(435.902433192,-272.51479095,30.046072521));
#16303=CARTESIAN_POINT('',(436.594464883,-272.50801341,29.729422579));
#16304=CARTESIAN_POINT('',(436.909871307,-272.503199019,29.504550846));
#16305=CARTESIAN_POINT('',(437.434765745,-272.491401608,28.95358385));
#16306=CARTESIAN_POINT('',(437.644071606,-272.484422686,28.627679798));
#16307=CARTESIAN_POINT('',(437.92673778,-272.469293905,27.921218669));
#16308=CARTESIAN_POINT('',(438.,-272.461149302,27.540906762));
#16309=CARTESIAN_POINT('',(438.,-272.453001868,27.160462826));
#16310=CARTESIAN_POINT('',(435.106358616,-274.328213024,30.122149822));
#16311=CARTESIAN_POINT('',(435.489965771,-274.327997581,30.108524));
#16312=CARTESIAN_POINT('',(435.870784478,-274.326544036,30.020404347));
#16313=CARTESIAN_POINT('',(436.571958733,-274.321370798,29.70788271));
#16314=CARTESIAN_POINT('',(436.892062496,-274.317652972,29.483592995));
#16315=CARTESIAN_POINT('',(437.425168736,-274.308491969,28.931285404));
#16316=CARTESIAN_POINT('',(437.637979786,-274.303052096,28.603465889));
#16317=CARTESIAN_POINT('',(437.925447029,-274.291239361,27.891745104));
#16318=CARTESIAN_POINT('',(438.,-274.284870758,27.508099431));
#16319=CARTESIAN_POINT('',(438.,-274.278499858,27.124315934));
#16320=CARTESIAN_POINT('',(435.088128262,-275.535724984,30.104760628));
#16321=CARTESIAN_POINT('',(435.473319458,-275.535577258,30.093436762));
#16322=CARTESIAN_POINT('',(435.856160555,-275.534421634,30.007001856));
#16323=CARTESIAN_POINT('',(436.561531629,-275.530262636,29.696466577));
#16324=CARTESIAN_POINT('',(436.883804214,-275.527260783,29.472479529));
#16325=CARTESIAN_POINT('',(437.420710913,-275.519848867,28.919603474));
#16326=CARTESIAN_POINT('',(437.63514911,-275.515441514,28.59091622));
#16327=CARTESIAN_POINT('',(437.924846508,-275.505864882,27.876788367));
#16328=CARTESIAN_POINT('',(438.,-275.500699106,27.491608359));
#16329=CARTESIAN_POINT('',(438.,-275.49553144,27.106287744));
#16330=CARTESIAN_POINT('',(435.062369309,-277.95491315,30.079003508));
#16331=CARTESIAN_POINT('',(435.449790336,-277.954849311,30.070943052));
#16332=CARTESIAN_POINT('',(435.835484905,-277.954144311,29.986900413));
#16333=CARTESIAN_POINT('',(436.546783373,-277.951555696,29.6791933));
#16334=CARTESIAN_POINT('',(436.872121904,-277.94967305,29.455643634));
#16335=CARTESIAN_POINT('',(437.414403118,-277.945007989,28.901980321));
#16336=CARTESIAN_POINT('',(437.63114349,-277.94222732,28.572073237));
#16337=CARTESIAN_POINT('',(437.923996559,-277.936178691,27.854554283));
#16338=CARTESIAN_POINT('',(438.,-277.932912994,27.467210105));
#16339=CARTESIAN_POINT('',(438.,-277.929646075,27.079721363));
#16340=CARTESIAN_POINT('',(435.054824067,-279.16635599,30.070447199));
#16341=CARTESIAN_POINT('',(435.442889985,-279.166310375,30.063353631));
#16342=CARTESIAN_POINT('',(435.82941636,-279.16576567,29.980023121));
#16343=CARTESIAN_POINT('',(436.542448546,-279.163758359,29.673164323));
#16344=CARTESIAN_POINT('',(436.868686596,-279.162296506,29.44975127));
#16345=CARTESIAN_POINT('',(437.412546606,-279.158671848,28.895870288));
#16346=CARTESIAN_POINT('',(437.629964333,-279.156510406,28.565610355));
#16347=CARTESIAN_POINT('',(437.923746191,-279.151807838,27.847104224));
#16348=CARTESIAN_POINT('',(438.,-279.149268479,27.459127841));
#16349=CARTESIAN_POINT('',(438.,-279.146728166,27.07100571));
#16350=CARTESIAN_POINT('',(435.044414201,-281.593313241,30.057663702));
#16351=CARTESIAN_POINT('',(435.43336991,-281.593290242,30.051903981));
#16352=CARTESIAN_POINT('',(435.821043922,-281.592950514,29.969556106));
#16353=CARTESIAN_POINT('',(436.536468063,-281.591687901,29.663868485));
#16354=CARTESIAN_POINT('',(436.863947133,-281.590765494,29.44064456));
#16355=CARTESIAN_POINT('',(437.40998531,-281.58847505,28.886464968));
#16356=CARTESIAN_POINT('',(437.628337536,-281.58710788,28.555719269));
#16357=CARTESIAN_POINT('',(437.923400777,-281.584132062,27.835853482));
#16358=CARTESIAN_POINT('',(438.,-281.582524543,27.447006137));
#16359=CARTESIAN_POINT('',(438.,-281.580916414,27.05801141));
#16360=CARTESIAN_POINT('',(435.041209661,-282.809305002,30.053151013));
#16361=CARTESIAN_POINT('',(435.430437952,-282.809285049,30.047803656));
#16362=CARTESIAN_POINT('',(435.818464599,-282.808976547,29.965760288));
#16363=CARTESIAN_POINT('',(436.534624665,-282.80782816,29.660437123));
#16364=CARTESIAN_POINT('',(436.862485999,-282.806988711,29.437273325));
#16365=CARTESIAN_POINT('',(437.409195423,-282.804903692,28.883005238));
#16366=CARTESIAN_POINT('',(437.627835807,-282.803658915,28.552111527));
#16367=CARTESIAN_POINT('',(437.92329422,-282.800949276,27.831829937));
#16368=CARTESIAN_POINT('',(438.,-282.799485445,27.442715707));
#16369=CARTESIAN_POINT('',(438.,-282.798021057,27.053453589));
#16370=CARTESIAN_POINT('',(435.035368073,-285.240935507,30.045126064));
#16371=CARTESIAN_POINT('',(435.425092844,-285.240922343,30.040530923));
#16372=CARTESIAN_POINT('',(435.813762114,-285.240686139,29.959043069));
#16373=CARTESIAN_POINT('',(436.531263578,-285.239802741,29.654384764));
#16374=CARTESIAN_POINT('',(436.859821818,-285.239155884,29.431330637));
#16375=CARTESIAN_POINT('',(437.407755088,-285.237547944,28.876901001));
#16376=CARTESIAN_POINT('',(437.626920907,-285.236587476,28.545737183));
#16377=CARTESIAN_POINT('',(437.923099906,-285.234496219,27.8246968));
#16378=CARTESIAN_POINT('',(438.,-285.233366229,27.435095542));
#16379=CARTESIAN_POINT('',(438.,-285.232235807,27.045345469));
#16380=CARTESIAN_POINT('',(435.033086233,-286.456989771,30.041886852));
#16381=CARTESIAN_POINT('',(435.423004435,-286.456978882,30.037586196));
#16382=CARTESIAN_POINT('',(435.81192448,-286.456771888,29.956316015));
#16383=CARTESIAN_POINT('',(436.529949768,-286.455996464,29.6519186));
#16384=CARTESIAN_POINT('',(436.858780321,-286.455428332,29.428907816));
#16385=CARTESIAN_POINT('',(437.407191924,-286.454015693,28.874415834));
#16386=CARTESIAN_POINT('',(437.626563173,-286.453171728,28.543146764));
#16387=CARTESIAN_POINT('',(437.923023918,-286.451333983,27.821810324));
#16388=CARTESIAN_POINT('',(438.,-286.450340906,27.432018911));
#16389=CARTESIAN_POINT('',(438.,-286.44934745,27.042078322));
#16390=CARTESIAN_POINT('',(435.027353792,-290.105877587,30.033646059));
#16391=CARTESIAN_POINT('',(435.417757445,-290.1058717,30.030085839));
#16392=CARTESIAN_POINT('',(435.807307248,-290.105732322,29.949363174));
#16393=CARTESIAN_POINT('',(436.526648333,-290.105207364,29.645622378));
#16394=CARTESIAN_POINT('',(436.856163079,-290.104821985,29.422721014));
#16395=CARTESIAN_POINT('',(437.405776618,-290.103862889,28.868073255));
#16396=CARTESIAN_POINT('',(437.625664124,-290.10328954,28.536540083));
#16397=CARTESIAN_POINT('',(437.922832935,-290.102040724,27.814460368));
#16398=CARTESIAN_POINT('',(438.,-290.101365737,27.424191413));
#16399=CARTESIAN_POINT('',(438.,-290.100690491,27.03377237));
#16400=CARTESIAN_POINT('',(435.024851411,-292.539769927,30.02995427));
#16401=CARTESIAN_POINT('',(435.415466275,-292.539764747,30.026718182));
#16402=CARTESIAN_POINT('',(435.805290644,-292.539634905,29.946235506));
#16403=CARTESIAN_POINT('',(436.525205899,-292.53914527,29.64278313));
#16404=CARTESIAN_POINT('',(436.855019437,-292.538785665,29.419930335));
#16405=CARTESIAN_POINT('',(437.405158041,-292.53789053,28.865215886));
#16406=CARTESIAN_POINT('',(437.625271165,-292.537355344,28.533567936));
#16407=CARTESIAN_POINT('',(437.922749446,-292.536189581,27.811164568));
#16408=CARTESIAN_POINT('',(438.,-292.535559453,27.420687456));
#16409=CARTESIAN_POINT('',(438.,-292.534929082,27.030059854));
#16410=CARTESIAN_POINT('',(435.019408463,-297.407540892,30.022713085));
#16411=CARTESIAN_POINT('',(435.410482138,-297.407537447,30.020182783));
#16412=CARTESIAN_POINT('',(435.800903422,-297.407427295,29.94022287));
#16413=CARTESIAN_POINT('',(436.522067374,-297.407010047,29.637399082));
#16414=CARTESIAN_POINT('',(436.852530924,-297.406703112,29.414652412));
#16415=CARTESIAN_POINT('',(437.403811926,-297.405938519,28.859793525));
#16416=CARTESIAN_POINT('',(437.624416012,-297.405481156,28.52789606));
#16417=CARTESIAN_POINT('',(437.922567747,-297.404484687,27.804788758));
#16418=CARTESIAN_POINT('',(438.,-297.403945967,27.41385879));
#16419=CARTESIAN_POINT('',(438.,-297.403407038,27.02277746));
#16420=CARTESIAN_POINT('',(435.01681922,-299.841396791,30.019517725));
#16421=CARTESIAN_POINT('',(435.408109411,-299.841394099,30.017323823));
#16422=CARTESIAN_POINT('',(435.798813172,-299.84129454,29.937613751));
#16423=CARTESIAN_POINT('',(436.52056907,-299.84091659,29.635091949));
#16424=CARTESIAN_POINT('',(436.851341249,-299.840638347,29.412397561));
#16425=CARTESIAN_POINT('',(437.403165598,-299.839944972,28.857473724));
#16426=CARTESIAN_POINT('',(437.624003725,-299.83953011,28.525459521));
#16427=CARTESIAN_POINT('',(437.922477842,-299.838626139,27.802020937));
#16428=CARTESIAN_POINT('',(437.999998059,-299.83813738,27.410877168));
#16429=CARTESIAN_POINT('',(438.,-299.837648429,27.019581237));
#16430=CARTESIAN_POINT('',(435.010132908,-307.142856377,30.011466995));
#16431=CARTESIAN_POINT('',(435.401984535,-307.142855457,30.010142905));
#16432=CARTESIAN_POINT('',(435.7934205,-307.14279034,29.93107786));
#16433=CARTESIAN_POINT('',(436.516709669,-307.142541493,29.629333041));
#16434=CARTESIAN_POINT('',(436.848280726,-307.14235786,29.406770977));
#16435=CARTESIAN_POINT('',(437.401509629,-307.141899753,28.851672442));
#16436=CARTESIAN_POINT('',(437.622951668,-307.141625459,28.51935251));
#16437=CARTESIAN_POINT('',(437.922254258,-307.141027584,27.795049964));
#16438=CARTESIAN_POINT('',(437.999998056,-307.140704237,27.403349892));
#16439=CARTESIAN_POINT('',(438.,-307.140380761,27.011496578));
#16440=CARTESIAN_POINT('',(435.007531238,-312.010519469,30.008428817));
#16441=CARTESIAN_POINT('',(435.399601421,-312.010518962,30.007444474));
#16442=CARTESIAN_POINT('',(435.791322905,-312.010475956,29.928631286));
#16443=CARTESIAN_POINT('',(436.515210086,-312.010311413,29.627189376));
#16444=CARTESIAN_POINT('',(436.847092775,-312.010189939,29.404678504));
#16445=CARTESIAN_POINT('',(437.400869088,-312.009886841,28.84951047));
#16446=CARTESIAN_POINT('',(437.62254621,-312.009705336,28.517070355));
#16447=CARTESIAN_POINT('',(437.922170139,-312.009309691,27.792428958));
#16448=CARTESIAN_POINT('',(437.999999806,-312.009095705,27.400510981));
#16449=CARTESIAN_POINT('',(438.,-312.008881636,27.008439682));
#16450=CARTESIAN_POINT('',(435.004074002,-321.746748908,30.004392562));
#16451=CARTESIAN_POINT('',(435.396433163,-321.746748787,30.003859655));
#16452=CARTESIAN_POINT('',(435.788532595,-321.746726462,29.925381716));
#16453=CARTESIAN_POINT('',(436.513212166,-321.746640765,29.624344502));
#16454=CARTESIAN_POINT('',(436.845508156,-321.746577426,29.401903264));
#16455=CARTESIAN_POINT('',(437.400011433,-321.746419303,28.846646636));
#16456=CARTESIAN_POINT('',(437.622001297,-321.74632458,28.514048963));
#16457=CARTESIAN_POINT('',(437.922054309,-321.746118071,27.78896142));
#16458=CARTESIAN_POINT('',(437.999999805,-321.746006365,27.396755859));
#16459=CARTESIAN_POINT('',(438.,-321.745894615,27.004396414));
#16460=CARTESIAN_POINT('',(435.003086322,-326.615013845,30.003285697));
#16461=CARTESIAN_POINT('',(435.395528011,-326.615013768,30.002881951));
#16462=CARTESIAN_POINT('',(435.787735467,-326.614997891,29.924499936));
#16463=CARTESIAN_POINT('',(436.512641554,-326.614936929,29.623578492));
#16464=CARTESIAN_POINT('',(436.845055711,-326.614891868,29.401157153));
#16465=CARTESIAN_POINT('',(437.399766789,-326.614779368,28.845875104));
#16466=CARTESIAN_POINT('',(437.621846025,-326.614711974,28.513232305));
#16467=CARTESIAN_POINT('',(437.922021528,-326.614565043,27.788017035));
#16468=CARTESIAN_POINT('',(437.999999998,-326.614485564,27.395729163));
#16469=CARTESIAN_POINT('',(438.,-326.614406054,27.003287284));
#16470=CARTESIAN_POINT('',(435.00106564,-341.220100071,30.001065274));
#16471=CARTESIAN_POINT('',(435.393675931,-341.220100082,30.000925763));
#16472=CARTESIAN_POINT('',(435.786104144,-341.220096089,29.922740086));
#16473=CARTESIAN_POINT('',(436.511473275,-341.220080699,29.622055846));
#16474=CARTESIAN_POINT('',(436.84412905,-341.220069308,29.399675483));
#16475=CARTESIAN_POINT('',(437.399265186,-341.220040852,28.84434205));
#16476=CARTESIAN_POINT('',(437.621527322,-341.220023798,28.511607282));
#16477=CARTESIAN_POINT('',(437.921953777,-341.219986611,27.786131387));
#16478=CARTESIAN_POINT('',(437.999999998,-341.219966492,27.393675445));
#16479=CARTESIAN_POINT('',(438.,-341.219946365,27.001065166));
#16480=CARTESIAN_POINT('',(435.000778264,-350.95709156,30.000792599));
#16481=CARTESIAN_POINT('',(435.393412479,-350.957091556,30.00069074));
#16482=CARTESIAN_POINT('',(435.78587206,-350.95708855,29.922533059));
#16483=CARTESIAN_POINT('',(436.511307029,-350.957076983,29.621882678));
#16484=CARTESIAN_POINT('',(436.843997177,-350.957068428,29.399508194));
#16485=CARTESIAN_POINT('',(437.399193795,-350.957047062,28.844167525));
#16486=CARTESIAN_POINT('',(437.621481963,-350.95703426,28.511419699));
#16487=CARTESIAN_POINT('',(437.921944136,-350.957006347,27.78590676));
#16488=CARTESIAN_POINT('',(438.,-350.956991247,27.393426917));
#16489=CARTESIAN_POINT('',(438.,-350.956976141,27.000792691));
#16490=CARTESIAN_POINT('',(434.999960515,-382.084973929,29.999960653));
#16491=CARTESIAN_POINT('',(435.392662894,-382.084973931,29.999965813));
#16492=CARTESIAN_POINT('',(435.78521178,-382.084973859,29.921887676));
#16493=CARTESIAN_POINT('',(436.510834117,-382.08497358,29.62133344));
#16494=CARTESIAN_POINT('',(436.843622057,-382.084973372,29.398975601));
#16495=CARTESIAN_POINT('',(437.398990728,-382.084972852,28.843614226));
#16496=CARTESIAN_POINT('',(437.621352939,-382.084972539,28.510829209));
#16497=CARTESIAN_POINT('',(437.921916707,-382.084971858,27.785210828));
#16498=CARTESIAN_POINT('',(438.,-382.08497149,27.392662972));
#16499=CARTESIAN_POINT('',(438.,-382.084971121,26.9999606));
#16500=CARTESIAN_POINT('',(434.99985938,-403.475923606,29.999857219));
#16501=CARTESIAN_POINT('',(435.392570188,-403.475923608,29.999875616));
#16502=CARTESIAN_POINT('',(435.785130118,-403.475923975,29.921807319));
#16503=CARTESIAN_POINT('',(436.510775627,-403.475925383,29.621264978));
#16504=CARTESIAN_POINT('',(436.843575661,-403.475926424,29.398909198));
#16505=CARTESIAN_POINT('',(437.398965613,-403.475929021,28.843545265));
#16506=CARTESIAN_POINT('',(437.621336981,-403.475930577,28.51075565));
#16507=CARTESIAN_POINT('',(437.921913314,-403.47593397,27.785124228));
#16508=CARTESIAN_POINT('',(438.,-403.475935805,27.392567961));
#16509=CARTESIAN_POINT('',(438.,-403.47593764,26.999857161));
#16510=CARTESIAN_POINT('',(434.99988519,-424.866890669,29.999882066));
#16511=CARTESIAN_POINT('',(435.392593844,-424.866890671,29.999897088));
#16512=CARTESIAN_POINT('',(435.785150955,-424.866891023,29.921826283));
#16513=CARTESIAN_POINT('',(436.51079055,-424.866892376,29.62128091));
#16514=CARTESIAN_POINT('',(436.843587498,-424.866893377,29.398924607));
#16515=CARTESIAN_POINT('',(437.39897202,-424.866895874,28.843561329));
#16516=CARTESIAN_POINT('',(437.621341052,-424.866897371,28.510772888));
#16517=CARTESIAN_POINT('',(437.921914179,-424.866900633,27.785144795));
#16518=CARTESIAN_POINT('',(438.,-424.866902398,27.392590675));
#16519=CARTESIAN_POINT('',(438.,-424.866904163,26.999882025));
#16520=B_SPLINE_SURFACE_WITH_KNOTS('',3,3,((#16060,#16061,#16062,#16063,#16064,#16065,#16066,#16067,#16068,#16069),(#16070,#16071,#16072,#16073,#16074,#16075,#16076,#16077,#16078,#16079),(#16080,#16081,#16082,#16083,#16084,#16085,#16086,#16087,#16088,#16089),(#16090,#16091,#16092,#16093,#16094,#16095,#16096,#16097,#16098,#16099),(#16100,#16101,#16102,#16103,#16104,#16105,#16106,#16107,#16108,#16109),(#16110,#16111,#16112,#16113,#16114,#16115,#16116,#16117,#16118,#16119),(#16120,#16121,#16122,#16123,#16124,#16125,#16126,#16127,#16128,#16129),(#16130,#16131,#16132,#16133,#16134,#16135,#16136,#16137,#16138,#16139),(#16140,#16141,#16142,#16143,#16144,#16145,#16146,#16147,#16148,#16149),(#16150,#16151,#16152,#16153,#16154,#16155,#16156,#16157,#16158,#16159),(#16160,#16161,#16162,#16163,#16164,#16165,#16166,#16167,#16168,#16169),(#16170,#16171,#16172,#16173,#16174,#16175,#16176,#16177,#16178,#16179),(#16180,#16181,#16182,#16183,#16184,#16185,#16186,#16187,#16188,#16189),(#16190,#16191,#16192,#16193,#16194,#16195,#16196,#16197,#16198,#16199),(#16200,#16201,#16202,#16203,#16204,#16205,#16206,#16207,#16208,#16209),(#16210,#16211,#16212,#16213,#16214,#16215,#16216,#16217,#16218,#16219),(#16220,#16221,#16222,#16223,#16224,#16225,#16226,#16227,#16228,#16229),(#16230,#16231,#16232,#16233,#16234,#16235,#16236,#16237,#16238,#16239),(#16240,#16241,#16242,#16243,#16244,#16245,#16246,#16247,#16248,#16249),(#16250,#16251,#16252,#16253,#16254,#16255,#16256,#16257,#16258,#16259),(#16260,#16261,#16262,#16263,#16264,#16265,#16266,#16267,#16268,#16269),(#16270,#16271,#16272,#16273,#16274,#16275,#16276,#16277,#16278,#16279),(#16280,#16281,#16282,#16283,#16284,#16285,#16286,#16287,#16288,#16289),(#16290,#16291,#16292,#16293,#16294,#16295,#16296,#16297,#16298,#16299),(#16300,#16301,#16302,#16303,#16304,#16305,#16306,#16307,#16308,#16309),(#16310,#16311,#16312,#16313,#16314,#16315,#16316,#16317,#16318,#16319),
(#16320,#16321,#16322,#16323,#16324,#16325,#16326,#16327,#16328,#16329),(#16330,#16331,#16332,#16333,#16334,#16335,#16336,#16337,#16338,#16339),(#16340,#16341,#16342,#16343,#16344,#16345,#16346,#16347,#16348,#16349),(#16350,#16351,#16352,#16353,#16354,#16355,#16356,#16357,#16358,#16359),(#16360,#16361,#16362,#16363,#16364,#16365,#16366,#16367,#16368,#16369),(#16370,#16371,#16372,#16373,#16374,#16375,#16376,#16377,#16378,#16379),(#16380,#16381,#16382,#16383,#16384,#16385,#16386,#16387,#16388,#16389),(#16390,#16391,#16392,#16393,#16394,#16395,#16396,#16397,#16398,#16399),(#16400,#16401,#16402,#16403,#16404,#16405,#16406,#16407,#16408,#16409),(#16410,#16411,#16412,#16413,#16414,#16415,#16416,#16417,#16418,#16419),(#16420,#16421,#16422,#16423,#16424,#16425,#16426,#16427,#16428,#16429),(#16430,#16431,#16432,#16433,#16434,#16435,#16436,#16437,#16438,#16439),(#16440,#16441,#16442,#16443,#16444,#16445,#16446,#16447,#16448,#16449),(#16450,#16451,#16452,#16453,#16454,#16455,#16456,#16457,#16458,#16459),(#16460,#16461,#16462,#16463,#16464,#16465,#16466,#16467,#16468,#16469),(#16470,#16471,#16472,#16473,#16474,#16475,#16476,#16477,#16478,#16479),(#16480,#16481,#16482,#16483,#16484,#16485,#16486,#16487,#16488,#16489),(#16490,#16491,#16492,#16493,#16494,#16495,#16496,#16497,#16498,#16499),(#16500,#16501,#16502,#16503,#16504,#16505,#16506,#16507,#16508,#16509),(#16510,#16511,#16512,#16513,#16514,#16515,#16516,#16517,#16518,#16519)),.UNSPECIFIED.,.F.,.F.,.U.,(4,2,2,2,2,2,2,2,2,2,2,2,2,2,2,2,2,2,2,2,2,2,4),(4,2,2,2,4),(0.285266228,0.288919973,0.290746845,0.292573717,0.294400589,0.296227462,0.299881206,0.303534951,0.307188695,0.309015567,0.31084244,0.312669312,0.314496184,0.318149929,0.321803673,0.325457418,0.329111162,0.336418651,0.34372614,0.358341118,0.372956096,0.402186052,0.466400408),(0.,0.25,0.5,0.75,1.),.UNSPECIFIED.);
#16521=ORIENTED_EDGE('',*,*,#16054,.T.);
#16522=ORIENTED_EDGE('',*,*,#13873,.F.);
#16523=CARTESIAN_POINT('',(435.,-243.851926159,27.211937773));
#16524=DIRECTION('',(-0.,0.998839926,-0.048153951));
#16525=DIRECTION('',(-0.,-0.048153951,-0.998839926));
#16526=AXIS2_PLACEMENT_3D('',#16523,#16524,#16525);
#16527=CIRCLE('',#16526,3.);
#16528=EDGE_CURVE('',#13592,#13813,#16527,.T.);
#16529=ORIENTED_EDGE('',*,*,#16528,.F.);
#16530=ORIENTED_EDGE('',*,*,#14539,.F.);
#16531=EDGE_LOOP('',(#16521,#16522,#16529,#16530));
#16532=FACE_BOUND('',#16531,.T.);
#16533=ADVANCED_FACE('',(#16532),#16520,.T.);
#16534=CARTESIAN_POINT('',(434.999999992,-239.899997708,26.211421644));
#16535=CARTESIAN_POINT('',(435.392699072,-239.899997711,26.211421644));
#16536=CARTESIAN_POINT('',(435.785243642,-239.978079727,26.211421648));
#16537=CARTESIAN_POINT('',(436.510856928,-240.278638762,26.211421662));
#16538=CARTESIAN_POINT('',(436.843640146,-240.500997525,26.211421672));
#16539=CARTESIAN_POINT('',(437.399000514,-241.056358204,26.211421697));
#16540=CARTESIAN_POINT('',(437.621359153,-241.389141608,26.211421712));
#16541=CARTESIAN_POINT('',(437.921918023,-242.114755303,26.211421745));
#16542=CARTESIAN_POINT('',(437.999999996,-242.507300094,26.211421763));
#16543=CARTESIAN_POINT('',(438.,-242.899999397,26.211421781));
#16544=CARTESIAN_POINT('',(435.001855758,-239.899998487,26.254152481));
#16545=CARTESIAN_POINT('',(435.39440019,-239.900241408,26.25415248));
#16546=CARTESIAN_POINT('',(435.786742115,-239.978503976,26.253319057));
#16547=CARTESIAN_POINT('',(436.511930208,-240.279281232,26.250110981));
#16548=CARTESIAN_POINT('',(436.844491493,-240.501677762,26.247737591));
#16549=CARTESIAN_POINT('',(437.399461388,-241.056991397,26.241809841));
#16550=CARTESIAN_POINT('',(437.621651982,-241.389690353,26.238257812));
#16551=CARTESIAN_POINT('',(437.921980276,-242.115064636,26.230512833));
#16552=CARTESIAN_POINT('',(437.999999995,-242.507455007,26.22632293));
#16553=CARTESIAN_POINT('',(438.,-242.899999587,26.222131378));
#16554=CARTESIAN_POINT('',(435.003714029,-239.90068568,26.296944177));
#16555=CARTESIAN_POINT('',(435.39610338,-239.901171559,26.296936398));
#16556=CARTESIAN_POINT('',(435.788242276,-239.979601276,26.295262578));
#16557=CARTESIAN_POINT('',(436.513004532,-240.280545147,26.288834854));
#16558=CARTESIAN_POINT('',(436.845343625,-240.502941264,26.284083473));
#16559=CARTESIAN_POINT('',(437.399922641,-241.058112527,26.272221006));
#16560=CARTESIAN_POINT('',(437.621945047,-241.390669923,26.265114577));
#16561=CARTESIAN_POINT('',(437.922042576,-242.11568029,26.249621216));
#16562=CARTESIAN_POINT('',(437.999999995,-242.507848897,26.241240366));
#16563=CARTESIAN_POINT('',(438.,-242.900171381,26.232856225));
#16564=CARTESIAN_POINT('',(435.01125983,-239.906275023,26.47071949));
#16565=CARTESIAN_POINT('',(435.403018531,-239.907744786,26.470648473));
#16566=CARTESIAN_POINT('',(435.794332548,-239.986796465,26.465538325));
#16567=CARTESIAN_POINT('',(436.517365348,-240.288203923,26.446007327));
#16568=CARTESIAN_POINT('',(436.848802352,-240.510442236,26.431594106));
#16569=CARTESIAN_POINT('',(437.40179465,-241.064647222,26.395637122));
#16570=CARTESIAN_POINT('',(437.623134433,-241.396397911,26.374107406));
#16571=CARTESIAN_POINT('',(437.922295399,-242.119425678,26.327179335));
#16572=CARTESIAN_POINT('',(437.999999995,-242.510420978,26.301799313));
#16573=CARTESIAN_POINT('',(438.,-242.901568717,26.276409373));
#16574=CARTESIAN_POINT('',(435.01699073,-239.917061586,26.602728913));
#16575=CARTESIAN_POINT('',(435.408268317,-239.919272217,26.602535911));
#16576=CARTESIAN_POINT('',(435.798954803,-239.998663504,26.594760403));
#16577=CARTESIAN_POINT('',(436.520673451,-240.299925178,26.565209039));
#16578=CARTESIAN_POINT('',(436.851425711,-240.521678727,26.543444663));
#16579=CARTESIAN_POINT('',(437.403214097,-241.07424266,26.48919844));
#16580=CARTESIAN_POINT('',(437.624036225,-241.404838749,26.456737665));
#16581=CARTESIAN_POINT('',(437.922487047,-242.125180885,26.386002813));
#16582=CARTESIAN_POINT('',(437.999999995,-242.514647569,26.347756213));
#16583=CARTESIAN_POINT('',(438.,-242.904265356,26.309494749));
#16584=CARTESIAN_POINT('',(435.033895808,-239.968328733,26.99221942));
#16585=CARTESIAN_POINT('',(435.42374803,-239.97267468,26.991454327));
#16586=CARTESIAN_POINT('',(435.812580395,-240.052649964,26.975657388));
#16587=CARTESIAN_POINT('',(436.530420643,-240.351973547,26.916351205));
#16588=CARTESIAN_POINT('',(436.859154117,-240.571207424,26.872864706));
#16589=CARTESIAN_POINT('',(437.407394563,-241.116239472,26.764697723));
#16590=CARTESIAN_POINT('',(437.62669196,-241.441829305,26.700058722));
#16591=CARTESIAN_POINT('',(437.92305132,-242.15077197,26.559290963));
#16592=CARTESIAN_POINT('',(437.999999995,-242.533853812,26.483216191));
#16593=CARTESIAN_POINT('',(438.,-242.917082143,26.407112232));
#16594=CARTESIAN_POINT('',(435.04488707,-240.0274145,27.245572995));
#16595=CARTESIAN_POINT('',(435.43380433,-240.033081128,27.244153266));
#16596=CARTESIAN_POINT('',(435.821427168,-240.112881917,27.222929104));
#16597=CARTESIAN_POINT('',(436.536743251,-240.408947308,27.14401526));
#16598=CARTESIAN_POINT('',(436.864165599,-240.625099801,27.086355531));
#16599=CARTESIAN_POINT('',(437.410103756,-241.16167164,26.943169325));
#16600=CARTESIAN_POINT('',(437.628412814,-241.481887817,26.857697193));
#16601=CARTESIAN_POINT('',(437.923416793,-242.178815581,26.671652286));
#16602=CARTESIAN_POINT('',(437.999999994,-242.555263284,26.571150122));
#16603=CARTESIAN_POINT('',(438.,-242.93185358,26.470609798));
#16604=CARTESIAN_POINT('',(435.066319786,-240.19482861,27.739811667));
#16605=CARTESIAN_POINT('',(435.453399591,-240.202790238,27.736626642));
#16606=CARTESIAN_POINT('',(435.838656909,-240.28102205,27.70445431));
#16607=CARTESIAN_POINT('',(436.549046559,-240.566557358,27.586855296));
#16608=CARTESIAN_POINT('',(436.873914752,-240.773754701,27.501472408));
#16609=CARTESIAN_POINT('',(437.415371298,-241.286635488,27.290066652));
#16610=CARTESIAN_POINT('',(437.631758326,-241.592128265,27.164122508));
#16611=CARTESIAN_POINT('',(437.924127028,-242.256436586,26.890229195));
#16612=CARTESIAN_POINT('',(437.999999994,-242.615005172,26.742382019));
#16613=CARTESIAN_POINT('',(438.,-242.973707107,26.594479766));
#16614=CARTESIAN_POINT('',(435.076814597,-240.304300333,27.981929819));
#16615=CARTESIAN_POINT('',(435.462987156,-240.313237679,27.977623472));
#16616=CARTESIAN_POINT('',(435.847082504,-240.390053707,27.939898261));
#16617=CARTESIAN_POINT('',(436.555057571,-240.668232434,27.803119665));
#16618=CARTESIAN_POINT('',(436.878676409,-240.869492652,27.704116739));
#16619=CARTESIAN_POINT('',(437.417942578,-241.366983572,27.459341684));
#16620=CARTESIAN_POINT('',(437.633391196,-241.663031007,27.313659852));
#16621=CARTESIAN_POINT('',(437.924473537,-242.306526038,26.996982219));
#16622=CARTESIAN_POINT('',(438.,-242.653736583,26.826103238));
#16623=CARTESIAN_POINT('',(438.,-243.00107508,26.655161198));
#16624=CARTESIAN_POINT('',(435.096512873,-240.566900932,28.436545252));
#16625=CARTESIAN_POINT('',(435.480970761,-240.577260722,28.429732837));
#16626=CARTESIAN_POINT('',(435.8628794,-240.650000146,28.381286113));
#16627=CARTESIAN_POINT('',(436.566318811,-240.909710707,28.208139798));
#16628=CARTESIAN_POINT('',(436.887594739,-241.096587779,28.083502993));
#16629=CARTESIAN_POINT('',(437.422756103,-241.557340017,27.776150625));
#16630=CARTESIAN_POINT('',(437.63644766,-241.831048312,27.593546511));
#16631=CARTESIAN_POINT('',(437.925121899,-242.425517634,27.196924955));
#16632=CARTESIAN_POINT('',(438.,-242.746063365,26.983051331));
#16633=CARTESIAN_POINT('',(438.,-243.066725229,26.769100127));
#16634=CARTESIAN_POINT('',(435.105863874,-240.721995936,28.652446758));
#16635=CARTESIAN_POINT('',(435.489501551,-240.732812245,28.644232718));
#16636=CARTESIAN_POINT('',(435.8703691,-240.802859719,28.590538473));
#16637=CARTESIAN_POINT('',(436.571653485,-241.051319704,28.399933385));
#16638=CARTESIAN_POINT('',(436.8918183,-241.229642958,28.263091083));
#16639=CARTESIAN_POINT('',(437.425034462,-241.668771495,27.92606175));
#16640=CARTESIAN_POINT('',(437.637894187,-241.929419027,27.725995911));
#16641=CARTESIAN_POINT('',(437.92542862,-242.495309675,27.291614269));
#16642=CARTESIAN_POINT('',(437.999999995,-242.800349504,27.057454664));
#16643=CARTESIAN_POINT('',(438.,-243.105498952,26.823210827));
#16644=CARTESIAN_POINT('',(435.122850296,-241.066794925,29.044761474));
#16645=CARTESIAN_POINT('',(435.504989676,-241.077944443,29.033718358));
#16646=CARTESIAN_POINT('',(435.883962002,-241.141503378,28.970281585));
#16647=CARTESIAN_POINT('',(436.581329189,-241.364344319,28.747703222));
#16648=CARTESIAN_POINT('',(436.899477102,-241.523547446,28.588640493));
#16649=CARTESIAN_POINT('',(437.429164289,-241.914736592,28.197741008));
#16650=CARTESIAN_POINT('',(437.640515994,-242.146584145,27.966042749));
#16651=CARTESIAN_POINT('',(437.925984391,-242.649607412,27.463321329));
#16652=CARTESIAN_POINT('',(437.999999995,-242.920605077,27.192476283));
#16653=CARTESIAN_POINT('',(438.,-243.191698698,26.921535241));
#16654=CARTESIAN_POINT('',(435.130554108,-241.256969872,29.222752208));
#16655=CARTESIAN_POINT('',(435.512009507,-241.268004588,29.210274983));
#16656=CARTESIAN_POINT('',(435.890120133,-241.327764035,29.142307492));
#16657=CARTESIAN_POINT('',(436.585709412,-241.536208706,28.905090221));
#16658=CARTESIAN_POINT('',(436.90294339,-241.684820641,28.735923913));
#16659=CARTESIAN_POINT('',(437.431032519,-242.049627043,28.320613697));
#16660=CARTESIAN_POINT('',(437.641701913,-242.265693247,28.074615925));
#16661=CARTESIAN_POINT('',(437.926235694,-242.734334033,27.541035444));
#16662=CARTESIAN_POINT('',(437.999999994,-242.986743846,27.253640484));
#16663=CARTESIAN_POINT('',(438.,-243.239242436,26.966144363));
#16664=CARTESIAN_POINT('',(435.140912659,-241.569239988,29.462136222));
#16665=CARTESIAN_POINT('',(435.521444466,-241.579689246,29.447598811));
#16666=CARTESIAN_POINT('',(435.898394558,-241.632917145,29.373441559));
#16667=CARTESIAN_POINT('',(436.591592087,-241.817370569,29.116420574));
#16668=CARTESIAN_POINT('',(436.907597877,-241.948531803,28.933646445));
#16669=CARTESIAN_POINT('',(437.433540383,-242.270095332,28.485531804));
#16670=CARTESIAN_POINT('',(437.643293757,-242.460385546,28.220347515));
#16671=CARTESIAN_POINT('',(437.926572938,-242.872957211,27.645391234));
#16672=CARTESIAN_POINT('',(437.999999994,-243.095094861,27.335819685));
#16673=CARTESIAN_POINT('',(438.,-243.317309965,27.026140174));
#16674=CARTESIAN_POINT('',(435.144176148,-241.678391845,29.537565728));
#16675=CARTESIAN_POINT('',(435.524416231,-241.68857507,29.522354122));
#16676=CARTESIAN_POINT('',(435.901000333,-241.739474636,29.44622814));
#16677=CARTESIAN_POINT('',(436.593444111,-241.91548759,29.182945028));
#16678=CARTESIAN_POINT('',(436.909063089,-242.040539803,28.995879423));
#16679=CARTESIAN_POINT('',(437.434329702,-242.347000147,28.537433141));
#16680=CARTESIAN_POINT('',(437.643794751,-242.528301765,28.266211832));
#16681=CARTESIAN_POINT('',(437.926679064,-242.92133478,27.678242359));
#16682=CARTESIAN_POINT('',(437.999999995,-243.132929574,27.361698589));
#16683=CARTESIAN_POINT('',(438.,-243.344597936,27.04504474));
#16684=CARTESIAN_POINT('',(435.150161927,-241.90140336,29.675931081));
#16685=CARTESIAN_POINT('',(435.529865914,-241.910933774,29.659448375));
#16686=CARTESIAN_POINT('',(435.905778235,-241.95699575,29.579685852));
#16687=CARTESIAN_POINT('',(436.5968392,-242.11566687,29.304885529));
#16688=CARTESIAN_POINT('',(436.91174888,-242.228221154,29.109942758));
#16689=CARTESIAN_POINT('',(437.435776349,-242.503845225,28.632551314));
#16690=CARTESIAN_POINT('',(437.644712933,-242.666819717,28.350267729));
#16691=CARTESIAN_POINT('',(437.926873541,-243.020039241,27.738460568));
#16692=CARTESIAN_POINT('',(437.999999995,-243.21016215,27.409148562));
#16693=CARTESIAN_POINT('',(438.,-243.400350815,27.079722635));
#16694=CARTESIAN_POINT('',(435.152900208,-242.015652553,29.739236315));
#16695=CARTESIAN_POINT('',(435.532358405,-242.024795983,29.722153701));
#16696=CARTESIAN_POINT('',(435.907963149,-242.068340941,29.640713944));
#16697=CARTESIAN_POINT('',(436.598391366,-242.218081238,29.360628128));
#16698=CARTESIAN_POINT('',(436.912976665,-242.324224929,29.162078692));
#16699=CARTESIAN_POINT('',(437.436437568,-242.584061871,28.676023067));
#16700=CARTESIAN_POINT('',(437.645132596,-242.737665501,28.388684556));
#16701=CARTESIAN_POINT('',(437.926962422,-243.070539735,27.765988874));
#16702=CARTESIAN_POINT('',(437.999999999,-243.249695525,27.43084652));
#16703=CARTESIAN_POINT('',(438.,-243.42891313,27.09558851));
#16704=CARTESIAN_POINT('',(435.160367338,-242.366461764,29.911881244));
#16705=CARTESIAN_POINT('',(435.539154251,-242.37428287,29.893128256));
#16706=CARTESIAN_POINT('',(435.913919746,-242.410000487,29.807089274));
#16707=CARTESIAN_POINT('',(436.602622178,-242.532199478,29.512558879));
#16708=CARTESIAN_POINT('',(436.916323087,-242.618638999,29.304168421));
#16709=CARTESIAN_POINT('',(437.438239553,-242.830027019,28.794490858));
#16710=CARTESIAN_POINT('',(437.646276243,-242.954903121,28.493378451));
#16711=CARTESIAN_POINT('',(437.927204605,-243.225436438,27.841020983));
#16712=CARTESIAN_POINT('',(437.999999999,-243.371001,27.489999524));
#16713=CARTESIAN_POINT('',(438.,-243.516615433,27.138857708));
#16714=CARTESIAN_POINT('',(435.164360857,-242.611433912,30.004235708));
#16715=CARTESIAN_POINT('',(435.54278729,-242.618155983,29.984540014));
#16716=CARTESIAN_POINT('',(435.917103236,-242.648278445,29.896004774));
#16717=CARTESIAN_POINT('',(436.604882255,-242.751089739,29.593704328));
#16718=CARTESIAN_POINT('',(436.91811044,-242.823743476,29.380042369));
#16719=CARTESIAN_POINT('',(437.439201719,-243.001333977,28.857738333));
#16720=CARTESIAN_POINT('',(437.646886852,-243.106210123,28.54927464));
#16721=CARTESIAN_POINT('',(437.927333881,-243.333381453,27.881097454));
#16722=CARTESIAN_POINT('',(438.,-243.455599096,27.521612164));
#16723=CARTESIAN_POINT('',(438.,-243.577858471,27.162004056));
#16724=CARTESIAN_POINT('',(435.170258558,-243.121952486,30.140636913));
#16725=CARTESIAN_POINT('',(435.548151926,-243.126160601,30.119525447));
#16726=CARTESIAN_POINT('',(435.92180363,-243.14445851,30.027286274));
#16727=CARTESIAN_POINT('',(436.608218725,-243.206668672,29.713489486));
#16728=CARTESIAN_POINT('',(436.920748907,-243.250559807,29.49203849));
#16729=CARTESIAN_POINT('',(437.440621916,-243.357760977,28.951090722));
#16730=CARTESIAN_POINT('',(437.647788117,-243.42103462,28.631777746));
#16731=CARTESIAN_POINT('',(437.927524679,-243.558057548,27.940258558));
#16732=CARTESIAN_POINT('',(438.,-243.631760317,27.568287301));
#16733=CARTESIAN_POINT('',(438.,-243.705488115,27.196189618));
#16734=CARTESIAN_POINT('',(435.172077527,-243.379787292,30.182712481));
#16735=CARTESIAN_POINT('',(435.549806034,-243.382620161,30.161149195));
#16736=CARTESIAN_POINT('',(435.923252654,-243.394868532,30.067756444));
#16737=CARTESIAN_POINT('',(436.609246951,-243.436480052,29.750400183));
#16738=CARTESIAN_POINT('',(436.921561934,-243.46582909,29.526544323));
#16739=CARTESIAN_POINT('',(437.44105945,-243.53750137,28.979848562));
#16740=CARTESIAN_POINT('',(437.648065764,-243.579800308,28.657194106));
#16741=CARTESIAN_POINT('',(437.927583446,-243.671396906,27.958489208));
#16742=CARTESIAN_POINT('',(437.999999998,-243.720663505,27.582675773));
#16743=CARTESIAN_POINT('',(438.,-243.769946815,27.206734816));
#16744=CARTESIAN_POINT('',(435.17287301,-243.662616501,30.201112951));
#16745=CARTESIAN_POINT('',(435.55052944,-243.663912344,30.17935273));
#16746=CARTESIAN_POINT('',(435.92388638,-243.669503834,30.085455976));
#16747=CARTESIAN_POINT('',(436.609696658,-243.688494783,29.76654366));
#16748=CARTESIAN_POINT('',(436.921917525,-243.701887805,29.541636201));
#16749=CARTESIAN_POINT('',(437.441250817,-243.734592681,28.992426599));
#16750=CARTESIAN_POINT('',(437.648187202,-243.753893449,28.668310622));
#16751=CARTESIAN_POINT('',(437.927609151,-243.795687755,27.966462638));
#16752=CARTESIAN_POINT('',(437.999999998,-243.818167125,27.588968537));
#16753=CARTESIAN_POINT('',(438.,-243.840654118,27.211346433));
#16754=CARTESIAN_POINT('',(435.172928147,-243.685151179,30.202388335));
#16755=CARTESIAN_POINT('',(435.550579581,-243.686324362,30.180614461));
#16756=CARTESIAN_POINT('',(435.923930305,-243.691385314,30.08668277));
#16757=CARTESIAN_POINT('',(436.609727828,-243.708573774,29.767662597));
#16758=CARTESIAN_POINT('',(436.921942172,-243.720695456,29.542682249));
#16759=CARTESIAN_POINT('',(437.441264081,-243.750295607,28.993298406));
#16760=CARTESIAN_POINT('',(437.648195619,-243.767764043,28.66908113));
#16761=CARTESIAN_POINT('',(437.927610933,-243.805590496,27.967015293));
#16762=CARTESIAN_POINT('',(437.999999998,-243.825935693,27.589404703));
#16763=CARTESIAN_POINT('',(438.,-243.846287787,27.211666076));
#16764=CARTESIAN_POINT('',(435.172975058,-243.707704616,30.203473439));
#16765=CARTESIAN_POINT('',(435.550622241,-243.70875489,30.181687946));
#16766=CARTESIAN_POINT('',(435.923967676,-243.713284756,30.087726529));
#16767=CARTESIAN_POINT('',(436.609754347,-243.728669099,29.768614588));
#16768=CARTESIAN_POINT('',(436.921963141,-243.739518361,29.543572225));
#16769=CARTESIAN_POINT('',(437.441275366,-243.766011232,28.994040138));
#16770=CARTESIAN_POINT('',(437.64820278,-243.78164586,28.669736676));
#16771=CARTESIAN_POINT('',(437.927612448,-243.8155013,27.967485493));
#16772=CARTESIAN_POINT('',(437.999999998,-243.833710636,27.589775795));
#16773=CARTESIAN_POINT('',(438.,-243.851926147,27.211938031));
#16774=B_SPLINE_SURFACE_WITH_KNOTS('',3,3,((#16534,#16535,#16536,#16537,#16538,#16539,#16540,#16541,#16542,#16543),(#16544,#16545,#16546,#16547,#16548,#16549,#16550,#16551,#16552,#16553),(#16554,#16555,#16556,#16557,#16558,#16559,#16560,#16561,#16562,#16563),(#16564,#16565,#16566,#16567,#16568,#16569,#16570,#16571,#16572,#16573),(#16574,#16575,#16576,#16577,#16578,#16579,#16580,#16581,#16582,#16583),(#16584,#16585,#16586,#16587,#16588,#16589,#16590,#16591,#16592,#16593),(#16594,#16595,#16596,#16597,#16598,#16599,#16600,#16601,#16602,#16603),(#16604,#16605,#16606,#16607,#16608,#16609,#16610,#16611,#16612,#16613),(#16614,#16615,#16616,#16617,#16618,#16619,#16620,#16621,#16622,#16623),(#16624,#16625,#16626,#16627,#16628,#16629,#16630,#16631,#16632,#16633),(#16634,#16635,#16636,#16637,#16638,#16639,#16640,#16641,#16642,#16643),(#16644,#16645,#16646,#16647,#16648,#16649,#16650,#16651,#16652,#16653),(#16654,#16655,#16656,#16657,#16658,#16659,#16660,#16661,#16662,#16663),(#16664,#16665,#16666,#16667,#16668,#16669,#16670,#16671,#16672,#16673),(#16674,#16675,#16676,#16677,#16678,#16679,#16680,#16681,#16682,#16683),(#16684,#16685,#16686,#16687,#16688,#16689,#16690,#16691,#16692,#16693),(#16694,#16695,#16696,#16697,#16698,#16699,#16700,#16701,#16702,#16703),(#16704,#16705,#16706,#16707,#16708,#16709,#16710,#16711,#16712,#16713),(#16714,#16715,#16716,#16717,#16718,#16719,#16720,#16721,#16722,#16723),(#16724,#16725,#16726,#16727,#16728,#16729,#16730,#16731,#16732,#16733),(#16734,#16735,#16736,#16737,#16738,#16739,#16740,#16741,#16742,#16743),(#16744,#16745,#16746,#16747,#16748,#16749,#16750,#16751,#16752,#16753),(#16754,#16755,#16756,#16757,#16758,#16759,#16760,#16761,#16762,#16763),(#16764,#16765,#16766,#16767,#16768,#16769,#16770,#16771,#16772,#16773)),.UNSPECIFIED.,.F.,.F.,.U.,(4,2,2,2,2,2,2,2,2,2,2,4),(4,2,2,2,4),(0.002607738,0.002639739,0.002737507,0.002933044,0.00312858,0.003324116,0.003519652,0.003617421,0.003715189,0.003910725,0.004106261,0.004123174),(0.,0.25,0.5,0.75,1.),.UNSPECIFIED.);
#16775=ORIENTED_EDGE('',*,*,#16528,.T.);
#16776=ORIENTED_EDGE('',*,*,#13831,.F.);
#16777=CARTESIAN_POINT('',(435.,-242.9,26.211421835));
#16778=DIRECTION('',(0.,0.,-1.));
#16779=DIRECTION('',(-1.,0.,0.));
#16780=AXIS2_PLACEMENT_3D('',#16777,#16778,#16779);
#16781=CIRCLE('',#16780,3.);
#16782=EDGE_CURVE('',#12644,#13805,#16781,.T.);
#16783=ORIENTED_EDGE('',*,*,#16782,.F.);
#16784=ORIENTED_EDGE('',*,*,#13689,.F.);
#16785=EDGE_LOOP('',(#16775,#16776,#16783,#16784));
#16786=FACE_BOUND('',#16785,.T.);
#16787=ADVANCED_FACE('',(#16786),#16774,.T.);
#16788=CARTESIAN_POINT('',(435.,-242.9,33.));
#16789=DIRECTION('',(0.,0.,-1.));
#16790=DIRECTION('',(-1.,0.,0.));
#16791=AXIS2_PLACEMENT_3D('',#16788,#16789,#16790);
#16792=CYLINDRICAL_SURFACE('',#16791,3.);
#16793=ORIENTED_EDGE('',*,*,#16782,.T.);
#16794=ORIENTED_EDGE('',*,*,#13810,.F.);
#16795=ORIENTED_EDGE('',*,*,#14864,.F.);
#16796=ORIENTED_EDGE('',*,*,#12676,.F.);
#16797=EDGE_LOOP('',(#16793,#16794,#16795,#16796));
#16798=FACE_BOUND('',#16797,.T.);
#16799=ADVANCED_FACE('',(#16798),#16792,.T.);
#16800=CARTESIAN_POINT('',(390.170802794,-268.9,25.432393413));
#16801=DIRECTION('',(1.,0.,0.));
#16802=DIRECTION('',(-0.,1.,0.));
#16803=AXIS2_PLACEMENT_3D('',#16800,#16801,#16802);
#16804=PLANE('',#16803);
#16805=ORIENTED_EDGE('',*,*,#12569,.F.);
#16806=CARTESIAN_POINT('',(390.170802794,-270.64378376,23.138792527));
#16807=DIRECTION('',(-0.,1.,0.));
#16808=VECTOR('',#16807,30.74378376);
#16809=LINE('',#16806,#16808);
#16810=EDGE_CURVE('',#12556,#12620,#16809,.T.);
#16811=ORIENTED_EDGE('',*,*,#16810,.T.);
#16812=ORIENTED_EDGE('',*,*,#12625,.F.);
#16813=ORIENTED_EDGE('',*,*,#13579,.F.);
#16814=CARTESIAN_POINT('',(390.170802794,-270.64378376,27.725994298));
#16815=DIRECTION('',(-0.,1.,0.));
#16816=VECTOR('',#16815,30.399241326);
#16817=LINE('',#16814,#16816);
#16818=EDGE_CURVE('',#12564,#13563,#16817,.T.);
#16819=ORIENTED_EDGE('',*,*,#16818,.F.);
#16820=EDGE_LOOP('',(#16805,#16811,#16812,#16813,#16819));
#16821=FACE_BOUND('',#16820,.T.);
#16822=ADVANCED_FACE('',(#16821),#16804,.T.);
#16823=CARTESIAN_POINT('',(395.601238063,-268.9,27.725994298));
#16824=DIRECTION('',(0.,0.,-1.));
#16825=DIRECTION('',(-1.,0.,0.));
#16826=AXIS2_PLACEMENT_3D('',#16823,#16824,#16825);
#16827=PLANE('',#16826);
#16828=ORIENTED_EDGE('',*,*,#16818,.T.);
#16829=ORIENTED_EDGE('',*,*,#13569,.F.);
#16830=CARTESIAN_POINT('',(401.031673331,-270.64378376,27.725994298));
#16831=DIRECTION('',(-0.,1.,0.));
#16832=VECTOR('',#16831,30.471680897);
#16833=LINE('',#16830,#16832);
#16834=EDGE_CURVE('',#12572,#13561,#16833,.T.);
#16835=ORIENTED_EDGE('',*,*,#16834,.F.);
#16836=ORIENTED_EDGE('',*,*,#12577,.F.);
#16837=EDGE_LOOP('',(#16828,#16829,#16835,#16836));
#16838=FACE_BOUND('',#16837,.T.);
#16839=ADVANCED_FACE('',(#16838),#16827,.T.);
#16840=CARTESIAN_POINT('',(401.031673331,-268.9,25.432393413));
#16841=DIRECTION('',(-1.,-0.,0.));
#16842=DIRECTION('',(0.,-1.,0.));
#16843=AXIS2_PLACEMENT_3D('',#16840,#16841,#16842);
#16844=PLANE('',#16843);
#16845=ORIENTED_EDGE('',*,*,#16834,.T.);
#16846=ORIENTED_EDGE('',*,*,#13700,.F.);
#16847=ORIENTED_EDGE('',*,*,#12641,.F.);
#16848=CARTESIAN_POINT('',(401.031673331,-270.64378376,23.138792527));
#16849=DIRECTION('',(-0.,1.,0.));
#16850=VECTOR('',#16849,30.74378376);
#16851=LINE('',#16848,#16850);
#16852=EDGE_CURVE('',#12554,#12628,#16851,.T.);
#16853=ORIENTED_EDGE('',*,*,#16852,.F.);
#16854=ORIENTED_EDGE('',*,*,#12583,.F.);
#16855=EDGE_LOOP('',(#16845,#16846,#16847,#16853,#16854));
#16856=FACE_BOUND('',#16855,.T.);
#16857=ADVANCED_FACE('',(#16856),#16844,.T.);
#16858=CARTESIAN_POINT('',(24.514670334,-419.620558423,25.1));
#16859=DIRECTION('',(0.,0.,1.));
#16860=DIRECTION('',(1.,0.,-0.));
#16861=AXIS2_PLACEMENT_3D('',#16858,#16859,#16860);
#16862=CYLINDRICAL_SURFACE('',#16861,1.45);
#16863=CARTESIAN_POINT('',(25.964670334,-419.620558423,25.1));
#16864=VERTEX_POINT('',#16863);
#16865=CARTESIAN_POINT('',(25.964670334,-419.620558423,30.));
#16866=DIRECTION('',(-0.,-0.,-1.));
#16867=VECTOR('',#16866,4.9);
#16868=LINE('',#16865,#16867);
#16869=EDGE_CURVE('',#14459,#16864,#16868,.T.);
#16870=ORIENTED_EDGE('',*,*,#16869,.F.);
#16871=ORIENTED_EDGE('',*,*,#14465,.T.);
#16872=ORIENTED_EDGE('',*,*,#16869,.T.);
#16873=CARTESIAN_POINT('',(24.514670334,-419.620558423,25.1));
#16874=DIRECTION('',(0.,0.,1.));
#16875=DIRECTION('',(1.,0.,-0.));
#16876=AXIS2_PLACEMENT_3D('',#16873,#16874,#16875);
#16877=CIRCLE('',#16876,1.45);
#16878=EDGE_CURVE('',#16864,#16864,#16877,.T.);
#16879=ORIENTED_EDGE('',*,*,#16878,.F.);
#16880=EDGE_LOOP('',(#16870,#16871,#16872,#16879));
#16881=FACE_BOUND('',#16880,.T.);
#16882=ADVANCED_FACE('',(#16881),#16862,.F.);
#16883=CARTESIAN_POINT('',(0.,0.,25.1));
#16884=DIRECTION('',(0.,0.,1.));
#16885=DIRECTION('',(1.,0.,0.));
#16886=AXIS2_PLACEMENT_3D('',#16883,#16884,#16885);
#16887=PLANE('',#16886);
#16888=ORIENTED_EDGE('',*,*,#16878,.T.);
#16889=EDGE_LOOP('',(#16888));
#16890=FACE_BOUND('',#16889,.T.);
#16891=ADVANCED_FACE('',(#16890),#16887,.T.);
#16892=CARTESIAN_POINT('',(27.59724819,-254.277985524,25.));
#16893=DIRECTION('',(0.,0.,1.));
#16894=DIRECTION('',(1.,0.,-0.));
#16895=AXIS2_PLACEMENT_3D('',#16892,#16893,#16894);
#16896=CYLINDRICAL_SURFACE('',#16895,1.45);
#16897=CARTESIAN_POINT('',(29.04724819,-254.277985524,29.387732872));
#16898=VERTEX_POINT('',#16897);
#16899=CARTESIAN_POINT('',(29.04724819,-254.277985524,25.));
#16900=VERTEX_POINT('',#16899);
#16901=CARTESIAN_POINT('',(29.04724819,-254.277985524,29.387732872));
#16902=DIRECTION('',(-0.,-0.,-1.));
#16903=VECTOR('',#16902,4.387732872);
#16904=LINE('',#16901,#16903);
#16905=EDGE_CURVE('',#16898,#16900,#16904,.T.);
#16906=ORIENTED_EDGE('',*,*,#16905,.F.);
#16907=CARTESIAN_POINT('',(26.266418505,-253.702318652,29.387732872));
#16908=VERTEX_POINT('',#16907);
#16909=CARTESIAN_POINT('',(27.59724819,-254.277985524,29.387732872));
#16910=DIRECTION('',(-0.,-0.,-1.));
#16911=DIRECTION('',(1.,0.,-0.));
#16912=AXIS2_PLACEMENT_3D('',#16909,#16910,#16911);
#16913=CIRCLE('',#16912,1.45);
#16914=EDGE_CURVE('',#16908,#16898,#16913,.T.);
#16915=ORIENTED_EDGE('',*,*,#16914,.F.);
#16916=CARTESIAN_POINT('',(26.266418505,-253.702318652,29.387732872));
#16917=DIRECTION('',(0.,0.,1.));
#16918=VECTOR('',#16917,0.612267128);
#16919=LINE('',#16916,#16918);
#16920=EDGE_CURVE('',#16908,#14365,#16919,.T.);
#16921=ORIENTED_EDGE('',*,*,#16920,.T.);
#16922=ORIENTED_EDGE('',*,*,#14387,.T.);
#16923=CARTESIAN_POINT('',(28.951957351,-254.794960467,29.387732872));
#16924=VERTEX_POINT('',#16923);
#16925=CARTESIAN_POINT('',(28.951957351,-254.794960467,30.));
#16926=DIRECTION('',(-0.,-0.,-1.));
#16927=VECTOR('',#16926,0.612267128);
#16928=LINE('',#16925,#16927);
#16929=EDGE_CURVE('',#14374,#16924,#16928,.T.);
#16930=ORIENTED_EDGE('',*,*,#16929,.T.);
#16931=CARTESIAN_POINT('',(27.59724819,-254.277985524,29.387732872));
#16932=DIRECTION('',(-0.,-0.,-1.));
#16933=DIRECTION('',(1.,0.,-0.));
#16934=AXIS2_PLACEMENT_3D('',#16931,#16932,#16933);
#16935=CIRCLE('',#16934,1.45);
#16936=EDGE_CURVE('',#16898,#16924,#16935,.T.);
#16937=ORIENTED_EDGE('',*,*,#16936,.F.);
#16938=ORIENTED_EDGE('',*,*,#16905,.T.);
#16939=CARTESIAN_POINT('',(27.59724819,-254.277985524,25.));
#16940=DIRECTION('',(0.,0.,1.));
#16941=DIRECTION('',(1.,0.,-0.));
#16942=AXIS2_PLACEMENT_3D('',#16939,#16940,#16941);
#16943=CIRCLE('',#16942,1.45);
#16944=EDGE_CURVE('',#16900,#16900,#16943,.T.);
#16945=ORIENTED_EDGE('',*,*,#16944,.F.);
#16946=EDGE_LOOP('',(#16906,#16915,#16921,#16922,#16930,#16937,#16938,#16945));
#16947=FACE_BOUND('',#16946,.T.);
#16948=ADVANCED_FACE('',(#16947),#16896,.F.);
#16949=CARTESIAN_POINT('',(0.,0.,25.));
#16950=DIRECTION('',(0.,0.,1.));
#16951=DIRECTION('',(1.,0.,0.));
#16952=AXIS2_PLACEMENT_3D('',#16949,#16950,#16951);
#16953=PLANE('',#16952);
#16954=ORIENTED_EDGE('',*,*,#16944,.T.);
#16955=EDGE_LOOP('',(#16954));
#16956=FACE_BOUND('',#16955,.T.);
#16957=ADVANCED_FACE('',(#16956),#16953,.T.);
#16958=CARTESIAN_POINT('',(426.30747761,-416.495620283,25.));
#16959=DIRECTION('',(0.,0.,1.));
#16960=DIRECTION('',(1.,0.,-0.));
#16961=AXIS2_PLACEMENT_3D('',#16958,#16959,#16960);
#16962=CYLINDRICAL_SURFACE('',#16961,1.45);
#16963=CARTESIAN_POINT('',(427.75747761,-416.495620283,25.));
#16964=VERTEX_POINT('',#16963);
#16965=CARTESIAN_POINT('',(427.75747761,-416.495620283,30.));
#16966=DIRECTION('',(-0.,-0.,-1.));
#16967=VECTOR('',#16966,5.);
#16968=LINE('',#16965,#16967);
#16969=EDGE_CURVE('',#14448,#16964,#16968,.T.);
#16970=ORIENTED_EDGE('',*,*,#16969,.F.);
#16971=ORIENTED_EDGE('',*,*,#14454,.T.);
#16972=ORIENTED_EDGE('',*,*,#16969,.T.);
#16973=CARTESIAN_POINT('',(426.30747761,-416.495620283,25.));
#16974=DIRECTION('',(0.,0.,1.));
#16975=DIRECTION('',(1.,0.,-0.));
#16976=AXIS2_PLACEMENT_3D('',#16973,#16974,#16975);
#16977=CIRCLE('',#16976,1.45);
#16978=EDGE_CURVE('',#16964,#16964,#16977,.T.);
#16979=ORIENTED_EDGE('',*,*,#16978,.F.);
#16980=EDGE_LOOP('',(#16970,#16971,#16972,#16979));
#16981=FACE_BOUND('',#16980,.T.);
#16982=ADVANCED_FACE('',(#16981),#16962,.F.);
#16983=CARTESIAN_POINT('',(0.,0.,25.));
#16984=DIRECTION('',(0.,0.,1.));
#16985=DIRECTION('',(1.,0.,0.));
#16986=AXIS2_PLACEMENT_3D('',#16983,#16984,#16985);
#16987=PLANE('',#16986);
#16988=ORIENTED_EDGE('',*,*,#16978,.T.);
#16989=EDGE_LOOP('',(#16988));
#16990=FACE_BOUND('',#16989,.T.);
#16991=ADVANCED_FACE('',(#16990),#16987,.T.);
#16992=CARTESIAN_POINT('',(423.434055304,-256.289861739,25.));
#16993=CARTESIAN_POINT('',(423.348032999,-256.320064028,27.8));
#16994=CARTESIAN_POINT('',(423.262010693,-256.350266318,30.6));
#16995=CARTESIAN_POINT('',(423.175988388,-256.380468607,33.4));
#16996=CARTESIAN_POINT('',(423.434055304,-256.100082724,25.));
#16997=CARTESIAN_POINT('',(423.348032999,-256.130285014,27.8));
#16998=CARTESIAN_POINT('',(423.262010693,-256.160487303,30.6));
#16999=CARTESIAN_POINT('',(423.175988388,-256.190689592,33.4));
#17000=CARTESIAN_POINT('',(423.358556518,-255.720524695,25.));
#17001=CARTESIAN_POINT('',(423.272534213,-255.750726984,27.8));
#17002=CARTESIAN_POINT('',(423.186511907,-255.780929273,30.6));
#17003=CARTESIAN_POINT('',(423.100489602,-255.811131563,33.4));
#17004=CARTESIAN_POINT('',(423.036052989,-255.237864055,25.));
#17005=CARTESIAN_POINT('',(422.950030683,-255.268066344,27.8));
#17006=CARTESIAN_POINT('',(422.864008378,-255.298268633,30.6));
#17007=CARTESIAN_POINT('',(422.777986073,-255.328470922,33.4));
#17008=CARTESIAN_POINT('',(422.553392349,-254.915360525,25.));
#17009=CARTESIAN_POINT('',(422.467370043,-254.945562815,27.8));
#17010=CARTESIAN_POINT('',(422.381347738,-254.975765104,30.6));
#17011=CARTESIAN_POINT('',(422.295325432,-255.005967393,33.4));
#17012=CARTESIAN_POINT('',(421.984055304,-254.802112346,25.));
#17013=CARTESIAN_POINT('',(421.898032999,-254.832314635,27.8));
#17014=CARTESIAN_POINT('',(421.812010693,-254.862516925,30.6));
#17015=CARTESIAN_POINT('',(421.725988388,-254.892719214,33.4));
#17016=CARTESIAN_POINT('',(421.41471826,-254.915360525,25.));
#17017=CARTESIAN_POINT('',(421.328695955,-254.945562815,27.8));
#17018=CARTESIAN_POINT('',(421.242673649,-254.975765104,30.6));
#17019=CARTESIAN_POINT('',(421.156651344,-255.005967393,33.4));
#17020=CARTESIAN_POINT('',(420.93205762,-255.237864055,25.));
#17021=CARTESIAN_POINT('',(420.846035314,-255.268066344,27.8));
#17022=CARTESIAN_POINT('',(420.760013009,-255.298268633,30.6));
#17023=CARTESIAN_POINT('',(420.673990703,-255.328470922,33.4));
#17024=CARTESIAN_POINT('',(420.609554091,-255.720524695,25.));
#17025=CARTESIAN_POINT('',(420.523531785,-255.750726984,27.8));
#17026=CARTESIAN_POINT('',(420.43750948,-255.780929273,30.6));
#17027=CARTESIAN_POINT('',(420.351487174,-255.811131563,33.4));
#17028=CARTESIAN_POINT('',(420.496305911,-256.289861739,25.));
#17029=CARTESIAN_POINT('',(420.410283606,-256.320064028,27.8));
#17030=CARTESIAN_POINT('',(420.3242613,-256.350266318,30.6));
#17031=CARTESIAN_POINT('',(420.238238995,-256.380468607,33.4));
#17032=CARTESIAN_POINT('',(420.609554091,-256.859198783,25.));
#17033=CARTESIAN_POINT('',(420.523531785,-256.889401073,27.8));
#17034=CARTESIAN_POINT('',(420.43750948,-256.919603362,30.6));
#17035=CARTESIAN_POINT('',(420.351487174,-256.949805651,33.4));
#17036=CARTESIAN_POINT('',(420.93205762,-257.341859424,25.));
#17037=CARTESIAN_POINT('',(420.846035314,-257.372061713,27.8));
#17038=CARTESIAN_POINT('',(420.760013009,-257.402264002,30.6));
#17039=CARTESIAN_POINT('',(420.673990703,-257.432466292,33.4));
#17040=CARTESIAN_POINT('',(421.41471826,-257.664362953,25.));
#17041=CARTESIAN_POINT('',(421.328695955,-257.694565242,27.8));
#17042=CARTESIAN_POINT('',(421.242673649,-257.724767531,30.6));
#17043=CARTESIAN_POINT('',(421.156651344,-257.754969821,33.4));
#17044=CARTESIAN_POINT('',(421.984055304,-257.777611132,25.));
#17045=CARTESIAN_POINT('',(421.898032999,-257.807813422,27.8));
#17046=CARTESIAN_POINT('',(421.812010693,-257.838015711,30.6));
#17047=CARTESIAN_POINT('',(421.725988388,-257.868218,33.4));
#17048=CARTESIAN_POINT('',(422.553392349,-257.664362953,25.));
#17049=CARTESIAN_POINT('',(422.467370043,-257.694565242,27.8));
#17050=CARTESIAN_POINT('',(422.381347738,-257.724767531,30.6));
#17051=CARTESIAN_POINT('',(422.295325432,-257.754969821,33.4));
#17052=CARTESIAN_POINT('',(423.036052989,-257.341859424,25.));
#17053=CARTESIAN_POINT('',(422.950030683,-257.372061713,27.8));
#17054=CARTESIAN_POINT('',(422.864008378,-257.402264002,30.6));
#17055=CARTESIAN_POINT('',(422.777986073,-257.432466292,33.4));
#17056=CARTESIAN_POINT('',(423.358556518,-256.859198783,25.));
#17057=CARTESIAN_POINT('',(423.272534213,-256.889401073,27.8));
#17058=CARTESIAN_POINT('',(423.186511907,-256.919603362,30.6));
#17059=CARTESIAN_POINT('',(423.100489602,-256.949805651,33.4));
#17060=CARTESIAN_POINT('',(423.434055304,-256.479640754,25.));
#17061=CARTESIAN_POINT('',(423.348032999,-256.509843043,27.8));
#17062=CARTESIAN_POINT('',(423.262010693,-256.540045332,30.6));
#17063=CARTESIAN_POINT('',(423.175988388,-256.570247622,33.4));
#17064=CARTESIAN_POINT('',(423.434055304,-256.289861739,25.));
#17065=CARTESIAN_POINT('',(423.348032999,-256.320064028,27.8));
#17066=CARTESIAN_POINT('',(423.262010693,-256.350266318,30.6));
#17067=CARTESIAN_POINT('',(423.175988388,-256.380468607,33.4));
#17068=B_SPLINE_SURFACE_WITH_KNOTS('',3,3,((#16992,#16993,#16994,#16995),(#16996,#16997,#16998,#16999),(#17000,#17001,#17002,#17003),(#17004,#17005,#17006,#17007),(#17008,#17009,#17010,#17011),(#17012,#17013,#17014,#17015),(#17016,#17017,#17018,#17019),(#17020,#17021,#17022,#17023),(#17024,#17025,#17026,#17027),(#17028,#17029,#17030,#17031),(#17032,#17033,#17034,#17035),(#17036,#17037,#17038,#17039),(#17040,#17041,#17042,#17043),(#17044,#17045,#17046,#17047),(#17048,#17049,#17050,#17051),(#17052,#17053,#17054,#17055),(#17056,#17057,#17058,#17059),(#17060,#17061,#17062,#17063),(#17064,#17065,#17066,#17067)),.UNSPECIFIED.,.T.,.F.,.U.,(4,1,1,1,1,1,1,1,1,1,1,1,1,1,1,1,4),(4,4),(0.,0.0625,0.125,0.1875,0.25,0.3125,0.375,0.4375,0.5,0.5625,0.625,0.6875,0.75,0.8125,0.875,0.9375,1.),(0.,1.),.UNSPECIFIED.);
#17069=CARTESIAN_POINT('',(423.434055304,-256.289861737,25.));
#17070=VERTEX_POINT('',#17069);
#17071=CARTESIAN_POINT('',(423.175988388,-256.380468607,33.4));
#17072=CARTESIAN_POINT('',(423.262010693,-256.350266318,30.6));
#17073=CARTESIAN_POINT('',(423.348032999,-256.320064028,27.8));
#17074=CARTESIAN_POINT('',(423.434055304,-256.289861739,25.));
#17075=B_SPLINE_CURVE_WITH_KNOTS('',3,(#17071,#17072,#17073,#17074),.UNSPECIFIED.,.F.,.F.,(4,4),(0.,1.),.UNSPECIFIED.);
#17076=EDGE_CURVE('',#14392,#17070,#17075,.T.);
#17077=ORIENTED_EDGE('',*,*,#17076,.F.);
#17078=ORIENTED_EDGE('',*,*,#14443,.T.);
#17079=ORIENTED_EDGE('',*,*,#17076,.T.);
#17080=CARTESIAN_POINT('',(423.434055304,-256.289861739,25.));
#17081=CARTESIAN_POINT('',(423.434055304,-256.001724949,25.));
#17082=CARTESIAN_POINT('',(423.323680626,-255.734970762,25.));
#17083=CARTESIAN_POINT('',(423.213617322,-255.468969104,25.));
#17084=CARTESIAN_POINT('',(423.009360137,-255.264556906,25.));
#17085=CARTESIAN_POINT('',(422.805880475,-255.060922822,25.));
#17086=CARTESIAN_POINT('',(422.538946281,-254.950236417,25.));
#17087=CARTESIAN_POINT('',(422.273028196,-254.83997135,25.));
#17088=CARTESIAN_POINT('',(421.984055304,-254.839861739,25.));
#17089=CARTESIAN_POINT('',(421.696182413,-254.839752546,25.));
#17090=CARTESIAN_POINT('',(421.429164327,-254.950236417,25.));
#17091=CARTESIAN_POINT('',(421.163162669,-255.060299722,25.));
#17092=CARTESIAN_POINT('',(420.958750472,-255.264556906,25.));
#17093=CARTESIAN_POINT('',(420.755116387,-255.468036569,25.));
#17094=CARTESIAN_POINT('',(420.644429982,-255.734970762,25.));
#17095=CARTESIAN_POINT('',(420.534164915,-256.000888848,25.));
#17096=CARTESIAN_POINT('',(420.534055304,-256.289861739,25.));
#17097=CARTESIAN_POINT('',(420.533946111,-256.57773463,25.));
#17098=CARTESIAN_POINT('',(420.644429982,-256.844752716,25.));
#17099=CARTESIAN_POINT('',(420.754493287,-257.110754375,25.));
#17100=CARTESIAN_POINT('',(420.958750472,-257.315166572,25.));
#17101=CARTESIAN_POINT('',(421.162230134,-257.518800657,25.));
#17102=CARTESIAN_POINT('',(421.429164327,-257.629487061,25.));
#17103=CARTESIAN_POINT('',(421.695082413,-257.739752129,25.));
#17104=CARTESIAN_POINT('',(421.984055304,-257.739861739,25.));
#17105=CARTESIAN_POINT('',(422.271928196,-257.739970932,25.));
#17106=CARTESIAN_POINT('',(422.538946281,-257.629487061,25.));
#17107=CARTESIAN_POINT('',(422.80494794,-257.519423756,25.));
#17108=CARTESIAN_POINT('',(423.009360137,-257.315166572,25.));
#17109=CARTESIAN_POINT('',(423.212994222,-257.11168691,25.));
#17110=CARTESIAN_POINT('',(423.323680626,-256.844752716,25.));
#17111=CARTESIAN_POINT('',(423.434055304,-256.578570291,25.));
#17112=CARTESIAN_POINT('',(423.434055304,-256.289861739,25.));
#17113=B_SPLINE_CURVE_WITH_KNOTS('',2,(#17080,#17081,#17082,#17083,#17084,#17085,#17086,#17087,#17088,#17089,#17090,#17091,#17092,#17093,#17094,#17095,#17096,#17097,#17098,#17099,#17100,#17101,#17102,#17103,#17104,#17105,
#17106,#17107,#17108,#17109,#17110,#17111,#17112),.UNSPECIFIED.,.T.,.F.,(3,2,2,2,2,2,2,2,2,2,2,2,2,2,2,2,3),(0.,0.0625,0.125,0.1875,0.25,0.3125,0.375,0.4375,0.5,0.5625,0.625,0.6875,0.75,0.8125,0.875,0.9375,1.),.UNSPECIFIED.);
#17114=EDGE_CURVE('',#17070,#17070,#17113,.T.);
#17115=ORIENTED_EDGE('',*,*,#17114,.F.);
#17116=EDGE_LOOP('',(#17077,#17078,#17079,#17115));
#17117=FACE_BOUND('',#17116,.T.);
#17118=ADVANCED_FACE('',(#17117),#17068,.F.);
#17119=CARTESIAN_POINT('',(0.,0.,25.));
#17120=DIRECTION('',(0.,0.,1.));
#17121=DIRECTION('',(1.,0.,0.));
#17122=AXIS2_PLACEMENT_3D('',#17119,#17120,#17121);
#17123=PLANE('',#17122);
#17124=ORIENTED_EDGE('',*,*,#17114,.T.);
#17125=EDGE_LOOP('',(#17124));
#17126=FACE_BOUND('',#17125,.T.);
#17127=ADVANCED_FACE('',(#17126),#17123,.T.);
#17128=CARTESIAN_POINT('',(395.601238063,-271.9,23.138792527));
#17129=DIRECTION('',(0.,0.,1.));
#17130=DIRECTION('',(1.,0.,0.));
#17131=AXIS2_PLACEMENT_3D('',#17128,#17129,#17130);
#17132=PLANE('',#17131);
#17133=ORIENTED_EDGE('',*,*,#16852,.T.);
#17134=ORIENTED_EDGE('',*,*,#12633,.F.);
#17135=ORIENTED_EDGE('',*,*,#16810,.F.);
#17136=ORIENTED_EDGE('',*,*,#12561,.F.);
#17137=EDGE_LOOP('',(#17133,#17134,#17135,#17136));
#17138=FACE_BOUND('',#17137,.T.);
#17139=ADVANCED_FACE('',(#17138),#17132,.T.);
#17140=CARTESIAN_POINT('',(27.621127665,-254.219293594,29.387732872));
#17141=DIRECTION('',(0.,0.,1.));
#17142=DIRECTION('',(1.,0.,-0.));
#17143=AXIS2_PLACEMENT_3D('',#17140,#17141,#17142);
#17144=CYLINDRICAL_SURFACE('',#17143,1.45);
#17145=CARTESIAN_POINT('',(29.071127665,-254.219293594,29.387732872));
#17146=VERTEX_POINT('',#17145);
#17147=CARTESIAN_POINT('',(29.071127665,-254.219293594,30.));
#17148=DIRECTION('',(-0.,-0.,-1.));
#17149=VECTOR('',#17148,0.612267128);
#17150=LINE('',#17147,#17149);
#17151=EDGE_CURVE('',#14363,#17146,#17150,.T.);
#17152=ORIENTED_EDGE('',*,*,#17151,.F.);
#17153=ORIENTED_EDGE('',*,*,#14371,.T.);
#17154=ORIENTED_EDGE('',*,*,#16920,.F.);
#17155=CARTESIAN_POINT('',(27.621127665,-254.219293594,29.387732872));
#17156=DIRECTION('',(0.,0.,1.));
#17157=DIRECTION('',(1.,0.,-0.));
#17158=AXIS2_PLACEMENT_3D('',#17155,#17156,#17157);
#17159=CIRCLE('',#17158,1.45);
#17160=EDGE_CURVE('',#17146,#16908,#17159,.T.);
#17161=ORIENTED_EDGE('',*,*,#17160,.F.);
#17162=EDGE_LOOP('',(#17152,#17153,#17154,#17161));
#17163=FACE_BOUND('',#17162,.T.);
#17164=ADVANCED_FACE('',(#17163),#17144,.F.);
#17165=CARTESIAN_POINT('',(0.,0.,29.387732872));
#17166=DIRECTION('',(0.,0.,1.));
#17167=DIRECTION('',(1.,0.,0.));
#17168=AXIS2_PLACEMENT_3D('',#17165,#17166,#17167);
#17169=PLANE('',#17168);
#17170=ORIENTED_EDGE('',*,*,#16914,.T.);
#17171=ORIENTED_EDGE('',*,*,#16936,.T.);
#17172=CARTESIAN_POINT('',(27.621127665,-254.219293594,29.387732872));
#17173=DIRECTION('',(0.,0.,1.));
#17174=DIRECTION('',(1.,0.,-0.));
#17175=AXIS2_PLACEMENT_3D('',#17172,#17173,#17174);
#17176=CIRCLE('',#17175,1.45);
#17177=EDGE_CURVE('',#16924,#17146,#17176,.T.);
#17178=ORIENTED_EDGE('',*,*,#17177,.T.);
#17179=ORIENTED_EDGE('',*,*,#17160,.T.);
#17180=EDGE_LOOP('',(#17170,#17171,#17178,#17179));
#17181=FACE_BOUND('',#17180,.T.);
#17182=ADVANCED_FACE('',(#17181),#17169,.T.);
#17183=CARTESIAN_POINT('',(27.621127665,-254.219293594,29.387732872));
#17184=DIRECTION('',(0.,0.,1.));
#17185=DIRECTION('',(1.,0.,-0.));
#17186=AXIS2_PLACEMENT_3D('',#17183,#17184,#17185);
#17187=CYLINDRICAL_SURFACE('',#17186,1.45);
#17188=ORIENTED_EDGE('',*,*,#17151,.T.);
#17189=ORIENTED_EDGE('',*,*,#17177,.F.);
#17190=ORIENTED_EDGE('',*,*,#16929,.F.);
#17191=ORIENTED_EDGE('',*,*,#14380,.T.);
#17192=EDGE_LOOP('',(#17188,#17189,#17190,#17191));
#17193=FACE_BOUND('',#17192,.T.);
#17194=ADVANCED_FACE('',(#17193),#17187,.F.);
#17195=CLOSED_SHELL('',(#12587,#12694,#13704,#13744,#13766,#13788,#13923,#14000,#14551,#14852,#14952,#14964,#15442,#15496,#15513,#15525,#16059,#16533,#16787,#16799,#16822,#16839,#16857,#16882,#16891,#16948,
#16957,#16982,#16991,#17118,#17127,#17139,#17164,#17182,#17194));
#17196=MANIFOLD_SOLID_BREP('Body 484',#17195);
#12513=STYLED_ITEM('',(#12512),#17196);
#16=SHAPE_REPRESENTATION('root',(#15),#10);
#17=ADVANCED_BREP_SHAPE_REPRESENTATION('root',(#12505,#17196),#10);
#17204=SHAPE_REPRESENTATION_RELATIONSHIP('','',#16,#17);
#17205=CARTESIAN_POINT('',(0.,0.,0.));
#17206=DIRECTION('',(0.,0.,1.));
#17207=DIRECTION('',(1.,0.,0.));
#17208=AXIS2_PLACEMENT_3D('',#17205,#17206,#17207);
#17210=MAPPED_ITEM('',#17209,#17208);
#17209=REPRESENTATION_MAP(#17208,#16);
#17211=APPLICATION_CONTEXT('Managed model based 3d engineering');
#17212=APPLICATION_PROTOCOL_DEFINITION('international standard','ap242_managed_model_based_3d_engineering',2014,#17211);
#17213=PRODUCT_CONTEXT('',#17211,'mechanical');
#17214=PRODUCT_DEFINITION_CONTEXT('part definition',#17211,'design');
#24=PRODUCT('root','root','',(#17213));
#17215=PRODUCT_RELATED_PRODUCT_CATEGORY('part','',(#24));
#17216=PRODUCT_DEFINITION_FORMATION_WITH_SPECIFIED_SOURCE('','',#24,.NOT_KNOWN.);
#25=PRODUCT_DEFINITION('design','',#17216,#17214);
#23=PRODUCT_DEFINITION_SHAPE('','',#25);
#17217=SHAPE_DEFINITION_REPRESENTATION(#23,#16);
#11=DRAUGHTING_MODEL('',(#17210),#10);
#17218=DESCRIPTIVE_REPRESENTATION_ITEM('KEY','/private/var/mobile/Containers/Data/Application/701E9586-0BE6-47CC-BE51-8900D4837859/tmp/41C1712B-2DE6-4485-A302-46D63A1155A7.tmp');
#17219=PROPERTY_DEFINITION('KEY','',#25);
#17220=REPRESENTATION('',(#17218),#10);
#17221=PROPERTY_DEFINITION_REPRESENTATION(#17219,#17220);
#17222=GENERAL_PROPERTY('','KEY','');
#17223=GENERAL_PROPERTY_ASSOCIATION('','',#17222,#17219);
#1=MECHANICAL_DESIGN_GEOMETRIC_PRESENTATION_REPRESENTATION('',(#26,#12513),#10);
ENDSEC;
END-ISO-10303-21;
